BoroughName,BoroughName_std,Year,MajorText,CrimeCount,Code,Area_name,Area_name_std,Population,CrimeRate_per_1000,CrimeRate_per_100k
Barking And Dagenham,barking and dagenham,2010,Arson And Criminal Damage,1790,E09000002,Barking and Dagenham,barking and dagenham,182838,9.790087399774665,979.0087399774665
Barking And Dagenham,barking and dagenham,2010,Burglary,3206,E09000002,Barking and Dagenham,barking and dagenham,182838,17.53464815847909,1753.464815847909
Barking And Dagenham,barking and dagenham,2010,Drug Offences,802,E09000002,Barking and Dagenham,barking and dagenham,182838,4.386396700904626,438.6396700904626
Barking And Dagenham,barking and dagenham,2010,Fraud And Forgery,457,E09000002,Barking and Dagenham,barking and dagenham,182838,2.4994804143558778,249.94804143558778
Barking And Dagenham,barking and dagenham,2010,Miscellaneous Crimes Against Society,147,E09000002,Barking and Dagenham,barking and dagenham,182838,0.8039904177468579,80.3990417746858
Barking And Dagenham,barking and dagenham,2010,Possession Of Weapons,102,E09000002,Barking and Dagenham,barking and dagenham,182838,0.5578709021100646,55.787090211006465
Barking And Dagenham,barking and dagenham,2010,Public Order Offences,294,E09000002,Barking and Dagenham,barking and dagenham,182838,1.6079808354937157,160.7980835493716
Barking And Dagenham,barking and dagenham,2010,Robbery,616,E09000002,Barking and Dagenham,barking and dagenham,182838,3.3691027029392138,336.91027029392137
Barking And Dagenham,barking and dagenham,2010,Sexual Offences,160,E09000002,Barking and Dagenham,barking and dagenham,182838,0.8750916111530426,87.50916111530427
Barking And Dagenham,barking and dagenham,2010,Theft,2990,E09000002,Barking and Dagenham,barking and dagenham,182838,16.353274483422485,1635.3274483422483
Barking And Dagenham,barking and dagenham,2010,Vehicle Offences,2196,E09000002,Barking and Dagenham,barking and dagenham,182838,12.010632363075509,1201.0632363075508
Barking And Dagenham,barking and dagenham,2010,Violence Against The Person,3073,E09000002,Barking and Dagenham,barking and dagenham,182838,16.807228256708125,1680.7228256708124
Barking And Dagenham,barking and dagenham,2011,Arson And Criminal Damage,2124,E09000002,Barking and Dagenham,barking and dagenham,187418,11.332956279546254,1133.2956279546254
Barking And Dagenham,barking and dagenham,2011,Burglary,4688,E09000002,Barking and Dagenham,barking and dagenham,187418,25.013605950335613,2501.3605950335614
Barking And Dagenham,barking and dagenham,2011,Drug Offences,977,E09000002,Barking and Dagenham,barking and dagenham,187418,5.212946461919346,521.2946461919346
Barking And Dagenham,barking and dagenham,2011,Fraud And Forgery,585,E09000002,Barking and Dagenham,barking and dagenham,187418,3.121365076993672,312.1365076993672
Barking And Dagenham,barking and dagenham,2011,Miscellaneous Crimes Against Society,168,E09000002,Barking and Dagenham,barking and dagenham,187418,0.8963920221110032,89.63920221110033
Barking And Dagenham,barking and dagenham,2011,Possession Of Weapons,108,E09000002,Barking and Dagenham,barking and dagenham,187418,0.5762520142142163,57.625201421421636
Barking And Dagenham,barking and dagenham,2011,Public Order Offences,381,E09000002,Barking and Dagenham,barking and dagenham,187418,2.032889050144597,203.2889050144597
Barking And Dagenham,barking and dagenham,2011,Robbery,997,E09000002,Barking and Dagenham,barking and dagenham,187418,5.319659797884941,531.9659797884941
Barking And Dagenham,barking and dagenham,2011,Sexual Offences,246,E09000002,Barking and Dagenham,barking and dagenham,187418,1.3125740323768262,131.2574032376826
Barking And Dagenham,barking and dagenham,2011,Theft,3811,E09000002,Barking and Dagenham,barking and dagenham,187418,20.334226168244246,2033.4226168244245
Barking And Dagenham,barking and dagenham,2011,Vehicle Offences,2910,E09000002,Barking and Dagenham,barking and dagenham,187418,15.526790382994163,1552.6790382994163
Barking And Dagenham,barking and dagenham,2011,Violence Against The Person,3560,E09000002,Barking and Dagenham,barking and dagenham,187418,18.994973801876018,1899.497380187602
Barking And Dagenham,barking and dagenham,2012,Arson And Criminal Damage,1676,E09000002,Barking and Dagenham,barking and dagenham,190949,8.777212763617511,877.721276361751
Barking And Dagenham,barking and dagenham,2012,Burglary,4888,E09000002,Barking and Dagenham,barking and dagenham,190949,25.598458227065866,2559.8458227065867
Barking And Dagenham,barking and dagenham,2012,Drug Offences,957,E09000002,Barking and Dagenham,barking and dagenham,190949,5.011809436027421,501.18094360274205
Barking And Dagenham,barking and dagenham,2012,Fraud And Forgery,716,E09000002,Barking and Dagenham,barking and dagenham,190949,3.7496923262232325,374.9692326223232
Barking And Dagenham,barking and dagenham,2012,Miscellaneous Crimes Against Society,134,E09000002,Barking and Dagenham,barking and dagenham,190949,0.7017580610529514,70.17580610529514
Barking And Dagenham,barking and dagenham,2012,Possession Of Weapons,82,E09000002,Barking and Dagenham,barking and dagenham,190949,0.42943403736076124,42.94340373607613
Barking And Dagenham,barking and dagenham,2012,Public Order Offences,442,E09000002,Barking and Dagenham,barking and dagenham,190949,2.3147542013836158,231.47542013836156
Barking And Dagenham,barking and dagenham,2012,Robbery,733,E09000002,Barking and Dagenham,barking and dagenham,190949,3.8387213339687563,383.8721333968756
Barking And Dagenham,barking and dagenham,2012,Sexual Offences,236,E09000002,Barking and Dagenham,barking and dagenham,190949,1.2359321075260934,123.59321075260934
Barking And Dagenham,barking and dagenham,2012,Theft,3674,E09000002,Barking and Dagenham,barking and dagenham,190949,19.24073967394435,1924.0739673944352
Barking And Dagenham,barking and dagenham,2012,Vehicle Offences,2503,E09000002,Barking and Dagenham,barking and dagenham,190949,13.108212140414455,1310.8212140414455
Barking And Dagenham,barking and dagenham,2012,Violence Against The Person,3289,E09000002,Barking and Dagenham,barking and dagenham,190949,17.224494498531023,1722.4494498531021
Barking And Dagenham,barking and dagenham,2013,Arson And Criminal Damage,1564,E09000002,Barking and Dagenham,barking and dagenham,194741,8.031179874808078,803.1179874808078
Barking And Dagenham,barking and dagenham,2013,Burglary,4454,E09000002,Barking and Dagenham,barking and dagenham,194741,22.871403556518658,2287.140355651866
Barking And Dagenham,barking and dagenham,2013,Drug Offences,1099,E09000002,Barking and Dagenham,barking and dagenham,194741,5.643393019446341,564.3393019446341
Barking And Dagenham,barking and dagenham,2013,Fraud And Forgery,56,E09000002,Barking and Dagenham,barking and dagenham,194741,0.2875614277424888,28.756142774248875
Barking And Dagenham,barking and dagenham,2013,Miscellaneous Crimes Against Society,201,E09000002,Barking and Dagenham,barking and dagenham,194741,1.0321401245757185,103.21401245757184
Barking And Dagenham,barking and dagenham,2013,Possession Of Weapons,74,E09000002,Barking and Dagenham,barking and dagenham,194741,0.3799918866597173,37.99918866597173
Barking And Dagenham,barking and dagenham,2013,Public Order Offences,557,E09000002,Barking and Dagenham,barking and dagenham,194741,2.860209200938683,286.02092009386826
Barking And Dagenham,barking and dagenham,2013,Robbery,523,E09000002,Barking and Dagenham,barking and dagenham,194741,2.685618334095029,268.56183340950287
Barking And Dagenham,barking and dagenham,2013,Sexual Offences,265,E09000002,Barking and Dagenham,barking and dagenham,194741,1.36078175628142,136.078175628142
Barking And Dagenham,barking and dagenham,2013,Theft,3378,E09000002,Barking and Dagenham,barking and dagenham,194741,17.346116123466555,1734.6116123466554
Barking And Dagenham,barking and dagenham,2013,Vehicle Offences,2749,E09000002,Barking and Dagenham,barking and dagenham,194741,14.116185086858955,1411.6185086858957
Barking And Dagenham,barking and dagenham,2013,Violence Against The Person,3382,E09000002,Barking and Dagenham,barking and dagenham,194741,17.366656225448157,1736.6656225448157
Barking And Dagenham,barking and dagenham,2014,Arson And Criminal Damage,1605,E09000002,Barking and Dagenham,barking and dagenham,198683,8.078194913505433,807.8194913505433
Barking And Dagenham,barking and dagenham,2014,Burglary,3798,E09000002,Barking and Dagenham,barking and dagenham,198683,19.11587805700538,1911.587805700538
Barking And Dagenham,barking and dagenham,2014,Drug Offences,813,E09000002,Barking and Dagenham,barking and dagenham,198683,4.091945460859762,409.1945460859761
Barking And Dagenham,barking and dagenham,2014,Fraud And Forgery,0,E09000002,Barking and Dagenham,barking and dagenham,198683,0.0,0.0
Barking And Dagenham,barking and dagenham,2014,Miscellaneous Crimes Against Society,249,E09000002,Barking and Dagenham,barking and dagenham,198683,1.2532526688242074,125.32526688242075
Barking And Dagenham,barking and dagenham,2014,Possession Of Weapons,68,E09000002,Barking and Dagenham,barking and dagenham,198683,0.3422537408837193,34.22537408837193
Barking And Dagenham,barking and dagenham,2014,Public Order Offences,743,E09000002,Barking and Dagenham,barking and dagenham,198683,3.7396254334794623,373.9625433479462
Barking And Dagenham,barking and dagenham,2014,Robbery,493,E09000002,Barking and Dagenham,barking and dagenham,198683,2.4813396214069647,248.1339621406965
Barking And Dagenham,barking and dagenham,2014,Sexual Offences,332,E09000002,Barking and Dagenham,barking and dagenham,198683,1.6710035584322764,167.10035584322765
Barking And Dagenham,barking and dagenham,2014,Theft,3265,E09000002,Barking and Dagenham,barking and dagenham,198683,16.433212705666815,1643.3212705666815
Barking And Dagenham,barking and dagenham,2014,Vehicle Offences,1999,E09000002,Barking and Dagenham,barking and dagenham,198683,10.06125335333169,1006.1253353331689
Barking And Dagenham,barking and dagenham,2014,Violence Against The Person,4319,E09000002,Barking and Dagenham,barking and dagenham,198683,21.738145689364465,2173.8145689364464
Barking And Dagenham,barking and dagenham,2015,Arson And Criminal Damage,1742,E09000002,Barking and Dagenham,barking and dagenham,202368,8.608080328905755,860.8080328905755
Barking And Dagenham,barking and dagenham,2015,Burglary,3260,E09000002,Barking and Dagenham,barking and dagenham,202368,16.109266287160025,1610.9266287160026
Barking And Dagenham,barking and dagenham,2015,Drug Offences,946,E09000002,Barking and Dagenham,barking and dagenham,202368,4.674652118912081,467.4652118912081
Barking And Dagenham,barking and dagenham,2015,Fraud And Forgery,0,E09000002,Barking and Dagenham,barking and dagenham,202368,0.0,0.0
Barking And Dagenham,barking and dagenham,2015,Miscellaneous Crimes Against Society,259,E09000002,Barking and Dagenham,barking and dagenham,202368,1.279846616065781,127.98466160657811
Barking And Dagenham,barking and dagenham,2015,Possession Of Weapons,92,E09000002,Barking and Dagenham,barking and dagenham,202368,0.45461733080328903,45.461733080328905
Barking And Dagenham,barking and dagenham,2015,Public Order Offences,913,E09000002,Barking and Dagenham,barking and dagenham,202368,4.511582858950032,451.1582858950032
Barking And Dagenham,barking and dagenham,2015,Robbery,553,E09000002,Barking and Dagenham,barking and dagenham,202368,2.7326454775458573,273.2645477545857
Barking And Dagenham,barking and dagenham,2015,Sexual Offences,406,E09000002,Barking and Dagenham,barking and dagenham,202368,2.0062460468058188,200.62460468058188
Barking And Dagenham,barking and dagenham,2015,Theft,3303,E09000002,Barking and Dagenham,barking and dagenham,202368,16.321750474383304,1632.1750474383302
Barking And Dagenham,barking and dagenham,2015,Vehicle Offences,1867,E09000002,Barking and Dagenham,barking and dagenham,202368,9.225766919671095,922.5766919671095
Barking And Dagenham,barking and dagenham,2015,Violence Against The Person,5058,E09000002,Barking and Dagenham,barking and dagenham,202368,24.99407020872865,2499.4070208728654
Barking And Dagenham,barking and dagenham,2016,Arson And Criminal Damage,1875,E09000002,Barking and Dagenham,barking and dagenham,206849,9.064583343405092,906.4583343405092
Barking And Dagenham,barking and dagenham,2016,Burglary,2576,E09000002,Barking and Dagenham,barking and dagenham,206849,12.453528902726145,1245.3528902726143
Barking And Dagenham,barking and dagenham,2016,Drug Offences,937,E09000002,Barking and Dagenham,barking and dagenham,206849,4.529874449477638,452.9874449477638
Barking And Dagenham,barking and dagenham,2016,Fraud And Forgery,0,E09000002,Barking and Dagenham,barking and dagenham,206849,0.0,0.0
Barking And Dagenham,barking and dagenham,2016,Miscellaneous Crimes Against Society,249,E09000002,Barking and Dagenham,barking and dagenham,206849,1.2037766680041964,120.37766680041963
Barking And Dagenham,barking and dagenham,2016,Possession Of Weapons,155,E09000002,Barking and Dagenham,barking and dagenham,206849,0.7493388897214877,74.93388897214876
Barking And Dagenham,barking and dagenham,2016,Public Order Offences,898,E09000002,Barking and Dagenham,barking and dagenham,206849,4.341331115934812,434.13311159348126
Barking And Dagenham,barking and dagenham,2016,Robbery,535,E09000002,Barking and Dagenham,barking and dagenham,206849,2.5864277806515865,258.64277806515867
Barking And Dagenham,barking and dagenham,2016,Sexual Offences,416,E09000002,Barking and Dagenham,barking and dagenham,206849,2.0111288911234766,201.11288911234766
Barking And Dagenham,barking and dagenham,2016,Theft,3398,E09000002,Barking and Dagenham,barking and dagenham,206849,16.427442240474935,1642.7442240474936
Barking And Dagenham,barking and dagenham,2016,Vehicle Offences,2237,E09000002,Barking and Dagenham,barking and dagenham,206849,10.814652234238503,1081.4652234238504
Barking And Dagenham,barking and dagenham,2016,Violence Against The Person,5259,E09000002,Barking and Dagenham,barking and dagenham,206849,25.424343361582604,2542.43433615826
Barking And Dagenham,barking and dagenham,2017,Arson And Criminal Damage,1709,E09000002,Barking and Dagenham,barking and dagenham,210513,8.11826348016512,811.826348016512
Barking And Dagenham,barking and dagenham,2017,Burglary,3148,E09000002,Barking and Dagenham,barking and dagenham,210513,14.953945837074194,1495.3945837074195
Barking And Dagenham,barking and dagenham,2017,Drug Offences,741,E09000002,Barking and Dagenham,barking and dagenham,210513,3.519972638269371,351.99726382693706
Barking And Dagenham,barking and dagenham,2017,Fraud And Forgery,0,E09000002,Barking and Dagenham,barking and dagenham,210513,0.0,0.0
Barking And Dagenham,barking and dagenham,2017,Miscellaneous Crimes Against Society,250,E09000002,Barking and Dagenham,barking and dagenham,210513,1.1875751141259685,118.75751141259684
Barking And Dagenham,barking and dagenham,2017,Possession Of Weapons,162,E09000002,Barking and Dagenham,barking and dagenham,210513,0.7695486739536276,76.95486739536275
Barking And Dagenham,barking and dagenham,2017,Public Order Offences,999,E09000002,Barking and Dagenham,barking and dagenham,210513,4.745550156047369,474.555015604737
Barking And Dagenham,barking and dagenham,2017,Robbery,862,E09000002,Barking and Dagenham,barking and dagenham,210513,4.094758993506339,409.47589935063394
Barking And Dagenham,barking and dagenham,2017,Sexual Offences,443,E09000002,Barking and Dagenham,barking and dagenham,210513,2.1043831022312163,210.43831022312162
Barking And Dagenham,barking and dagenham,2017,Theft,3562,E09000002,Barking and Dagenham,barking and dagenham,210513,16.9205702260668,1692.05702260668
Barking And Dagenham,barking and dagenham,2017,Vehicle Offences,2754,E09000002,Barking and Dagenham,barking and dagenham,210513,13.082327457211669,1308.2327457211668
Barking And Dagenham,barking and dagenham,2017,Violence Against The Person,5280,E09000002,Barking and Dagenham,barking and dagenham,210513,25.081586410340456,2508.1586410340456
Barking And Dagenham,barking and dagenham,2018,Arson And Criminal Damage,1426,E09000002,Barking and Dagenham,barking and dagenham,212773,6.701978164522755,670.1978164522754
Barking And Dagenham,barking and dagenham,2018,Burglary,3334,E09000002,Barking and Dagenham,barking and dagenham,212773,15.669281346787422,1566.9281346787423
Barking And Dagenham,barking and dagenham,2018,Drug Offences,880,E09000002,Barking and Dagenham,barking and dagenham,212773,4.1358631029312924,413.58631029312926
Barking And Dagenham,barking and dagenham,2018,Fraud And Forgery,0,E09000002,Barking and Dagenham,barking and dagenham,212773,0.0,0.0
Barking And Dagenham,barking and dagenham,2018,Miscellaneous Crimes Against Society,263,E09000002,Barking and Dagenham,barking and dagenham,212773,1.2360590864442387,123.60590864442388
Barking And Dagenham,barking and dagenham,2018,Possession Of Weapons,198,E09000002,Barking and Dagenham,barking and dagenham,212773,0.9305691981595409,93.05691981595409
Barking And Dagenham,barking and dagenham,2018,Public Order Offences,936,E09000002,Barking and Dagenham,barking and dagenham,212773,4.399054391299648,439.90543912996486
Barking And Dagenham,barking and dagenham,2018,Robbery,818,E09000002,Barking and Dagenham,barking and dagenham,212773,3.844472747952043,384.4472747952043
Barking And Dagenham,barking and dagenham,2018,Sexual Offences,462,E09000002,Barking and Dagenham,barking and dagenham,212773,2.171328129038929,217.1328129038929
Barking And Dagenham,barking and dagenham,2018,Theft,3253,E09000002,Barking and Dagenham,barking and dagenham,212773,15.288593947540337,1528.8593947540335
Barking And Dagenham,barking and dagenham,2018,Vehicle Offences,2572,E09000002,Barking and Dagenham,barking and dagenham,212773,12.087999887203734,1208.7999887203734
Barking And Dagenham,barking and dagenham,2018,Violence Against The Person,5502,E09000002,Barking and Dagenham,barking and dagenham,212773,25.85854408219088,2585.854408219088
Barking And Dagenham,barking and dagenham,2019,Arson And Criminal Damage,1476,E09000002,Barking and Dagenham,barking and dagenham,214858,6.869653445531467,686.9653445531468
Barking And Dagenham,barking and dagenham,2019,Burglary,3072,E09000002,Barking and Dagenham,barking and dagenham,214858,14.297815301268745,1429.7815301268745
Barking And Dagenham,barking and dagenham,2019,Drug Offences,1065,E09000002,Barking and Dagenham,barking and dagenham,214858,4.956762140576567,495.6762140576567
Barking And Dagenham,barking and dagenham,2019,Fraud And Forgery,0,E09000002,Barking and Dagenham,barking and dagenham,214858,0.0,0.0
Barking And Dagenham,barking and dagenham,2019,Miscellaneous Crimes Against Society,282,E09000002,Barking and Dagenham,barking and dagenham,214858,1.3124947639836544,131.24947639836543
Barking And Dagenham,barking and dagenham,2019,Possession Of Weapons,156,E09000002,Barking and Dagenham,barking and dagenham,214858,0.7260609332675535,72.60609332675534
Barking And Dagenham,barking and dagenham,2019,Public Order Offences,1112,E09000002,Barking and Dagenham,barking and dagenham,214858,5.175511267907177,517.5511267907176
Barking And Dagenham,barking and dagenham,2019,Robbery,1039,E09000002,Barking and Dagenham,barking and dagenham,214858,4.835751985031974,483.57519850319744
Barking And Dagenham,barking and dagenham,2019,Sexual Offences,521,E09000002,Barking and Dagenham,barking and dagenham,214858,2.42485734764356,242.485734764356
Barking And Dagenham,barking and dagenham,2019,Theft,3565,E09000002,Barking and Dagenham,barking and dagenham,214858,16.592354019864285,1659.2354019864283
Barking And Dagenham,barking and dagenham,2019,Vehicle Offences,2714,E09000002,Barking and Dagenham,barking and dagenham,214858,12.631598544154745,1263.1598544154745
Barking And Dagenham,barking and dagenham,2019,Violence Against The Person,5950,E09000002,Barking and Dagenham,barking and dagenham,214858,27.692708672704764,2769.270867270476
Barking And Dagenham,barking and dagenham,2020,Arson And Criminal Damage,1288,E09000002,Barking and Dagenham,barking and dagenham,218367,5.898327128183288,589.8327128183288
Barking And Dagenham,barking and dagenham,2020,Burglary,2358,E09000002,Barking and Dagenham,barking and dagenham,218367,10.798334913242385,1079.8334913242386
Barking And Dagenham,barking and dagenham,2020,Drug Offences,1555,E09000002,Barking and Dagenham,barking and dagenham,218367,7.121039351184016,712.1039351184016
Barking And Dagenham,barking and dagenham,2020,Fraud And Forgery,0,E09000002,Barking and Dagenham,barking and dagenham,218367,0.0,0.0
Barking And Dagenham,barking and dagenham,2020,Miscellaneous Crimes Against Society,329,E09000002,Barking and Dagenham,barking and dagenham,218367,1.5066379077424703,150.66379077424702
Barking And Dagenham,barking and dagenham,2020,Possession Of Weapons,192,E09000002,Barking and Dagenham,barking and dagenham,218367,0.879253733393782,87.9253733393782
Barking And Dagenham,barking and dagenham,2020,Public Order Offences,1126,E09000002,Barking and Dagenham,barking and dagenham,218367,5.156456790632284,515.6456790632284
Barking And Dagenham,barking and dagenham,2020,Robbery,711,E09000002,Barking and Dagenham,barking and dagenham,218367,3.2559864814738493,325.59864814738495
Barking And Dagenham,barking and dagenham,2020,Sexual Offences,470,E09000002,Barking and Dagenham,barking and dagenham,218367,2.152339868203529,215.23398682035292
Barking And Dagenham,barking and dagenham,2020,Theft,3027,E09000002,Barking and Dagenham,barking and dagenham,218367,13.861984640536345,1386.1984640536346
Barking And Dagenham,barking and dagenham,2020,Vehicle Offences,2253,E09000002,Barking and Dagenham,barking and dagenham,218367,10.317493027792661,1031.7493027792661
Barking And Dagenham,barking and dagenham,2020,Violence Against The Person,6037,E09000002,Barking and Dagenham,barking and dagenham,218367,27.646118690095115,2764.6118690095113
Barking And Dagenham,barking and dagenham,2021,Arson And Criminal Damage,1424,E09000002,Barking and Dagenham,barking and dagenham,221495,6.429039030226416,642.9039030226417
Barking And Dagenham,barking and dagenham,2021,Burglary,2326,E09000002,Barking and Dagenham,barking and dagenham,221495,10.501365719316462,1050.1365719316464
Barking And Dagenham,barking and dagenham,2021,Drug Offences,1462,E09000002,Barking and Dagenham,barking and dagenham,221495,6.600600465021784,660.0600465021784
Barking And Dagenham,barking and dagenham,2021,Fraud And Forgery,0,E09000002,Barking and Dagenham,barking and dagenham,221495,0.0,0.0
Barking And Dagenham,barking and dagenham,2021,Miscellaneous Crimes Against Society,314,E09000002,Barking and Dagenham,barking and dagenham,221495,1.4176392243617237,141.76392243617238
Barking And Dagenham,barking and dagenham,2021,Possession Of Weapons,161,E09000002,Barking and Dagenham,barking and dagenham,221495,0.7268787105803743,72.68787105803743
Barking And Dagenham,barking and dagenham,2021,Public Order Offences,1257,E09000002,Barking and Dagenham,barking and dagenham,221495,5.675071672046773,567.5071672046772
Barking And Dagenham,barking and dagenham,2021,Robbery,546,E09000002,Barking and Dagenham,barking and dagenham,221495,2.4650669315334435,246.50669315334434
Barking And Dagenham,barking and dagenham,2021,Sexual Offences,514,E09000002,Barking and Dagenham,barking and dagenham,221495,2.3205941443373437,232.0594144337344
Barking And Dagenham,barking and dagenham,2021,Theft,3084,E09000002,Barking and Dagenham,barking and dagenham,221495,13.923564866024064,1392.3564866024064
Barking And Dagenham,barking and dagenham,2021,Vehicle Offences,2324,E09000002,Barking and Dagenham,barking and dagenham,221495,10.492336170116706,1049.2336170116707
Barking And Dagenham,barking and dagenham,2021,Violence Against The Person,6407,E09000002,Barking and Dagenham,barking and dagenham,221495,28.926160861418996,2892.6160861418994
Barking And Dagenham,barking and dagenham,2022,Arson And Criminal Damage,1431,E09000002,Barking and Dagenham,barking and dagenham,224407,6.376806427606981,637.6806427606981
Barking And Dagenham,barking and dagenham,2022,Burglary,2200,E09000002,Barking and Dagenham,barking and dagenham,224407,9.8036157517368,980.36157517368
Barking And Dagenham,barking and dagenham,2022,Drug Offences,1413,E09000002,Barking and Dagenham,barking and dagenham,224407,6.296595026001863,629.6595026001862
Barking And Dagenham,barking and dagenham,2022,Fraud And Forgery,0,E09000002,Barking and Dagenham,barking and dagenham,224407,0.0,0.0
Barking And Dagenham,barking and dagenham,2022,Miscellaneous Crimes Against Society,320,E09000002,Barking and Dagenham,barking and dagenham,224407,1.4259804729798982,142.5980472979898
Barking And Dagenham,barking and dagenham,2022,Possession Of Weapons,157,E09000002,Barking and Dagenham,barking and dagenham,224407,0.6996216695557624,69.96216695557625
Barking And Dagenham,barking and dagenham,2022,Public Order Offences,1244,E09000002,Barking and Dagenham,barking and dagenham,224407,5.543499088709353,554.3499088709353
Barking And Dagenham,barking and dagenham,2022,Robbery,595,E09000002,Barking and Dagenham,barking and dagenham,224407,2.651432441946998,265.14324419469983
Barking And Dagenham,barking and dagenham,2022,Sexual Offences,625,E09000002,Barking and Dagenham,barking and dagenham,224407,2.7851181112888637,278.51181112888634
Barking And Dagenham,barking and dagenham,2022,Theft,3502,E09000002,Barking and Dagenham,barking and dagenham,224407,15.60557380117376,1560.557380117376
Barking And Dagenham,barking and dagenham,2022,Vehicle Offences,2789,E09000002,Barking and Dagenham,barking and dagenham,224407,12.428311059815424,1242.8311059815424
Barking And Dagenham,barking and dagenham,2022,Violence Against The Person,6582,E09000002,Barking and Dagenham,barking and dagenham,224407,29.33063585360528,2933.063585360528
Barking And Dagenham,barking and dagenham,2023,Arson And Criminal Damage,1333,E09000002,Barking and Dagenham,barking and dagenham,226988,5.872557139584472,587.2557139584471
Barking And Dagenham,barking and dagenham,2023,Burglary,1339,E09000002,Barking and Dagenham,barking and dagenham,226988,5.898990254991453,589.8990254991453
Barking And Dagenham,barking and dagenham,2023,Drug Offences,1336,E09000002,Barking and Dagenham,barking and dagenham,226988,5.885773697287962,588.5773697287963
Barking And Dagenham,barking and dagenham,2023,Fraud And Forgery,0,E09000002,Barking and Dagenham,barking and dagenham,226988,0.0,0.0
Barking And Dagenham,barking and dagenham,2023,Miscellaneous Crimes Against Society,272,E09000002,Barking and Dagenham,barking and dagenham,226988,1.1983012317831778,119.83012317831779
Barking And Dagenham,barking and dagenham,2023,Possession Of Weapons,206,E09000002,Barking and Dagenham,barking and dagenham,226988,0.9075369623063774,90.75369623063774
Barking And Dagenham,barking and dagenham,2023,Public Order Offences,1358,E09000002,Barking and Dagenham,barking and dagenham,226988,5.982695120446896,598.2695120446896
Barking And Dagenham,barking and dagenham,2023,Robbery,863,E09000002,Barking and Dagenham,barking and dagenham,226988,3.8019630993708917,380.1963099370892
Barking And Dagenham,barking and dagenham,2023,Sexual Offences,585,E09000002,Barking and Dagenham,barking and dagenham,226988,2.577228752180732,257.7228752180732
Barking And Dagenham,barking and dagenham,2023,Theft,4354,E09000002,Barking and Dagenham,barking and dagenham,226988,19.181630746999843,1918.1630746999842
Barking And Dagenham,barking and dagenham,2023,Vehicle Offences,2638,E09000002,Barking and Dagenham,barking and dagenham,226988,11.621759740603027,1162.1759740603027
Barking And Dagenham,barking and dagenham,2023,Violence Against The Person,7015,E09000002,Barking and Dagenham,barking and dagenham,226988,30.9047174299963,3090.47174299963
Barking And Dagenham,barking and dagenham,2024,Arson And Criminal Damage,1379,E09000002,Barking and Dagenham,barking and dagenham,229337,6.01298525750315,601.298525750315
Barking And Dagenham,barking and dagenham,2024,Burglary,947,E09000002,Barking and Dagenham,barking and dagenham,229337,4.1292944444202195,412.929444442022
Barking And Dagenham,barking and dagenham,2024,Drug Offences,1150,E09000002,Barking and Dagenham,barking and dagenham,229337,5.014454710753172,501.44547107531713
Barking And Dagenham,barking and dagenham,2024,Fraud And Forgery,3,E09000002,Barking and Dagenham,barking and dagenham,229337,0.013081186201964794,1.3081186201964794
Barking And Dagenham,barking and dagenham,2024,Miscellaneous Crimes Against Society,290,E09000002,Barking and Dagenham,barking and dagenham,229337,1.26451466618993,126.45146661899301
Barking And Dagenham,barking and dagenham,2024,Possession Of Weapons,111,E09000002,Barking and Dagenham,barking and dagenham,229337,0.48400388947269735,48.40038894726974
Barking And Dagenham,barking and dagenham,2024,Public Order Offences,1274,E09000002,Barking and Dagenham,barking and dagenham,229337,5.555143740434382,555.5143740434382
Barking And Dagenham,barking and dagenham,2024,Robbery,853,E09000002,Barking and Dagenham,barking and dagenham,229337,3.7194172767586564,371.94172767586565
Barking And Dagenham,barking and dagenham,2024,Sexual Offences,663,E09000002,Barking and Dagenham,barking and dagenham,229337,2.8909421506342197,289.094215063422
Barking And Dagenham,barking and dagenham,2024,Theft,4279,E09000002,Barking and Dagenham,barking and dagenham,229337,18.65813191940245,1865.8131919402451
Barking And Dagenham,barking and dagenham,2024,Vehicle Offences,2338,E09000002,Barking and Dagenham,barking and dagenham,229337,10.19460444673123,1019.460444673123
Barking And Dagenham,barking and dagenham,2024,Violence Against The Person,6881,E09000002,Barking and Dagenham,barking and dagenham,229337,30.003880751906582,3000.388075190658
Barking And Dagenham,barking and dagenham,2025,Arson And Criminal Damage,314,E09000002,Barking and Dagenham,barking and dagenham,234317,1.3400649547408,134.00649547408
Barking And Dagenham,barking and dagenham,2025,Burglary,248,E09000002,Barking and Dagenham,barking and dagenham,234317,1.0583952508780838,105.83952508780838
Barking And Dagenham,barking and dagenham,2025,Drug Offences,284,E09000002,Barking and Dagenham,barking and dagenham,234317,1.212033271166838,121.20332711668381
Barking And Dagenham,barking and dagenham,2025,Fraud And Forgery,0,E09000002,Barking and Dagenham,barking and dagenham,234317,0.0,0.0
Barking And Dagenham,barking and dagenham,2025,Miscellaneous Crimes Against Society,70,E09000002,Barking and Dagenham,barking and dagenham,234317,0.29874059500591077,29.874059500591077
Barking And Dagenham,barking and dagenham,2025,Possession Of Weapons,25,E09000002,Barking and Dagenham,barking and dagenham,234317,0.10669306964496814,10.669306964496814
Barking And Dagenham,barking and dagenham,2025,Public Order Offences,238,E09000002,Barking and Dagenham,barking and dagenham,234317,1.0157180230200968,101.57180230200967
Barking And Dagenham,barking and dagenham,2025,Robbery,248,E09000002,Barking and Dagenham,barking and dagenham,234317,1.0583952508780838,105.83952508780838
Barking And Dagenham,barking and dagenham,2025,Sexual Offences,151,E09000002,Barking and Dagenham,barking and dagenham,234317,0.6444261406556075,64.44261406556075
Barking And Dagenham,barking and dagenham,2025,Theft,887,E09000002,Barking and Dagenham,barking and dagenham,234317,3.7854701110034696,378.547011100347
Barking And Dagenham,barking and dagenham,2025,Vehicle Offences,521,E09000002,Barking and Dagenham,barking and dagenham,234317,2.223483571401136,222.34835714011362
Barking And Dagenham,barking and dagenham,2025,Violence Against The Person,1646,E09000002,Barking and Dagenham,barking and dagenham,234317,7.024671705424702,702.4671705424703
Barnet,barnet,2010,Arson And Criminal Damage,2030,E09000003,Barnet,barnet,351438,5.776267791189342,577.6267791189342
Barnet,barnet,2010,Burglary,6570,E09000003,Barnet,barnet,351438,18.694620388233485,1869.4620388233486
Barnet,barnet,2010,Drug Offences,841,E09000003,Barnet,barnet,351438,2.3930252277784416,239.30252277784416
Barnet,barnet,2010,Fraud And Forgery,563,E09000003,Barnet,barnet,351438,1.6019895401180293,160.19895401180293
Barnet,barnet,2010,Miscellaneous Crimes Against Society,172,E09000003,Barnet,barnet,351438,0.48941776358845657,48.94177635884566
Barnet,barnet,2010,Possession Of Weapons,75,E09000003,Barnet,barnet,351438,0.21340890854147815,21.340890854147816
Barnet,barnet,2010,Public Order Offences,360,E09000003,Barnet,barnet,351438,1.024362760999095,102.43627609990952
Barnet,barnet,2010,Robbery,657,E09000003,Barnet,barnet,351438,1.8694620388233487,186.94620388233488
Barnet,barnet,2010,Sexual Offences,196,E09000003,Barnet,barnet,351438,0.5577086143217296,55.770861432172964
Barnet,barnet,2010,Theft,4707,E09000003,Barnet,barnet,351438,13.39354310006317,1339.3543100063168
Barnet,barnet,2010,Vehicle Offences,3037,E09000003,Barnet,barnet,351438,8.641638069872922,864.1638069872922
Barnet,barnet,2010,Violence Against The Person,2807,E09000003,Barnet,barnet,351438,7.987184083679057,798.7184083679057
Barnet,barnet,2011,Arson And Criminal Damage,2382,E09000003,Barnet,barnet,357653,6.660086732111851,666.0086732111852
Barnet,barnet,2011,Burglary,9746,E09000003,Barnet,barnet,357653,27.249876276726326,2724.9876276726327
Barnet,barnet,2011,Drug Offences,1260,E09000003,Barnet,barnet,357653,3.522967792804758,352.2967792804758
Barnet,barnet,2011,Fraud And Forgery,814,E09000003,Barnet,barnet,357653,2.275949034399264,227.5949034399264
Barnet,barnet,2011,Miscellaneous Crimes Against Society,316,E09000003,Barnet,barnet,357653,0.8835379543859552,88.35379543859551
Barnet,barnet,2011,Possession Of Weapons,96,E09000003,Barnet,barnet,357653,0.2684165937375053,26.841659373750534
Barnet,barnet,2011,Public Order Offences,477,E09000003,Barnet,barnet,357653,1.3336949501332298,133.369495013323
Barnet,barnet,2011,Robbery,1138,E09000003,Barnet,barnet,357653,3.1818550382633446,318.18550382633447
Barnet,barnet,2011,Sexual Offences,301,E09000003,Barnet,barnet,357653,0.8415978616144699,84.15978616144699
Barnet,barnet,2011,Theft,6028,E09000003,Barnet,barnet,357653,16.854325281767522,1685.4325281767522
Barnet,barnet,2011,Vehicle Offences,4582,E09000003,Barnet,barnet,357653,12.811300338596348,1281.1300338596348
Barnet,barnet,2011,Violence Against The Person,3531,E09000003,Barnet,barnet,357653,9.87269783840762,987.2697838407619
Barnet,barnet,2012,Arson And Criminal Damage,1958,E09000003,Barnet,barnet,364071,5.378071859609801,537.8071859609802
Barnet,barnet,2012,Burglary,9612,E09000003,Barnet,barnet,364071,26.401443674448114,2640.1443674448115
Barnet,barnet,2012,Drug Offences,942,E09000003,Barnet,barnet,364071,2.587407401303592,258.7407401303592
Barnet,barnet,2012,Fraud And Forgery,1464,E09000003,Barnet,barnet,364071,4.021193668268003,402.1193668268003
Barnet,barnet,2012,Miscellaneous Crimes Against Society,280,E09000003,Barnet,barnet,364071,0.7690807562261207,76.90807562261207
Barnet,barnet,2012,Possession Of Weapons,84,E09000003,Barnet,barnet,364071,0.23072422686783622,23.07242268678362
Barnet,barnet,2012,Public Order Offences,553,E09000003,Barnet,barnet,364071,1.5189344935465883,151.89344935465883
Barnet,barnet,2012,Robbery,1096,E09000003,Barnet,barnet,364071,3.010401817227958,301.0401817227958
Barnet,barnet,2012,Sexual Offences,271,E09000003,Barnet,barnet,364071,0.744360303347424,74.4360303347424
Barnet,barnet,2012,Theft,6390,E09000003,Barnet,barnet,364071,17.551521543874685,1755.1521543874685
Barnet,barnet,2012,Vehicle Offences,4024,E09000003,Barnet,barnet,364071,11.052789153763964,1105.2789153763963
Barnet,barnet,2012,Violence Against The Person,3343,E09000003,Barnet,barnet,364071,9.182274885942578,918.2274885942577
Barnet,barnet,2013,Arson And Criminal Damage,1807,E09000003,Barnet,barnet,369203,4.894326427466733,489.4326427466732
Barnet,barnet,2013,Burglary,8536,E09000003,Barnet,barnet,369203,23.12007215542669,2312.007215542669
Barnet,barnet,2013,Drug Offences,1046,E09000003,Barnet,barnet,369203,2.8331297416326517,283.31297416326515
Barnet,barnet,2013,Fraud And Forgery,140,E09000003,Barnet,barnet,369203,0.3791951853045614,37.919518530456145
Barnet,barnet,2013,Miscellaneous Crimes Against Society,312,E09000003,Barnet,barnet,369203,0.8450635558215941,84.50635558215942
Barnet,barnet,2013,Possession Of Weapons,97,E09000003,Barnet,barnet,369203,0.2627280926753033,26.27280926753033
Barnet,barnet,2013,Public Order Offences,669,E09000003,Barnet,barnet,369203,1.8120112783482258,181.20112783482259
Barnet,barnet,2013,Robbery,787,E09000003,Barnet,barnet,369203,2.131618648819213,213.16186488192133
Barnet,barnet,2013,Sexual Offences,323,E09000003,Barnet,barnet,369203,0.8748574632383811,87.48574632383811
Barnet,barnet,2013,Theft,5855,E09000003,Barnet,barnet,369203,15.858484356844338,1585.8484356844338
Barnet,barnet,2013,Vehicle Offences,4062,E09000003,Barnet,barnet,369203,11.002077447908063,1100.2077447908061
Barnet,barnet,2013,Violence Against The Person,3580,E09000003,Barnet,barnet,369203,9.696562595645215,969.6562595645214
Barnet,barnet,2014,Arson And Criminal Damage,2014,E09000003,Barnet,barnet,375030,5.37023704770285,537.023704770285
Barnet,barnet,2014,Burglary,7238,E09000003,Barnet,barnet,375030,19.299789350185318,1929.978935018532
Barnet,barnet,2014,Drug Offences,1044,E09000003,Barnet,barnet,375030,2.783777297816175,278.37772978161746
Barnet,barnet,2014,Fraud And Forgery,0,E09000003,Barnet,barnet,375030,0.0,0.0
Barnet,barnet,2014,Miscellaneous Crimes Against Society,289,E09000003,Barnet,barnet,375030,0.7706050182652054,77.06050182652055
Barnet,barnet,2014,Possession Of Weapons,101,E09000003,Barnet,barnet,375030,0.2693117883902621,26.93117883902621
Barnet,barnet,2014,Public Order Offences,1042,E09000003,Barnet,barnet,375030,2.7784443911153778,277.8444391115378
Barnet,barnet,2014,Robbery,563,E09000003,Barnet,barnet,375030,1.5012132362744315,150.12132362744313
Barnet,barnet,2014,Sexual Offences,375,E09000003,Barnet,barnet,375030,0.999920006399488,99.9920006399488
Barnet,barnet,2014,Theft,5653,E09000003,Barnet,barnet,375030,15.073460789803482,1507.3460789803482
Barnet,barnet,2014,Vehicle Offences,3422,E09000003,Barnet,barnet,375030,9.124603365064129,912.4603365064129
Barnet,barnet,2014,Violence Against The Person,4753,E09000003,Barnet,barnet,375030,12.67365277444471,1267.365277444471
Barnet,barnet,2015,Arson And Criminal Damage,2181,E09000003,Barnet,barnet,379806,5.7424053332490805,574.240533324908
Barnet,barnet,2015,Burglary,7706,E09000003,Barnet,barnet,379806,20.2893055928553,2028.93055928553
Barnet,barnet,2015,Drug Offences,808,E09000003,Barnet,barnet,379806,2.1274018841197875,212.74018841197875
Barnet,barnet,2015,Fraud And Forgery,0,E09000003,Barnet,barnet,379806,0.0,0.0
Barnet,barnet,2015,Miscellaneous Crimes Against Society,307,E09000003,Barnet,barnet,379806,0.8083073990405628,80.83073990405629
Barnet,barnet,2015,Possession Of Weapons,110,E09000003,Barnet,barnet,379806,0.28962154363016906,28.96215436301691
Barnet,barnet,2015,Public Order Offences,1280,E09000003,Barnet,barnet,379806,3.370141598605604,337.0141598605604
Barnet,barnet,2015,Robbery,623,E09000003,Barnet,barnet,379806,1.6403111061963211,164.03111061963213
Barnet,barnet,2015,Sexual Offences,407,E09000003,Barnet,barnet,379806,1.0715997114316256,107.15997114316255
Barnet,barnet,2015,Theft,5634,E09000003,Barnet,barnet,379806,14.833888880112477,1483.3888880112477
Barnet,barnet,2015,Vehicle Offences,3588,E09000003,Barnet,barnet,379806,9.446928168591334,944.6928168591334
Barnet,barnet,2015,Violence Against The Person,5651,E09000003,Barnet,barnet,379806,14.87864857321896,1487.864857321896
Barnet,barnet,2016,Arson And Criminal Damage,2117,E09000003,Barnet,barnet,386198,5.481644130730869,548.1644130730868
Barnet,barnet,2016,Burglary,6810,E09000003,Barnet,barnet,386198,17.6334419132155,1763.34419132155
Barnet,barnet,2016,Drug Offences,926,E09000003,Barnet,barnet,386198,2.397733804939435,239.77338049394353
Barnet,barnet,2016,Fraud And Forgery,0,E09000003,Barnet,barnet,386198,0.0,0.0
Barnet,barnet,2016,Miscellaneous Crimes Against Society,344,E09000003,Barnet,barnet,386198,0.8907348044267448,89.07348044267448
Barnet,barnet,2016,Possession Of Weapons,152,E09000003,Barnet,barnet,386198,0.39358049497925934,39.35804949792593
Barnet,barnet,2016,Public Order Offences,1481,E09000003,Barnet,barnet,386198,3.834820480686073,383.4820480686073
Barnet,barnet,2016,Robbery,464,E09000003,Barnet,barnet,386198,1.2014562478314232,120.14562478314232
Barnet,barnet,2016,Sexual Offences,491,E09000003,Barnet,barnet,386198,1.271368572597476,127.13685725974759
Barnet,barnet,2016,Theft,6122,E09000003,Barnet,barnet,386198,15.85197230436201,1585.197230436201
Barnet,barnet,2016,Vehicle Offences,3651,E09000003,Barnet,barnet,386198,9.453699915587341,945.3699915587341
Barnet,barnet,2016,Violence Against The Person,6050,E09000003,Barnet,barnet,386198,15.665539438319202,1566.5539438319204
Barnet,barnet,2017,Arson And Criminal Damage,2048,E09000003,Barnet,barnet,391446,5.2318838358292075,523.1883835829208
Barnet,barnet,2017,Burglary,7102,E09000003,Barnet,barnet,391446,18.142987793974136,1814.2987793974137
Barnet,barnet,2017,Drug Offences,768,E09000003,Barnet,barnet,391446,1.961956438435953,196.1956438435953
Barnet,barnet,2017,Fraud And Forgery,0,E09000003,Barnet,barnet,391446,0.0,0.0
Barnet,barnet,2017,Miscellaneous Crimes Against Society,269,E09000003,Barnet,barnet,391446,0.6871956796084262,68.71956796084262
Barnet,barnet,2017,Possession Of Weapons,191,E09000003,Barnet,barnet,391446,0.48793447882977475,48.793447882977475
Barnet,barnet,2017,Public Order Offences,1622,E09000003,Barnet,barnet,391446,4.143611123884265,414.3611123884265
Barnet,barnet,2017,Robbery,643,E09000003,Barnet,barnet,391446,1.6426275910342678,164.2627591034268
Barnet,barnet,2017,Sexual Offences,577,E09000003,Barnet,barnet,391446,1.474021959606178,147.40219596061783
Barnet,barnet,2017,Theft,6437,E09000003,Barnet,barnet,391446,16.444158325797172,1644.415832579717
Barnet,barnet,2017,Vehicle Offences,3862,E09000003,Barnet,barnet,391446,9.86598406932246,986.598406932246
Barnet,barnet,2017,Violence Against The Person,6251,E09000003,Barnet,barnet,391446,15.968997000863464,1596.8997000863465
Barnet,barnet,2018,Arson And Criminal Damage,1895,E09000003,Barnet,barnet,397049,4.772710672989984,477.27106729899833
Barnet,barnet,2018,Burglary,7360,E09000003,Barnet,barnet,397049,18.53675490934368,1853.6754909343683
Barnet,barnet,2018,Drug Offences,703,E09000003,Barnet,barnet,397049,1.7705623235419305,177.05623235419304
Barnet,barnet,2018,Fraud And Forgery,0,E09000003,Barnet,barnet,397049,0.0,0.0
Barnet,barnet,2018,Miscellaneous Crimes Against Society,374,E09000003,Barnet,barnet,397049,0.9419492304476274,94.19492304476273
Barnet,barnet,2018,Possession Of Weapons,182,E09000003,Barnet,barnet,397049,0.45838171107344433,45.83817110734443
Barnet,barnet,2018,Public Order Offences,1539,E09000003,Barnet,barnet,397049,3.876095897483686,387.6095897483686
Barnet,barnet,2018,Robbery,737,E09000003,Barnet,barnet,397049,1.856194071764442,185.6194071764442
Barnet,barnet,2018,Sexual Offences,534,E09000003,Barnet,barnet,397049,1.3449221632594466,134.49221632594467
Barnet,barnet,2018,Theft,6184,E09000003,Barnet,barnet,397049,15.574903853176812,1557.490385317681
Barnet,barnet,2018,Vehicle Offences,5253,E09000003,Barnet,barnet,397049,13.230105100378038,1323.010510037804
Barnet,barnet,2018,Violence Against The Person,6522,E09000003,Barnet,barnet,397049,16.42618417374178,1642.618417374178
Barnet,barnet,2019,Arson And Criminal Damage,2078,E09000003,Barnet,barnet,402363,5.164490770771666,516.4490770771666
Barnet,barnet,2019,Burglary,7256,E09000003,Barnet,barnet,402363,18.033467291972674,1803.3467291972672
Barnet,barnet,2019,Drug Offences,850,E09000003,Barnet,barnet,402363,2.1125202864080443,211.25202864080444
Barnet,barnet,2019,Fraud And Forgery,0,E09000003,Barnet,barnet,402363,0.0,0.0
Barnet,barnet,2019,Miscellaneous Crimes Against Society,361,E09000003,Barnet,barnet,402363,0.8971997922274166,89.71997922274166
Barnet,barnet,2019,Possession Of Weapons,168,E09000003,Barnet,barnet,402363,0.41753342131358995,41.753342131359
Barnet,barnet,2019,Public Order Offences,1724,E09000003,Barnet,barnet,402363,4.284688204432316,428.46882044323155
Barnet,barnet,2019,Robbery,1292,E09000003,Barnet,barnet,402363,3.2110308353402277,321.10308353402274
Barnet,barnet,2019,Sexual Offences,535,E09000003,Barnet,barnet,402363,1.3296451214450633,132.96451214450633
Barnet,barnet,2019,Theft,6612,E09000003,Barnet,barnet,402363,16.432922510270576,1643.2922510270575
Barnet,barnet,2019,Vehicle Offences,6506,E09000003,Barnet,barnet,402363,16.16947880396557,1616.9478803965571
Barnet,barnet,2019,Violence Against The Person,7237,E09000003,Barnet,barnet,402363,17.98624625027649,1798.6246250276492
Barnet,barnet,2020,Arson And Criminal Damage,1863,E09000003,Barnet,barnet,407148,4.575731674968316,457.5731674968316
Barnet,barnet,2020,Burglary,5538,E09000003,Barnet,barnet,407148,13.601933449261693,1360.1933449261694
Barnet,barnet,2020,Drug Offences,1148,E09000003,Barnet,barnet,407148,2.8196135066364074,281.9613506636407
Barnet,barnet,2020,Fraud And Forgery,0,E09000003,Barnet,barnet,407148,0.0,0.0
Barnet,barnet,2020,Miscellaneous Crimes Against Society,347,E09000003,Barnet,barnet,407148,0.8522699362394018,85.22699362394019
Barnet,barnet,2020,Possession Of Weapons,166,E09000003,Barnet,barnet,407148,0.40771414817216345,40.771414817216346
Barnet,barnet,2020,Public Order Offences,1690,E09000003,Barnet,barnet,407148,4.150824761511784,415.0824761511784
Barnet,barnet,2020,Robbery,915,E09000003,Barnet,barnet,407148,2.2473400335995755,224.73400335995754
Barnet,barnet,2020,Sexual Offences,542,E09000003,Barnet,barnet,407148,1.331211254875377,133.1211254875377
Barnet,barnet,2020,Theft,5003,E09000003,Barnet,barnet,407148,12.287914959670685,1228.7914959670686
Barnet,barnet,2020,Vehicle Offences,5026,E09000003,Barnet,barnet,407148,12.344405474176467,1234.4405474176467
Barnet,barnet,2020,Violence Against The Person,7269,E09000003,Barnet,barnet,407148,17.85345869315335,1785.345869315335
Barnet,barnet,2021,Arson And Criminal Damage,1780,E09000003,Barnet,barnet,411275,4.328004376633639,432.80043766336394
Barnet,barnet,2021,Burglary,4678,E09000003,Barnet,barnet,411275,11.374384535894475,1137.4384535894474
Barnet,barnet,2021,Drug Offences,1076,E09000003,Barnet,barnet,411275,2.6162543310437054,261.6254331043706
Barnet,barnet,2021,Fraud And Forgery,0,E09000003,Barnet,barnet,411275,0.0,0.0
Barnet,barnet,2021,Miscellaneous Crimes Against Society,392,E09000003,Barnet,barnet,411275,0.9531335481125767,95.31335481125767
Barnet,barnet,2021,Possession Of Weapons,144,E09000003,Barnet,barnet,411275,0.3501306911433955,35.01306911433955
Barnet,barnet,2021,Public Order Offences,2062,E09000003,Barnet,barnet,411275,5.013676980122789,501.36769801227894
Barnet,barnet,2021,Robbery,605,E09000003,Barnet,barnet,411275,1.4710351954288494,147.10351954288495
Barnet,barnet,2021,Sexual Offences,724,E09000003,Barnet,barnet,411275,1.7603793082487387,176.03793082487385
Barnet,barnet,2021,Theft,4959,E09000003,Barnet,barnet,411275,12.057625676250684,1205.7625676250684
Barnet,barnet,2021,Vehicle Offences,4893,E09000003,Barnet,barnet,411275,11.897149109476628,1189.714910947663
Barnet,barnet,2021,Violence Against The Person,7839,E09000003,Barnet,barnet,411275,19.060239499118595,1906.0239499118593
Barnet,barnet,2022,Arson And Criminal Damage,1804,E09000003,Barnet,barnet,415041,4.346558532771461,434.6558532771461
Barnet,barnet,2022,Burglary,5038,E09000003,Barnet,barnet,415041,12.138559804934935,1213.8559804934935
Barnet,barnet,2022,Drug Offences,992,E09000003,Barnet,barnet,415041,2.390125312920892,239.01253129208922
Barnet,barnet,2022,Fraud And Forgery,0,E09000003,Barnet,barnet,415041,0.0,0.0
Barnet,barnet,2022,Miscellaneous Crimes Against Society,372,E09000003,Barnet,barnet,415041,0.8962969923453346,89.62969923453346
Barnet,barnet,2022,Possession Of Weapons,157,E09000003,Barnet,barnet,415041,0.3782758811780041,37.82758811780041
Barnet,barnet,2022,Public Order Offences,1862,E09000003,Barnet,barnet,415041,4.486303762760787,448.6303762760787
Barnet,barnet,2022,Robbery,720,E09000003,Barnet,barnet,415041,1.7347683722812925,173.47683722812926
Barnet,barnet,2022,Sexual Offences,736,E09000003,Barnet,barnet,415041,1.7733187805542103,177.33187805542104
Barnet,barnet,2022,Theft,5620,E09000003,Barnet,barnet,415041,13.540830905862313,1354.0830905862313
Barnet,barnet,2022,Vehicle Offences,4954,E09000003,Barnet,barnet,415041,11.936170161502117,1193.6170161502116
Barnet,barnet,2022,Violence Against The Person,7694,E09000003,Barnet,barnet,415041,18.53792757823926,1853.7927578239257
Barnet,barnet,2023,Arson And Criminal Damage,1853,E09000003,Barnet,barnet,418291,4.429930359486577,442.99303594865773
Barnet,barnet,2023,Burglary,3072,E09000003,Barnet,barnet,418291,7.344169489661503,734.4169489661504
Barnet,barnet,2023,Drug Offences,1083,E09000003,Barnet,barnet,418291,2.58910662672637,258.910662672637
Barnet,barnet,2023,Fraud And Forgery,0,E09000003,Barnet,barnet,418291,0.0,0.0
Barnet,barnet,2023,Miscellaneous Crimes Against Society,355,E09000003,Barnet,barnet,418291,0.8486914612076282,84.8691461207628
Barnet,barnet,2023,Possession Of Weapons,147,E09000003,Barnet,barnet,418291,0.35142998534513054,35.142998534513055
Barnet,barnet,2023,Public Order Offences,2023,E09000003,Barnet,barnet,418291,4.836345988797273,483.6345988797273
Barnet,barnet,2023,Robbery,937,E09000003,Barnet,barnet,418291,2.2400673215536555,224.00673215536554
Barnet,barnet,2023,Sexual Offences,665,E09000003,Barnet,barnet,418291,1.589802314656543,158.9802314656543
Barnet,barnet,2023,Theft,6211,E09000003,Barnet,barnet,418291,14.84851455087487,1484.851455087487
Barnet,barnet,2023,Vehicle Offences,4538,E09000003,Barnet,barnet,418291,10.848906622423145,1084.8906622423146
Barnet,barnet,2023,Violence Against The Person,7968,E09000003,Barnet,barnet,418291,19.048939613809527,1904.8939613809525
Barnet,barnet,2024,Arson And Criminal Damage,1867,E09000003,Barnet,barnet,420924,4.435480039151961,443.5480039151961
Barnet,barnet,2024,Burglary,2435,E09000003,Barnet,barnet,420924,5.784892284592943,578.4892284592943
Barnet,barnet,2024,Drug Offences,1195,E09000003,Barnet,barnet,420924,2.8389923121513623,283.89923121513624
Barnet,barnet,2024,Fraud And Forgery,4,E09000003,Barnet,barnet,420924,0.009502903136908325,0.9502903136908326
Barnet,barnet,2024,Miscellaneous Crimes Against Society,331,E09000003,Barnet,barnet,420924,0.786365234579164,78.6365234579164
Barnet,barnet,2024,Possession Of Weapons,112,E09000003,Barnet,barnet,420924,0.26608128783343316,26.608128783343314
Barnet,barnet,2024,Public Order Offences,1851,E09000003,Barnet,barnet,420924,4.397468426604327,439.7468426604327
Barnet,barnet,2024,Robbery,831,E09000003,Barnet,barnet,420924,1.9742281266927046,197.42281266927046
Barnet,barnet,2024,Sexual Offences,754,E09000003,Barnet,barnet,420924,1.7912972413072192,179.12972413072194
Barnet,barnet,2024,Theft,7130,E09000003,Barnet,barnet,420924,16.93892484153909,1693.892484153909
Barnet,barnet,2024,Vehicle Offences,4383,E09000003,Barnet,barnet,420924,10.412806112267297,1041.28061122673
Barnet,barnet,2024,Violence Against The Person,7347,E09000003,Barnet,barnet,420924,17.454457336716366,1745.4457336716366
Barnet,barnet,2025,Arson And Criminal Damage,444,E09000003,Barnet,barnet,422894,1.049908487706139,104.99084877061391
Barnet,barnet,2025,Burglary,652,E09000003,Barnet,barnet,422894,1.54175750897388,154.17575089738799
Barnet,barnet,2025,Drug Offences,378,E09000003,Barnet,barnet,422894,0.8938410098038752,89.38410098038752
Barnet,barnet,2025,Fraud And Forgery,0,E09000003,Barnet,barnet,422894,0.0,0.0
Barnet,barnet,2025,Miscellaneous Crimes Against Society,83,E09000003,Barnet,barnet,422894,0.19626667675587736,19.626667675587736
Barnet,barnet,2025,Possession Of Weapons,32,E09000003,Barnet,barnet,422894,0.07566908019503706,7.566908019503705
Barnet,barnet,2025,Public Order Offences,419,E09000003,Barnet,barnet,422894,0.9907920188037663,99.07920188037664
Barnet,barnet,2025,Robbery,148,E09000003,Barnet,barnet,422894,0.34996949590204635,34.996949590204636
Barnet,barnet,2025,Sexual Offences,202,E09000003,Barnet,barnet,422894,0.4776610687311714,47.76610687311714
Barnet,barnet,2025,Theft,1653,E09000003,Barnet,barnet,422894,3.9087809238248825,390.87809238248826
Barnet,barnet,2025,Vehicle Offences,985,E09000003,Barnet,barnet,422894,2.329188874753484,232.91888747534844
Barnet,barnet,2025,Violence Against The Person,1802,E09000003,Barnet,barnet,422894,4.261115078483024,426.11150784830244
Bexley,bexley,2010,Arson And Criminal Damage,1574,E09000004,Bexley,bexley,230711,6.822388182618081,682.2388182618081
Bexley,bexley,2010,Burglary,2382,E09000004,Bexley,bexley,230711,10.324605242056078,1032.460524205608
Bexley,bexley,2010,Drug Offences,694,E09000004,Bexley,bexley,230711,3.00809237530937,300.80923753093697
Bexley,bexley,2010,Fraud And Forgery,225,E09000004,Bexley,bexley,230711,0.9752460870959772,97.52460870959771
Bexley,bexley,2010,Miscellaneous Crimes Against Society,135,E09000004,Bexley,bexley,230711,0.5851476522575864,58.51476522575863
Bexley,bexley,2010,Possession Of Weapons,63,E09000004,Bexley,bexley,230711,0.2730689043868736,27.30689043868736
Bexley,bexley,2010,Public Order Offences,280,E09000004,Bexley,bexley,230711,1.2136395750527718,121.36395750527717
Bexley,bexley,2010,Robbery,195,E09000004,Bexley,bexley,230711,0.8452132754831803,84.52132754831803
Bexley,bexley,2010,Sexual Offences,119,E09000004,Bexley,bexley,230711,0.5157968193974279,51.5796819397428
Bexley,bexley,2010,Theft,2046,E09000004,Bexley,bexley,230711,8.868237751992751,886.8237751992752
Bexley,bexley,2010,Vehicle Offences,1498,E09000004,Bexley,bexley,230711,6.492971726532328,649.2971726532328
Bexley,bexley,2010,Violence Against The Person,1996,E09000004,Bexley,bexley,230711,8.651516399304757,865.1516399304758
Bexley,bexley,2011,Arson And Criminal Damage,1665,E09000004,Bexley,bexley,233002,7.1458614089149455,714.5861408914946
Bexley,bexley,2011,Burglary,2394,E09000004,Bexley,bexley,233002,10.27458991768311,1027.458991768311
Bexley,bexley,2011,Drug Offences,931,E09000004,Bexley,bexley,233002,3.9956738568767647,399.5673856876765
Bexley,bexley,2011,Fraud And Forgery,311,E09000004,Bexley,bexley,233002,1.3347524913949238,133.47524913949238
Bexley,bexley,2011,Miscellaneous Crimes Against Society,180,E09000004,Bexley,bexley,233002,0.7725255577205347,77.25255577205346
Bexley,bexley,2011,Possession Of Weapons,75,E09000004,Bexley,bexley,233002,0.32188564905022277,32.188564905022275
Bexley,bexley,2011,Public Order Offences,312,E09000004,Bexley,bexley,233002,1.3390443000489267,133.90443000489267
Bexley,bexley,2011,Robbery,343,E09000004,Bexley,bexley,233002,1.4720903683230186,147.20903683230188
Bexley,bexley,2011,Sexual Offences,146,E09000004,Bexley,bexley,233002,0.6266040634844336,62.66040634844337
Bexley,bexley,2011,Theft,2619,E09000004,Bexley,bexley,233002,11.240246864833779,1124.0246864833778
Bexley,bexley,2011,Vehicle Offences,1640,E09000004,Bexley,bexley,233002,7.038566192564871,703.8566192564871
Bexley,bexley,2011,Violence Against The Person,2400,E09000004,Bexley,bexley,233002,10.300340769607129,1030.0340769607128
Bexley,bexley,2012,Arson And Criminal Damage,1549,E09000004,Bexley,bexley,234499,6.605571878771338,660.5571878771339
Bexley,bexley,2012,Burglary,2736,E09000004,Bexley,bexley,234499,11.667427153207475,1166.7427153207475
Bexley,bexley,2012,Drug Offences,792,E09000004,Bexley,bexley,234499,3.377413123296901,337.7413123296901
Bexley,bexley,2012,Fraud And Forgery,421,E09000004,Bexley,bexley,234499,1.795316824378782,179.5316824378782
Bexley,bexley,2012,Miscellaneous Crimes Against Society,167,E09000004,Bexley,bexley,234499,0.7121565550386143,71.21565550386143
Bexley,bexley,2012,Possession Of Weapons,59,E09000004,Bexley,bexley,234499,0.25160022004358223,25.160022004358225
Bexley,bexley,2012,Public Order Offences,378,E09000004,Bexley,bexley,234499,1.6119471724826118,161.19471724826118
Bexley,bexley,2012,Robbery,229,E09000004,Bexley,bexley,234499,0.9765500066098364,97.65500066098363
Bexley,bexley,2012,Sexual Offences,156,E09000004,Bexley,bexley,234499,0.6652480394372684,66.52480394372684
Bexley,bexley,2012,Theft,2637,E09000004,Bexley,bexley,234499,11.245250512795364,1124.5250512795365
Bexley,bexley,2012,Vehicle Offences,1773,E09000004,Bexley,bexley,234499,7.560799832835108,756.0799832835108
Bexley,bexley,2012,Violence Against The Person,2348,E09000004,Bexley,bexley,234499,10.012835875632732,1001.2835875632733
Bexley,bexley,2013,Arson And Criminal Damage,1400,E09000004,Bexley,bexley,236915,5.909292362239622,590.9292362239622
Bexley,bexley,2013,Burglary,2924,E09000004,Bexley,bexley,236915,12.34197919084904,1234.197919084904
Bexley,bexley,2013,Drug Offences,836,E09000004,Bexley,bexley,236915,3.528691724880231,352.86917248802314
Bexley,bexley,2013,Fraud And Forgery,91,E09000004,Bexley,bexley,236915,0.38410400354557545,38.410400354557545
Bexley,bexley,2013,Miscellaneous Crimes Against Society,165,E09000004,Bexley,bexley,236915,0.6964523141210982,69.64523141210982
Bexley,bexley,2013,Possession Of Weapons,54,E09000004,Bexley,bexley,236915,0.22792984825781398,22.7929848257814
Bexley,bexley,2013,Public Order Offences,441,E09000004,Bexley,bexley,236915,1.861427094105481,186.1427094105481
Bexley,bexley,2013,Robbery,264,E09000004,Bexley,bexley,236915,1.1143237025937571,111.43237025937572
Bexley,bexley,2013,Sexual Offences,171,E09000004,Bexley,bexley,236915,0.7217778528164109,72.17778528164109
Bexley,bexley,2013,Theft,2534,E09000004,Bexley,bexley,236915,10.695819175653716,1069.5819175653717
Bexley,bexley,2013,Vehicle Offences,1714,E09000004,Bexley,bexley,236915,7.2346622206276505,723.466222062765
Bexley,bexley,2013,Violence Against The Person,2314,E09000004,Bexley,bexley,236915,9.767216090158918,976.7216090158918
Bexley,bexley,2014,Arson And Criminal Damage,1387,E09000004,Bexley,bexley,240093,5.776928107025194,577.6928107025194
Bexley,bexley,2014,Burglary,2459,E09000004,Bexley,bexley,240093,10.241864610796648,1024.186461079665
Bexley,bexley,2014,Drug Offences,762,E09000004,Bexley,bexley,240093,3.173770164061426,317.3770164061426
Bexley,bexley,2014,Fraud And Forgery,0,E09000004,Bexley,bexley,240093,0.0,0.0
Bexley,bexley,2014,Miscellaneous Crimes Against Society,167,E09000004,Bexley,bexley,240093,0.6955638023599189,69.5563802359919
Bexley,bexley,2014,Possession Of Weapons,51,E09000004,Bexley,bexley,240093,0.2124176881458435,21.241768814584347
Bexley,bexley,2014,Public Order Offences,552,E09000004,Bexley,bexley,240093,2.2991090952256,229.91090952256002
Bexley,bexley,2014,Robbery,202,E09000004,Bexley,bexley,240093,0.8413406471658899,84.134064716589
Bexley,bexley,2014,Sexual Offences,236,E09000004,Bexley,bexley,240093,0.9829524392631189,98.2952439263119
Bexley,bexley,2014,Theft,2498,E09000004,Bexley,bexley,240093,10.404301666437588,1040.4301666437589
Bexley,bexley,2014,Vehicle Offences,1788,E09000004,Bexley,bexley,240093,7.447114243230748,744.7114243230749
Bexley,bexley,2014,Violence Against The Person,2832,E09000004,Bexley,bexley,240093,11.795429271157426,1179.5429271157427
Bexley,bexley,2015,Arson And Criminal Damage,1500,E09000004,Bexley,bexley,242370,6.1888847629657135,618.8884762965714
Bexley,bexley,2015,Burglary,1765,E09000004,Bexley,bexley,242370,7.28225440442299,728.225440442299
Bexley,bexley,2015,Drug Offences,677,E09000004,Bexley,bexley,242370,2.7932499896851923,279.3249989685192
Bexley,bexley,2015,Fraud And Forgery,0,E09000004,Bexley,bexley,242370,0.0,0.0
Bexley,bexley,2015,Miscellaneous Crimes Against Society,296,E09000004,Bexley,bexley,242370,1.221273259891901,122.12732598919008
Bexley,bexley,2015,Possession Of Weapons,65,E09000004,Bexley,bexley,242370,0.26818500639518095,26.818500639518092
Bexley,bexley,2015,Public Order Offences,711,E09000004,Bexley,bexley,242370,2.933531377645748,293.3531377645748
Bexley,bexley,2015,Robbery,171,E09000004,Bexley,bexley,242370,0.7055328629780914,70.55328629780914
Bexley,bexley,2015,Sexual Offences,265,E09000004,Bexley,bexley,242370,1.093369641457276,109.3369641457276
Bexley,bexley,2015,Theft,2441,E09000004,Bexley,bexley,242370,10.07137847093287,1007.1378470932872
Bexley,bexley,2015,Vehicle Offences,1737,E09000004,Bexley,bexley,242370,7.166728555514297,716.6728555514296
Bexley,bexley,2015,Violence Against The Person,3303,E09000004,Bexley,bexley,242370,13.627924248050501,1362.7924248050501
Bexley,bexley,2016,Arson And Criminal Damage,1600,E09000004,Bexley,bexley,244988,6.530932127287867,653.0932127287867
Bexley,bexley,2016,Burglary,1833,E09000004,Bexley,bexley,244988,7.481999118324163,748.1999118324162
Bexley,bexley,2016,Drug Offences,650,E09000004,Bexley,bexley,244988,2.653191176710696,265.3191176710696
Bexley,bexley,2016,Fraud And Forgery,0,E09000004,Bexley,bexley,244988,0.0,0.0
Bexley,bexley,2016,Miscellaneous Crimes Against Society,218,E09000004,Bexley,bexley,244988,0.8898395023429719,88.9839502342972
Bexley,bexley,2016,Possession Of Weapons,85,E09000004,Bexley,bexley,244988,0.3469557692621679,34.695576926216795
Bexley,bexley,2016,Public Order Offences,777,E09000004,Bexley,bexley,244988,3.17158391431417,317.15839143141704
Bexley,bexley,2016,Robbery,209,E09000004,Bexley,bexley,244988,0.8531030091269777,85.31030091269776
Bexley,bexley,2016,Sexual Offences,348,E09000004,Bexley,bexley,244988,1.4204777376851112,142.04777376851112
Bexley,bexley,2016,Theft,2658,E09000004,Bexley,bexley,244988,10.849510996456969,1084.9510996456968
Bexley,bexley,2016,Vehicle Offences,1744,E09000004,Bexley,bexley,244988,7.1187160187437755,711.8716018743776
Bexley,bexley,2016,Violence Against The Person,3774,E09000004,Bexley,bexley,244988,15.404836155240256,1540.4836155240257
Bexley,bexley,2017,Arson And Criminal Damage,1687,E09000004,Bexley,bexley,247179,6.8250134517899985,682.5013451789998
Bexley,bexley,2017,Burglary,2372,E09000004,Bexley,bexley,247179,9.596284474004669,959.6284474004669
Bexley,bexley,2017,Drug Offences,500,E09000004,Bexley,bexley,247179,2.0228255636603434,202.28255636603436
Bexley,bexley,2017,Fraud And Forgery,0,E09000004,Bexley,bexley,247179,0.0,0.0
Bexley,bexley,2017,Miscellaneous Crimes Against Society,228,E09000004,Bexley,bexley,247179,0.9224084570291166,92.24084570291166
Bexley,bexley,2017,Possession Of Weapons,119,E09000004,Bexley,bexley,247179,0.4814324841511617,48.14324841511617
Bexley,bexley,2017,Public Order Offences,921,E09000004,Bexley,bexley,247179,3.7260446882623524,372.60446882623523
Bexley,bexley,2017,Robbery,286,E09000004,Bexley,bexley,247179,1.1570562224137164,115.70562224137164
Bexley,bexley,2017,Sexual Offences,356,E09000004,Bexley,bexley,247179,1.4402518013261645,144.02518013261644
Bexley,bexley,2017,Theft,2984,E09000004,Bexley,bexley,247179,12.072222963924927,1207.2222963924928
Bexley,bexley,2017,Vehicle Offences,2042,E09000004,Bexley,bexley,247179,8.261219601988843,826.1219601988843
Bexley,bexley,2017,Violence Against The Person,4092,E09000004,Bexley,bexley,247179,16.55480441299625,1655.4804412996252
Bexley,bexley,2018,Arson And Criminal Damage,1506,E09000004,Bexley,bexley,249999,6.024024096096385,602.4024096096384
Bexley,bexley,2018,Burglary,3017,E09000004,Bexley,bexley,249999,12.068048272193089,1206.804827219309
Bexley,bexley,2018,Drug Offences,608,E09000004,Bexley,bexley,249999,2.432009728038912,243.20097280389123
Bexley,bexley,2018,Fraud And Forgery,0,E09000004,Bexley,bexley,249999,0.0,0.0
Bexley,bexley,2018,Miscellaneous Crimes Against Society,209,E09000004,Bexley,bexley,249999,0.8360033440133761,83.6003344013376
Bexley,bexley,2018,Possession Of Weapons,103,E09000004,Bexley,bexley,249999,0.412001648006592,41.2001648006592
Bexley,bexley,2018,Public Order Offences,911,E09000004,Bexley,bexley,249999,3.644014576058304,364.4014576058304
Bexley,bexley,2018,Robbery,318,E09000004,Bexley,bexley,249999,1.2720050880203522,127.20050880203522
Bexley,bexley,2018,Sexual Offences,346,E09000004,Bexley,bexley,249999,1.384005536022144,138.4005536022144
Bexley,bexley,2018,Theft,2799,E09000004,Bexley,bexley,249999,11.196044784179136,1119.6044784179137
Bexley,bexley,2018,Vehicle Offences,2373,E09000004,Bexley,bexley,249999,9.492037968151873,949.2037968151873
Bexley,bexley,2018,Violence Against The Person,4266,E09000004,Bexley,bexley,249999,17.064068256273025,1706.4068256273026
Bexley,bexley,2019,Arson And Criminal Damage,1613,E09000004,Bexley,bexley,252885,6.37839334084663,637.839334084663
Bexley,bexley,2019,Burglary,3088,E09000004,Bexley,bexley,252885,12.211084089605949,1221.1084089605947
Bexley,bexley,2019,Drug Offences,719,E09000004,Bexley,bexley,252885,2.843189592107084,284.31895921070844
Bexley,bexley,2019,Fraud And Forgery,0,E09000004,Bexley,bexley,252885,0.0,0.0
Bexley,bexley,2019,Miscellaneous Crimes Against Society,243,E09000004,Bexley,bexley,252885,0.9609110860667893,96.09110860667893
Bexley,bexley,2019,Possession Of Weapons,128,E09000004,Bexley,bexley,252885,0.5061589259940289,50.61589259940289
Bexley,bexley,2019,Public Order Offences,1119,E09000004,Bexley,bexley,252885,4.424936235838424,442.4936235838424
Bexley,bexley,2019,Robbery,376,E09000004,Bexley,bexley,252885,1.4868418451074599,148.684184510746
Bexley,bexley,2019,Sexual Offences,376,E09000004,Bexley,bexley,252885,1.4868418451074599,148.684184510746
Bexley,bexley,2019,Theft,2867,E09000004,Bexley,bexley,252885,11.337169068944382,1133.7169068944384
Bexley,bexley,2019,Vehicle Offences,3374,E09000004,Bexley,bexley,252885,13.342032939873857,1334.2032939873857
Bexley,bexley,2019,Violence Against The Person,5265,E09000004,Bexley,bexley,252885,20.819740198113767,2081.974019811377
Bexley,bexley,2020,Arson And Criminal Damage,1405,E09000004,Bexley,bexley,254970,5.510452210063929,551.0452210063929
Bexley,bexley,2020,Burglary,1812,E09000004,Bexley,bexley,254970,7.106718437463231,710.6718437463231
Bexley,bexley,2020,Drug Offences,851,E09000004,Bexley,bexley,254970,3.337647566380358,333.76475663803586
Bexley,bexley,2020,Fraud And Forgery,0,E09000004,Bexley,bexley,254970,0.0,0.0
Bexley,bexley,2020,Miscellaneous Crimes Against Society,244,E09000004,Bexley,bexley,254970,0.956975330431031,95.6975330431031
Bexley,bexley,2020,Possession Of Weapons,124,E09000004,Bexley,bexley,254970,0.4863317253010158,48.63317253010158
Bexley,bexley,2020,Public Order Offences,1241,E09000004,Bexley,bexley,254970,4.867239283052908,486.7239283052908
Bexley,bexley,2020,Robbery,302,E09000004,Bexley,bexley,254970,1.1844530729105385,118.44530729105385
Bexley,bexley,2020,Sexual Offences,361,E09000004,Bexley,bexley,254970,1.415852845432796,141.5852845432796
Bexley,bexley,2020,Theft,2203,E09000004,Bexley,bexley,254970,8.640232184178531,864.0232184178532
Bexley,bexley,2020,Vehicle Offences,2330,E09000004,Bexley,bexley,254970,9.138329999607796,913.8329999607796
Bexley,bexley,2020,Violence Against The Person,5192,E09000004,Bexley,bexley,254970,20.363179981958663,2036.3179981958663
Bexley,bexley,2021,Arson And Criminal Damage,1403,E09000004,Bexley,bexley,256845,5.462438435632385,546.2438435632386
Bexley,bexley,2021,Burglary,1263,E09000004,Bexley,bexley,256845,4.9173626116918765,491.7362611691877
Bexley,bexley,2021,Drug Offences,918,E09000004,Bexley,bexley,256845,3.574140045552765,357.4140045552765
Bexley,bexley,2021,Fraud And Forgery,0,E09000004,Bexley,bexley,256845,0.0,0.0
Bexley,bexley,2021,Miscellaneous Crimes Against Society,292,E09000004,Bexley,bexley,256845,1.1368724327902042,113.68724327902042
Bexley,bexley,2021,Possession Of Weapons,95,E09000004,Bexley,bexley,256845,0.36987288053105954,36.98728805310596
Bexley,bexley,2021,Public Order Offences,1154,E09000004,Bexley,bexley,256845,4.492982148766766,449.2982148766766
Bexley,bexley,2021,Robbery,177,E09000004,Bexley,bexley,256845,0.6891315774105006,68.91315774105006
Bexley,bexley,2021,Sexual Offences,427,E09000004,Bexley,bexley,256845,1.662481263018552,166.2481263018552
Bexley,bexley,2021,Theft,2272,E09000004,Bexley,bexley,256845,8.845801942805972,884.5801942805972
Bexley,bexley,2021,Vehicle Offences,1989,E09000004,Bexley,bexley,256845,7.743970098697658,774.3970098697658
Bexley,bexley,2021,Violence Against The Person,5295,E09000004,Bexley,bexley,256845,20.615546341178533,2061.5546341178533
Bexley,bexley,2022,Arson And Criminal Damage,1375,E09000004,Bexley,bexley,258607,5.316948110453313,531.6948110453313
Bexley,bexley,2022,Burglary,1326,E09000004,Bexley,bexley,258607,5.127471414153523,512.7471414153523
Bexley,bexley,2022,Drug Offences,752,E09000004,Bexley,bexley,258607,2.9078872574988304,290.78872574988304
Bexley,bexley,2022,Fraud And Forgery,0,E09000004,Bexley,bexley,258607,0.0,0.0
Bexley,bexley,2022,Miscellaneous Crimes Against Society,268,E09000004,Bexley,bexley,258607,1.0363215226192641,103.63215226192641
Bexley,bexley,2022,Possession Of Weapons,136,E09000004,Bexley,bexley,258607,0.5258945040157459,52.58945040157459
Bexley,bexley,2022,Public Order Offences,1129,E09000004,Bexley,bexley,258607,4.365697757601302,436.5697757601302
Bexley,bexley,2022,Robbery,260,E09000004,Bexley,bexley,258607,1.0053865517948082,100.53865517948083
Bexley,bexley,2022,Sexual Offences,495,E09000004,Bexley,bexley,258607,1.9141013197631929,191.4101319763193
Bexley,bexley,2022,Theft,2710,E09000004,Bexley,bexley,258607,10.479221366784348,1047.9221366784348
Bexley,bexley,2022,Vehicle Offences,2125,E09000004,Bexley,bexley,258607,8.217101625246029,821.710162524603
Bexley,bexley,2022,Violence Against The Person,5651,E09000004,Bexley,bexley,258607,21.851690016124856,2185.1690016124853
Bexley,bexley,2023,Arson And Criminal Damage,1535,E09000004,Bexley,bexley,260232,5.898582803037289,589.858280303729
Bexley,bexley,2023,Burglary,1053,E09000004,Bexley,bexley,260232,4.04638937563405,404.638937563405
Bexley,bexley,2023,Drug Offences,716,E09000004,Bexley,bexley,260232,2.7513910664330288,275.1391066433029
Bexley,bexley,2023,Fraud And Forgery,0,E09000004,Bexley,bexley,260232,0.0,0.0
Bexley,bexley,2023,Miscellaneous Crimes Against Society,237,E09000004,Bexley,bexley,260232,0.910725813889145,91.0725813889145
Bexley,bexley,2023,Possession Of Weapons,107,E09000004,Bexley,bexley,260232,0.4111715699837068,41.11715699837068
Bexley,bexley,2023,Public Order Offences,1262,E09000004,Bexley,bexley,260232,4.849518890835869,484.95188908358693
Bexley,bexley,2023,Robbery,348,E09000004,Bexley,bexley,260232,1.337268283685327,133.7268283685327
Bexley,bexley,2023,Sexual Offences,490,E09000004,Bexley,bexley,260232,1.8829352270281903,188.29352270281902
Bexley,bexley,2023,Theft,2985,E09000004,Bexley,bexley,260232,11.470533985059484,1147.0533985059485
Bexley,bexley,2023,Vehicle Offences,2102,E09000004,Bexley,bexley,260232,8.077407851455625,807.7407851455624
Bexley,bexley,2023,Violence Against The Person,5859,E09000004,Bexley,bexley,260232,22.514525500322787,2251.452550032279
Bexley,bexley,2024,Arson And Criminal Damage,1702,E09000004,Bexley,bexley,262798,6.476457202870646,647.6457202870646
Bexley,bexley,2024,Burglary,806,E09000004,Bexley,bexley,262798,3.0669944215709406,306.69944215709404
Bexley,bexley,2024,Drug Offences,709,E09000004,Bexley,bexley,262798,2.6978896338632716,269.78896338632717
Bexley,bexley,2024,Fraud And Forgery,3,E09000004,Bexley,bexley,262798,0.011415611990958835,1.1415611990958836
Bexley,bexley,2024,Miscellaneous Crimes Against Society,236,E09000004,Bexley,bexley,262798,0.8980281432887618,89.80281432887618
Bexley,bexley,2024,Possession Of Weapons,90,E09000004,Bexley,bexley,262798,0.34246835972876505,34.24683597287651
Bexley,bexley,2024,Public Order Offences,1130,E09000004,Bexley,bexley,262798,4.299880516594494,429.98805165944947
Bexley,bexley,2024,Robbery,324,E09000004,Bexley,bexley,262798,1.2328860950235543,123.28860950235543
Bexley,bexley,2024,Sexual Offences,517,E09000004,Bexley,bexley,262798,1.967290466441906,196.7290466441906
Bexley,bexley,2024,Theft,3584,E09000004,Bexley,bexley,262798,13.637851125198821,1363.7851125198822
Bexley,bexley,2024,Vehicle Offences,2387,E09000004,Bexley,bexley,262798,9.083021940806248,908.3021940806248
Bexley,bexley,2024,Violence Against The Person,5158,E09000004,Bexley,bexley,262798,19.627242216455226,1962.7242216455224
Bexley,bexley,2025,Arson And Criminal Damage,384,E09000004,Bexley,bexley,265249,1.4476963155374762,144.76963155374762
Bexley,bexley,2025,Burglary,203,E09000004,Bexley,bexley,265249,0.7653186251409053,76.53186251409053
Bexley,bexley,2025,Drug Offences,233,E09000004,Bexley,bexley,265249,0.8784198997922706,87.84198997922707
Bexley,bexley,2025,Fraud And Forgery,0,E09000004,Bexley,bexley,265249,0.0,0.0
Bexley,bexley,2025,Miscellaneous Crimes Against Society,58,E09000004,Bexley,bexley,265249,0.21866246432597297,21.866246432597297
Bexley,bexley,2025,Possession Of Weapons,21,E09000004,Bexley,bexley,265249,0.07917089225595572,7.917089225595573
Bexley,bexley,2025,Public Order Offences,248,E09000004,Bexley,bexley,265249,0.9349705371179533,93.49705371179533
Bexley,bexley,2025,Robbery,86,E09000004,Bexley,bexley,265249,0.32422365400058056,32.422365400058055
Bexley,bexley,2025,Sexual Offences,134,E09000004,Bexley,bexley,265249,0.5051856934427651,50.518569344276514
Bexley,bexley,2025,Theft,877,E09000004,Bexley,bexley,265249,3.3063272623082463,330.63272623082463
Bexley,bexley,2025,Vehicle Offences,421,E09000004,Bexley,bexley,265249,1.5871878876074932,158.71878876074933
Bexley,bexley,2025,Violence Against The Person,1275,E09000004,Bexley,bexley,265249,4.806804172683027,480.6804172683026
Brent,brent,2010,Arson And Criminal Damage,1910,E09000005,Brent,brent,304785,6.26671260068573,626.6712600685729
Brent,brent,2010,Burglary,5232,E09000005,Brent,brent,304785,17.16619912397264,1716.6199123972638
Brent,brent,2010,Drug Offences,2503,E09000005,Brent,brent,304785,8.212346408123759,821.2346408123759
Brent,brent,2010,Fraud And Forgery,626,E09000005,Brent,brent,304785,2.0539068523713437,205.39068523713436
Brent,brent,2010,Miscellaneous Crimes Against Society,161,E09000005,Brent,brent,304785,0.528241219220106,52.8241219220106
Brent,brent,2010,Nfib Fraud,0,E09000005,Brent,brent,304785,0.0,0.0
Brent,brent,2010,Possession Of Weapons,165,E09000005,Brent,brent,304785,0.5413652246665682,54.13652246665683
Brent,brent,2010,Public Order Offences,555,E09000005,Brent,brent,304785,1.8209557556966387,182.09557556966388
Brent,brent,2010,Robbery,1405,E09000005,Brent,brent,304785,4.609806913069869,460.9806913069869
Brent,brent,2010,Sexual Offences,211,E09000005,Brent,brent,304785,0.6922912873008842,69.22912873008842
Brent,brent,2010,Theft,4035,E09000005,Brent,brent,304785,13.238840494118804,1323.8840494118806
Brent,brent,2010,Vehicle Offences,2653,E09000005,Brent,brent,304785,8.704496612366095,870.4496612366095
Brent,brent,2010,Violence Against The Person,4388,E09000005,Brent,brent,304785,14.3970339747691,1439.70339747691
Brent,brent,2011,Arson And Criminal Damage,2330,E09000005,Brent,brent,313084,7.442092218062884,744.2092218062884
Brent,brent,2011,Burglary,7540,E09000005,Brent,brent,313084,24.082993701370878,2408.299370137088
Brent,brent,2011,Drug Offences,4291,E09000005,Brent,brent,313084,13.705586999016239,1370.5586999016239
Brent,brent,2011,Fraud And Forgery,949,E09000005,Brent,brent,313084,3.031135414138059,303.1135414138059
Brent,brent,2011,Miscellaneous Crimes Against Society,286,E09000005,Brent,brent,313084,0.9134928645347575,91.34928645347576
Brent,brent,2011,Nfib Fraud,0,E09000005,Brent,brent,313084,0.0,0.0
Brent,brent,2011,Possession Of Weapons,248,E09000005,Brent,brent,313084,0.79211968672944,79.211968672944
Brent,brent,2011,Public Order Offences,803,E09000005,Brent,brent,313084,2.5648068888860496,256.48068888860496
Brent,brent,2011,Robbery,2069,E09000005,Brent,brent,313084,6.608450128400046,660.8450128400046
Brent,brent,2011,Sexual Offences,322,E09000005,Brent,brent,313084,1.0284779803503215,102.84779803503214
Brent,brent,2011,Theft,5484,E09000005,Brent,brent,313084,17.51606597590423,1751.606597590423
Brent,brent,2011,Vehicle Offences,3393,E09000005,Brent,brent,313084,10.837347165616896,1083.7347165616895
Brent,brent,2011,Violence Against The Person,5630,E09000005,Brent,brent,313084,17.98239450115624,1798.239450115624
Brent,brent,2012,Arson And Criminal Damage,2109,E09000005,Brent,brent,315499,6.684648762753606,668.4648762753607
Brent,brent,2012,Burglary,7842,E09000005,Brent,brent,315499,24.85586325154755,2485.586325154755
Brent,brent,2012,Drug Offences,3452,E09000005,Brent,brent,315499,10.941397595554976,1094.1397595554977
Brent,brent,2012,Fraud And Forgery,1273,E09000005,Brent,brent,315499,4.034878082022447,403.48780820224465
Brent,brent,2012,Miscellaneous Crimes Against Society,282,E09000005,Brent,brent,315499,0.8938221674236685,89.38221674236685
Brent,brent,2012,Nfib Fraud,0,E09000005,Brent,brent,315499,0.0,0.0
Brent,brent,2012,Possession Of Weapons,150,E09000005,Brent,brent,315499,0.47543732309769604,47.5437323097696
Brent,brent,2012,Public Order Offences,995,E09000005,Brent,brent,315499,3.1537342432147173,315.3734243214717
Brent,brent,2012,Robbery,1628,E09000005,Brent,brent,315499,5.160079746686994,516.0079746686994
Brent,brent,2012,Sexual Offences,345,E09000005,Brent,brent,315499,1.093505843124701,109.35058431247009
Brent,brent,2012,Theft,5396,E09000005,Brent,brent,315499,17.10306530290112,1710.3065302901118
Brent,brent,2012,Vehicle Offences,2968,E09000005,Brent,brent,315499,9.407319833026413,940.7319833026412
Brent,brent,2012,Violence Against The Person,5142,E09000005,Brent,brent,315499,16.297991435789022,1629.799143578902
Brent,brent,2013,Arson And Criminal Damage,1952,E09000005,Brent,brent,318103,6.136377211154878,613.6377211154878
Brent,brent,2013,Burglary,6174,E09000005,Brent,brent,318103,19.408807838970397,1940.8807838970397
Brent,brent,2013,Drug Offences,3335,E09000005,Brent,brent,318103,10.48402561434504,1048.402561434504
Brent,brent,2013,Fraud And Forgery,109,E09000005,Brent,brent,318103,0.3426563094343656,34.26563094343656
Brent,brent,2013,Miscellaneous Crimes Against Society,274,E09000005,Brent,brent,318103,0.8613562273854695,86.13562273854694
Brent,brent,2013,Nfib Fraud,0,E09000005,Brent,brent,318103,0.0,0.0
Brent,brent,2013,Possession Of Weapons,175,E09000005,Brent,brent,318103,0.5501362766148071,55.01362766148071
Brent,brent,2013,Public Order Offences,942,E09000005,Brent,brent,318103,2.961304986120848,296.1304986120848
Brent,brent,2013,Robbery,1144,E09000005,Brent,brent,318103,3.596319431127654,359.6319431127654
Brent,brent,2013,Sexual Offences,323,E09000005,Brent,brent,318103,1.0153943848376155,101.53943848376156
Brent,brent,2013,Theft,4999,E09000005,Brent,brent,318103,15.71503569598526,1571.5035695985262
Brent,brent,2013,Vehicle Offences,2764,E09000005,Brent,brent,318103,8.689009534647582,868.9009534647582
Brent,brent,2013,Violence Against The Person,4844,E09000005,Brent,brent,318103,15.227772136697862,1522.777213669786
Brent,brent,2014,Arson And Criminal Damage,2068,E09000005,Brent,brent,321601,6.430328263904652,643.0328263904653
Brent,brent,2014,Burglary,5268,E09000005,Brent,brent,321601,16.38054608039154,1638.054608039154
Brent,brent,2014,Drug Offences,2911,E09000005,Brent,brent,321601,9.051588769935417,905.1588769935416
Brent,brent,2014,Fraud And Forgery,0,E09000005,Brent,brent,321601,0.0,0.0
Brent,brent,2014,Miscellaneous Crimes Against Society,275,E09000005,Brent,brent,321601,0.855096843604342,85.5096843604342
Brent,brent,2014,Nfib Fraud,0,E09000005,Brent,brent,321601,0.0,0.0
Brent,brent,2014,Possession Of Weapons,163,E09000005,Brent,brent,321601,0.5068392200273009,50.683922002730085
Brent,brent,2014,Public Order Offences,1268,E09000005,Brent,brent,321601,3.94277380978293,394.277380978293
Brent,brent,2014,Robbery,871,E09000005,Brent,brent,321601,2.7083249119250254,270.8324911925025
Brent,brent,2014,Sexual Offences,443,E09000005,Brent,brent,321601,1.3774832789699036,137.74832789699036
Brent,brent,2014,Theft,5345,E09000005,Brent,brent,321601,16.619973196600757,1661.9973196600756
Brent,brent,2014,Vehicle Offences,2422,E09000005,Brent,brent,321601,7.531071109853514,753.1071109853514
Brent,brent,2014,Violence Against The Person,6373,E09000005,Brent,brent,321601,19.816480670147172,1981.648067014717
Brent,brent,2015,Arson And Criminal Damage,2061,E09000005,Brent,brent,324851,6.344447146537951,634.4447146537951
Brent,brent,2015,Burglary,5404,E09000005,Brent,brent,324851,16.63531896161625,1663.531896161625
Brent,brent,2015,Drug Offences,1819,E09000005,Brent,brent,324851,5.599490227827527,559.9490227827528
Brent,brent,2015,Fraud And Forgery,0,E09000005,Brent,brent,324851,0.0,0.0
Brent,brent,2015,Miscellaneous Crimes Against Society,280,E09000005,Brent,brent,324851,0.8619336249542098,86.19336249542097
Brent,brent,2015,Nfib Fraud,0,E09000005,Brent,brent,324851,0.0,0.0
Brent,brent,2015,Possession Of Weapons,193,E09000005,Brent,brent,324851,0.5941185343434375,59.41185343434375
Brent,brent,2015,Public Order Offences,1444,E09000005,Brent,brent,324851,4.445114837263853,444.5114837263853
Brent,brent,2015,Robbery,883,E09000005,Brent,brent,324851,2.7181692529805974,271.81692529805974
Brent,brent,2015,Sexual Offences,487,E09000005,Brent,brent,324851,1.4991488405453577,149.91488405453578
Brent,brent,2015,Theft,5500,E09000005,Brent,brent,324851,16.93083906160055,1693.083906160055
Brent,brent,2015,Vehicle Offences,3012,E09000005,Brent,brent,324851,9.271943137007428,927.1943137007428
Brent,brent,2015,Violence Against The Person,7002,E09000005,Brent,brent,324851,21.554497292604918,2155.449729260492
Brent,brent,2016,Arson And Criminal Damage,2224,E09000005,Brent,brent,329093,6.757968112357298,675.7968112357297
Brent,brent,2016,Burglary,5264,E09000005,Brent,brent,329093,15.99547848176655,1599.5478481766552
Brent,brent,2016,Drug Offences,2132,E09000005,Brent,brent,329093,6.4784118774935955,647.8411877493596
Brent,brent,2016,Fraud And Forgery,0,E09000005,Brent,brent,329093,0.0,0.0
Brent,brent,2016,Miscellaneous Crimes Against Society,316,E09000005,Brent,brent,329093,0.9602148936622777,96.02148936622778
Brent,brent,2016,Nfib Fraud,0,E09000005,Brent,brent,329093,0.0,0.0
Brent,brent,2016,Possession Of Weapons,257,E09000005,Brent,brent,329093,0.7809342647822956,78.09342647822956
Brent,brent,2016,Public Order Offences,1531,E09000005,Brent,brent,329093,4.6521803866992,465.21803866992
Brent,brent,2016,Robbery,920,E09000005,Brent,brent,329093,2.795562348637011,279.55623486370115
Brent,brent,2016,Sexual Offences,537,E09000005,Brent,brent,329093,1.6317575882805164,163.17575882805164
Brent,brent,2016,Theft,5937,E09000005,Brent,brent,329093,18.04049311288906,1804.049311288906
Brent,brent,2016,Vehicle Offences,3134,E09000005,Brent,brent,329093,9.523143913726516,952.3143913726516
Brent,brent,2016,Violence Against The Person,7644,E09000005,Brent,brent,329093,23.22747673150143,2322.747673150143
Brent,brent,2017,Arson And Criminal Damage,2182,E09000005,Brent,brent,332750,6.557475582268971,655.7475582268971
Brent,brent,2017,Burglary,5748,E09000005,Brent,brent,332750,17.274229902329076,1727.4229902329075
Brent,brent,2017,Drug Offences,1701,E09000005,Brent,brent,332750,5.111945905334335,511.1945905334335
Brent,brent,2017,Fraud And Forgery,0,E09000005,Brent,brent,332750,0.0,0.0
Brent,brent,2017,Miscellaneous Crimes Against Society,355,E09000005,Brent,brent,332750,1.0668670172802404,106.68670172802403
Brent,brent,2017,Nfib Fraud,0,E09000005,Brent,brent,332750,0.0,0.0
Brent,brent,2017,Possession Of Weapons,285,E09000005,Brent,brent,332750,0.8564988730277986,85.64988730277986
Brent,brent,2017,Public Order Offences,1642,E09000005,Brent,brent,332750,4.934635612321563,493.4635612321563
Brent,brent,2017,Robbery,1203,E09000005,Brent,brent,332750,3.615326821938392,361.5326821938392
Brent,brent,2017,Sexual Offences,621,E09000005,Brent,brent,332750,1.866265965439519,186.6265965439519
Brent,brent,2017,Theft,6215,E09000005,Brent,brent,332750,18.677685950413224,1867.7685950413222
Brent,brent,2017,Vehicle Offences,4036,E09000005,Brent,brent,332750,12.129226145755071,1212.9226145755072
Brent,brent,2017,Violence Against The Person,8154,E09000005,Brent,brent,332750,24.50488354620586,2450.488354620586
Brent,brent,2018,Arson And Criminal Damage,2100,E09000005,Brent,brent,336859,6.234062322811622,623.4062322811621
Brent,brent,2018,Burglary,6452,E09000005,Brent,brent,336859,19.153414336562182,1915.3414336562182
Brent,brent,2018,Drug Offences,1776,E09000005,Brent,brent,336859,5.272235564434971,527.2235564434972
Brent,brent,2018,Fraud And Forgery,0,E09000005,Brent,brent,336859,0.0,0.0
Brent,brent,2018,Miscellaneous Crimes Against Society,369,E09000005,Brent,brent,336859,1.095413808151185,109.5413808151185
Brent,brent,2018,Nfib Fraud,0,E09000005,Brent,brent,336859,0.0,0.0
Brent,brent,2018,Possession Of Weapons,289,E09000005,Brent,brent,336859,0.8579257196631231,85.79257196631232
Brent,brent,2018,Public Order Offences,1773,E09000005,Brent,brent,336859,5.263329761116669,526.3329761116669
Brent,brent,2018,Robbery,1414,E09000005,Brent,brent,336859,4.197601964026492,419.76019640264917
Brent,brent,2018,Sexual Offences,632,E09000005,Brent,brent,336859,1.876155899055688,187.6155899055688
Brent,brent,2018,Theft,5894,E09000005,Brent,brent,336859,17.49693491935795,1749.693491935795
Brent,brent,2018,Vehicle Offences,3956,E09000005,Brent,brent,336859,11.743785975734655,1174.3785975734654
Brent,brent,2018,Violence Against The Person,8534,E09000005,Brent,brent,336859,25.33404183946399,2533.404183946399
Brent,brent,2019,Arson And Criminal Damage,2094,E09000005,Brent,brent,340710,6.145989257726512,614.5989257726512
Brent,brent,2019,Burglary,5328,E09000005,Brent,brent,340710,15.637932552610724,1563.7932552610725
Brent,brent,2019,Drug Offences,1793,E09000005,Brent,brent,340710,5.262539990020839,526.2539990020839
Brent,brent,2019,Fraud And Forgery,0,E09000005,Brent,brent,340710,0.0,0.0
Brent,brent,2019,Miscellaneous Crimes Against Society,350,E09000005,Brent,brent,340710,1.0272665903554343,102.72665903554342
Brent,brent,2019,Nfib Fraud,0,E09000005,Brent,brent,340710,0.0,0.0
Brent,brent,2019,Possession Of Weapons,281,E09000005,Brent,brent,340710,0.824748319685363,82.4748319685363
Brent,brent,2019,Public Order Offences,1811,E09000005,Brent,brent,340710,5.315370843239118,531.5370843239118
Brent,brent,2019,Robbery,1374,E09000005,Brent,brent,340710,4.032755128995333,403.27551289953334
Brent,brent,2019,Sexual Offences,652,E09000005,Brent,brent,340710,1.9136509054621234,191.36509054621231
Brent,brent,2019,Theft,5596,E09000005,Brent,brent,340710,16.424525256082887,1642.4525256082886
Brent,brent,2019,Vehicle Offences,4562,E09000005,Brent,brent,340710,13.38968624343283,1338.9686243432832
Brent,brent,2019,Violence Against The Person,8709,E09000005,Brent,brent,340710,25.56132781544422,2556.132781544422
Brent,brent,2020,Arson And Criminal Damage,2019,E09000005,Brent,brent,343853,5.871695172064807,587.1695172064807
Brent,brent,2020,Burglary,4190,E09000005,Brent,brent,343853,12.18543970824742,1218.543970824742
Brent,brent,2020,Drug Offences,2239,E09000005,Brent,brent,343853,6.511503462235316,651.1503462235316
Brent,brent,2020,Fraud And Forgery,0,E09000005,Brent,brent,343853,0.0,0.0
Brent,brent,2020,Miscellaneous Crimes Against Society,405,E09000005,Brent,brent,343853,1.1778288978138916,117.78288978138914
Brent,brent,2020,Nfib Fraud,0,E09000005,Brent,brent,343853,0.0,0.0
Brent,brent,2020,Possession Of Weapons,265,E09000005,Brent,brent,343853,0.7706781677053858,77.06781677053857
Brent,brent,2020,Public Order Offences,1992,E09000005,Brent,brent,343853,5.793173245543881,579.317324554388
Brent,brent,2020,Robbery,957,E09000005,Brent,brent,343853,2.7831660622417136,278.3166062241714
Brent,brent,2020,Sexual Offences,588,E09000005,Brent,brent,343853,1.710033066455724,171.0033066455724
Brent,brent,2020,Theft,4506,E09000005,Brent,brent,343853,13.104437070492333,1310.4437070492334
Brent,brent,2020,Vehicle Offences,4239,E09000005,Brent,brent,343853,12.327942463785398,1232.7942463785396
Brent,brent,2020,Violence Against The Person,8688,E09000005,Brent,brent,343853,25.266611022733553,2526.661102273355
Brent,brent,2021,Arson And Criminal Damage,2012,E09000005,Brent,brent,346437,5.807693750956162,580.7693750956162
Brent,brent,2021,Burglary,3560,E09000005,Brent,brent,346437,10.27603864483297,1027.6038644832972
Brent,brent,2021,Drug Offences,1916,E09000005,Brent,brent,346437,5.530587090870779,553.0587090870779
Brent,brent,2021,Fraud And Forgery,0,E09000005,Brent,brent,346437,0.0,0.0
Brent,brent,2021,Miscellaneous Crimes Against Society,435,E09000005,Brent,brent,346437,1.2556395535118938,125.56395535118939
Brent,brent,2021,Nfib Fraud,0,E09000005,Brent,brent,346437,0.0,0.0
Brent,brent,2021,Possession Of Weapons,236,E09000005,Brent,brent,346437,0.6812205393765678,68.12205393765677
Brent,brent,2021,Public Order Offences,2130,E09000005,Brent,brent,346437,6.148304020644447,614.8304020644447
Brent,brent,2021,Robbery,719,E09000005,Brent,brent,346437,2.0754134229311534,207.54134229311535
Brent,brent,2021,Sexual Offences,655,E09000005,Brent,brent,346437,1.8906756495408976,189.06756495408976
Brent,brent,2021,Theft,4942,E09000005,Brent,brent,346437,14.265219938978804,1426.5219938978803
Brent,brent,2021,Vehicle Offences,3529,E09000005,Brent,brent,346437,10.186556285847066,1018.6556285847066
Brent,brent,2021,Violence Against The Person,8941,E09000005,Brent,brent,346437,25.808444248160562,2580.8444248160563
Brent,brent,2022,Arson And Criminal Damage,1913,E09000005,Brent,brent,348783,5.484785669026301,548.4785669026301
Brent,brent,2022,Burglary,3762,E09000005,Brent,brent,348783,10.786076156234678,1078.6076156234678
Brent,brent,2022,Drug Offences,1729,E09000005,Brent,brent,348783,4.957237021299777,495.72370212997765
Brent,brent,2022,Fraud And Forgery,0,E09000005,Brent,brent,348783,0.0,0.0
Brent,brent,2022,Miscellaneous Crimes Against Society,408,E09000005,Brent,brent,348783,1.1697817840892475,116.97817840892475
Brent,brent,2022,Nfib Fraud,0,E09000005,Brent,brent,348783,0.0,0.0
Brent,brent,2022,Possession Of Weapons,231,E09000005,Brent,brent,348783,0.6623029218740593,66.23029218740592
Brent,brent,2022,Public Order Offences,2157,E09000005,Brent,brent,348783,6.184361049707125,618.4361049707124
Brent,brent,2022,Robbery,905,E09000005,Brent,brent,348783,2.594736555394041,259.47365553940415
Brent,brent,2022,Sexual Offences,795,E09000005,Brent,brent,348783,2.2793542116444896,227.93542116444897
Brent,brent,2022,Theft,6031,E09000005,Brent,brent,348783,17.291553774123166,1729.1553774123165
Brent,brent,2022,Vehicle Offences,3682,E09000005,Brent,brent,348783,10.556707178962277,1055.6707178962276
Brent,brent,2022,Violence Against The Person,9562,E09000005,Brent,brent,348783,27.415327008483786,2741.5327008483787
Brent,brent,2023,Arson And Criminal Damage,2032,E09000005,Brent,brent,350714,5.79389474044378,579.389474044378
Brent,brent,2023,Burglary,2629,E09000005,Brent,brent,350714,7.49613645306432,749.613645306432
Brent,brent,2023,Drug Offences,1680,E09000005,Brent,brent,350714,4.790227935012575,479.02279350125747
Brent,brent,2023,Fraud And Forgery,0,E09000005,Brent,brent,350714,0.0,0.0
Brent,brent,2023,Miscellaneous Crimes Against Society,360,E09000005,Brent,brent,350714,1.0264774146455518,102.64774146455517
Brent,brent,2023,Nfib Fraud,0,E09000005,Brent,brent,350714,0.0,0.0
Brent,brent,2023,Possession Of Weapons,236,E09000005,Brent,brent,350714,0.672912971823195,67.2912971823195
Brent,brent,2023,Public Order Offences,2234,E09000005,Brent,brent,350714,6.369862623106006,636.9862623106006
Brent,brent,2023,Robbery,1074,E09000005,Brent,brent,350714,3.0623242870258958,306.2324287025896
Brent,brent,2023,Sexual Offences,791,E09000005,Brent,brent,350714,2.2553989860684207,225.53989860684206
Brent,brent,2023,Theft,7480,E09000005,Brent,brent,350714,21.327919615413126,2132.791961541313
Brent,brent,2023,Vehicle Offences,3794,E09000005,Brent,brent,350714,10.817931419903397,1081.7931419903398
Brent,brent,2023,Violence Against The Person,9680,E09000005,Brent,brent,350714,27.600837149358167,2760.0837149358167
Brent,brent,2024,Arson And Criminal Damage,2052,E09000005,Brent,brent,353130,5.810891173222326,581.0891173222326
Brent,brent,2024,Burglary,1992,E09000005,Brent,brent,353130,5.640982074590094,564.0982074590095
Brent,brent,2024,Drug Offences,1724,E09000005,Brent,brent,353130,4.882054767366125,488.2054767366126
Brent,brent,2024,Fraud And Forgery,4,E09000005,Brent,brent,353130,0.011327273242148782,1.1327273242148783
Brent,brent,2024,Miscellaneous Crimes Against Society,318,E09000005,Brent,brent,353130,0.9005182227508283,90.05182227508283
Brent,brent,2024,Nfib Fraud,1,E09000005,Brent,brent,353130,0.0028318183105371956,0.2831818310537196
Brent,brent,2024,Possession Of Weapons,200,E09000005,Brent,brent,353130,0.5663636621074392,56.636366210743915
Brent,brent,2024,Public Order Offences,2146,E09000005,Brent,brent,353130,6.077082094412822,607.7082094412822
Brent,brent,2024,Robbery,1129,E09000005,Brent,brent,353130,3.1971228725964944,319.71228725964943
Brent,brent,2024,Sexual Offences,826,E09000005,Brent,brent,353130,2.339081924503724,233.90819245037238
Brent,brent,2024,Theft,8989,E09000005,Brent,brent,353130,25.455214793418854,2545.5214793418854
Brent,brent,2024,Vehicle Offences,3744,E09000005,Brent,brent,353130,10.602327754651261,1060.2327754651262
Brent,brent,2024,Violence Against The Person,9316,E09000005,Brent,brent,353130,26.381219380964517,2638.1219380964517
Brent,brent,2025,Arson And Criminal Damage,460,E09000005,Brent,brent,358170,1.2843063349805959,128.4306334980596
Brent,brent,2025,Burglary,410,E09000005,Brent,brent,358170,1.144707820308792,114.47078203087918
Brent,brent,2025,Drug Offences,524,E09000005,Brent,brent,358170,1.4629924337605047,146.29924337605047
Brent,brent,2025,Fraud And Forgery,0,E09000005,Brent,brent,358170,0.0,0.0
Brent,brent,2025,Miscellaneous Crimes Against Society,89,E09000005,Brent,brent,358170,0.24848535611581093,24.848535611581095
Brent,brent,2025,Nfib Fraud,0,E09000005,Brent,brent,358170,0.0,0.0
Brent,brent,2025,Possession Of Weapons,47,E09000005,Brent,brent,358170,0.13122260379149567,13.122260379149566
Brent,brent,2025,Public Order Offences,445,E09000005,Brent,brent,358170,1.2424267805790545,124.24267805790545
Brent,brent,2025,Robbery,245,E09000005,Brent,brent,358170,0.6840327218918391,68.40327218918391
Brent,brent,2025,Sexual Offences,214,E09000005,Brent,brent,358170,0.5974816427953207,59.74816427953206
Brent,brent,2025,Theft,2281,E09000005,Brent,brent,358170,6.368484239327694,636.8484239327694
Brent,brent,2025,Vehicle Offences,687,E09000005,Brent,brent,358170,1.9180835915905854,191.80835915905854
Brent,brent,2025,Violence Against The Person,2197,E09000005,Brent,brent,358170,6.133958734679063,613.3958734679063
Bromley,bromley,2010,Arson And Criminal Damage,2060,E09000006,Bromley,bromley,308560,6.6761731915996885,667.6173191599689
Bromley,bromley,2010,Burglary,4422,E09000006,Bromley,bromley,308560,14.331086336530984,1433.1086336530984
Bromley,bromley,2010,Drug Offences,753,E09000006,Bromley,bromley,308560,2.44036816178377,244.03681617837697
Bromley,bromley,2010,Fraud And Forgery,369,E09000006,Bromley,bromley,308560,1.1958776250972258,119.58776250972258
Bromley,bromley,2010,Miscellaneous Crimes Against Society,167,E09000006,Bromley,bromley,308560,0.5412237490277418,54.12237490277418
Bromley,bromley,2010,Possession Of Weapons,96,E09000006,Bromley,bromley,308560,0.311122634171636,31.1122634171636
Bromley,bromley,2010,Public Order Offences,487,E09000006,Bromley,bromley,308560,1.5782991962665285,157.82991962665284
Bromley,bromley,2010,Robbery,440,E09000006,Bromley,bromley,308560,1.4259787399533315,142.59787399533315
Bromley,bromley,2010,Sexual Offences,177,E09000006,Bromley,bromley,308560,0.5736323567539539,57.36323567539539
Bromley,bromley,2010,Theft,4044,E09000006,Bromley,bromley,308560,13.106040964480165,1310.6040964480164
Bromley,bromley,2010,Vehicle Offences,2289,E09000006,Bromley,bromley,308560,7.418330308529946,741.8330308529945
Bromley,bromley,2010,Violence Against The Person,2952,E09000006,Bromley,bromley,308560,9.567021000777807,956.7021000777806
Bromley,bromley,2011,Arson And Criminal Damage,2586,E09000006,Bromley,bromley,311110,8.31217254347337,831.217254347337
Bromley,bromley,2011,Burglary,6330,E09000006,Bromley,bromley,311110,20.34650123750442,2034.650123750442
Bromley,bromley,2011,Drug Offences,1056,E09000006,Bromley,bromley,311110,3.3942978367779886,339.42978367779887
Bromley,bromley,2011,Fraud And Forgery,549,E09000006,Bromley,bromley,311110,1.7646491594612839,176.4649159461284
Bromley,bromley,2011,Miscellaneous Crimes Against Society,191,E09000006,Bromley,bromley,311110,0.613930764038443,61.393076403844304
Bromley,bromley,2011,Possession Of Weapons,128,E09000006,Bromley,bromley,311110,0.41143004082157436,41.14300408215744
Bromley,bromley,2011,Public Order Offences,610,E09000006,Bromley,bromley,311110,1.9607212882903151,196.07212882903153
Bromley,bromley,2011,Robbery,685,E09000006,Bromley,bromley,311110,2.2017935778342066,220.17935778342067
Bromley,bromley,2011,Sexual Offences,233,E09000006,Bromley,bromley,311110,0.7489312461830221,74.89312461830221
Bromley,bromley,2011,Theft,5520,E09000006,Bromley,bromley,311110,17.742920510430395,1774.2920510430395
Bromley,bromley,2011,Vehicle Offences,3024,E09000006,Bromley,bromley,311110,9.720034714409694,972.0034714409694
Bromley,bromley,2011,Violence Against The Person,3796,E09000006,Bromley,bromley,311110,12.201472148114815,1220.1472148114815
Bromley,bromley,2012,Arson And Criminal Damage,2209,E09000006,Bromley,bromley,314592,7.02179330688638,702.1793306886381
Bromley,bromley,2012,Burglary,6862,E09000006,Bromley,bromley,314592,21.812379208625778,2181.2379208625775
Bromley,bromley,2012,Drug Offences,1012,E09000006,Bromley,bromley,314592,3.216865018818025,321.6865018818025
Bromley,bromley,2012,Fraud And Forgery,580,E09000006,Bromley,bromley,314592,1.8436578171091444,184.36578171091446
Bromley,bromley,2012,Miscellaneous Crimes Against Society,232,E09000006,Bromley,bromley,314592,0.7374631268436578,73.74631268436578
Bromley,bromley,2012,Possession Of Weapons,98,E09000006,Bromley,bromley,314592,0.3115145966839589,31.15145966839589
Bromley,bromley,2012,Public Order Offences,591,E09000006,Bromley,bromley,314592,1.8786237412267317,187.86237412267317
Bromley,bromley,2012,Robbery,578,E09000006,Bromley,bromley,314592,1.8373003763604923,183.73003763604922
Bromley,bromley,2012,Sexual Offences,218,E09000006,Bromley,bromley,314592,0.6929610416030922,69.29610416030923
Bromley,bromley,2012,Theft,5010,E09000006,Bromley,bromley,314592,15.925389075373817,1592.5389075373816
Bromley,bromley,2012,Vehicle Offences,2832,E09000006,Bromley,bromley,314592,9.002136100091548,900.2136100091546
Bromley,bromley,2012,Violence Against The Person,3439,E09000006,Bromley,bromley,314592,10.931619367307498,1093.1619367307496
Bromley,bromley,2013,Arson And Criminal Damage,1937,E09000006,Bromley,bromley,318455,6.082492031841234,608.2492031841234
Bromley,bromley,2013,Burglary,6240,E09000006,Bromley,bromley,318455,19.59460520324693,1959.4605203246927
Bromley,bromley,2013,Drug Offences,1047,E09000006,Bromley,bromley,318455,3.2877486615063356,328.77486615063356
Bromley,bromley,2013,Fraud And Forgery,60,E09000006,Bromley,bromley,318455,0.18840966541583581,18.840966541583583
Bromley,bromley,2013,Miscellaneous Crimes Against Society,194,E09000006,Bromley,bromley,318455,0.6091912515112026,60.919125151120255
Bromley,bromley,2013,Possession Of Weapons,94,E09000006,Bromley,bromley,318455,0.29517514248480947,29.51751424848095
Bromley,bromley,2013,Public Order Offences,717,E09000006,Bromley,bromley,318455,2.2514955017192384,225.14955017192383
Bromley,bromley,2013,Robbery,568,E09000006,Bromley,bromley,318455,1.7836114992699126,178.36114992699126
Bromley,bromley,2013,Sexual Offences,267,E09000006,Bromley,bromley,318455,0.8384230111004695,83.84230111004695
Bromley,bromley,2013,Theft,4888,E09000006,Bromley,bromley,318455,15.349107409210092,1534.9107409210092
Bromley,bromley,2013,Vehicle Offences,2783,E09000006,Bromley,bromley,318455,8.73906831420452,873.9068314204519
Bromley,bromley,2013,Violence Against The Person,3454,E09000006,Bromley,bromley,318455,10.846116405771616,1084.6116405771616
Bromley,bromley,2014,Arson And Criminal Damage,2180,E09000006,Bromley,bromley,321834,6.773678355922619,677.3678355922618
Bromley,bromley,2014,Burglary,5366,E09000006,Bromley,bromley,321834,16.67319176967008,1667.3191769670077
Bromley,bromley,2014,Drug Offences,990,E09000006,Bromley,bromley,321834,3.0761199873226572,307.6119987322657
Bromley,bromley,2014,Fraud And Forgery,0,E09000006,Bromley,bromley,321834,0.0,0.0
Bromley,bromley,2014,Miscellaneous Crimes Against Society,243,E09000006,Bromley,bromley,321834,0.7550476332519249,75.50476332519249
Bromley,bromley,2014,Possession Of Weapons,94,E09000006,Bromley,bromley,321834,0.2920760392003331,29.207603920033307
Bromley,bromley,2014,Public Order Offences,1079,E09000006,Bromley,bromley,321834,3.352660066991058,335.2660066991058
Bromley,bromley,2014,Robbery,389,E09000006,Bromley,bromley,321834,1.208697651584357,120.86976515843571
Bromley,bromley,2014,Sexual Offences,349,E09000006,Bromley,bromley,321834,1.0844099753288963,108.44099753288964
Bromley,bromley,2014,Theft,4988,E09000006,Bromley,bromley,321834,15.498673229055973,1549.8673229055973
Bromley,bromley,2014,Vehicle Offences,2472,E09000006,Bromley,bromley,321834,7.680978392587483,768.0978392587483
Bromley,bromley,2014,Violence Against The Person,4451,E09000006,Bromley,bromley,321834,13.83011117532641,1383.011117532641
Bromley,bromley,2015,Arson And Criminal Damage,2216,E09000006,Bromley,bromley,325413,6.809807844185697,680.9807844185697
Bromley,bromley,2015,Burglary,5048,E09000006,Bromley,bromley,325413,15.512594764191967,1551.2594764191965
Bromley,bromley,2015,Drug Offences,871,E09000006,Bromley,bromley,325413,2.6765986607787644,267.6598660778764
Bromley,bromley,2015,Fraud And Forgery,0,E09000006,Bromley,bromley,325413,0.0,0.0
Bromley,bromley,2015,Miscellaneous Crimes Against Society,258,E09000006,Bromley,bromley,325413,0.7928386388988762,79.28386388988763
Bromley,bromley,2015,Possession Of Weapons,100,E09000006,Bromley,bromley,325413,0.30730179802282026,30.730179802282024
Bromley,bromley,2015,Public Order Offences,1387,E09000006,Bromley,bromley,325413,4.262275938576516,426.22759385765164
Bromley,bromley,2015,Robbery,363,E09000006,Bromley,bromley,325413,1.1155055268228375,111.55055268228375
Bromley,bromley,2015,Sexual Offences,387,E09000006,Bromley,bromley,325413,1.1892579583483143,118.92579583483143
Bromley,bromley,2015,Theft,5013,E09000006,Bromley,bromley,325413,15.405039134883978,1540.5039134883978
Bromley,bromley,2015,Vehicle Offences,2605,E09000006,Bromley,bromley,325413,8.005211838494466,800.5211838494466
Bromley,bromley,2015,Violence Against The Person,5282,E09000006,Bromley,bromley,325413,16.231680971565364,1623.1680971565365
Bromley,bromley,2016,Arson And Criminal Damage,2117,E09000006,Bromley,bromley,327445,6.465207897509505,646.5207897509506
Bromley,bromley,2016,Burglary,4426,E09000006,Bromley,bromley,327445,13.516773809342027,1351.6773809342026
Bromley,bromley,2016,Drug Offences,734,E09000006,Bromley,bromley,327445,2.2415978255890305,224.15978255890303
Bromley,bromley,2016,Fraud And Forgery,0,E09000006,Bromley,bromley,327445,0.0,0.0
Bromley,bromley,2016,Miscellaneous Crimes Against Society,315,E09000006,Bromley,bromley,327445,0.9619936172486983,96.19936172486983
Bromley,bromley,2016,Possession Of Weapons,101,E09000006,Bromley,bromley,327445,0.3084487471178366,30.844874711783657
Bromley,bromley,2016,Public Order Offences,1343,E09000006,Bromley,bromley,327445,4.1014521522698475,410.1452152269847
Bromley,bromley,2016,Robbery,369,E09000006,Bromley,bromley,327445,1.1269068087770464,112.69068087770464
Bromley,bromley,2016,Sexual Offences,457,E09000006,Bromley,bromley,327445,1.3956542320084289,139.56542320084287
Bromley,bromley,2016,Theft,5109,E09000006,Bromley,bromley,327445,15.602620287376505,1560.2620287376506
Bromley,bromley,2016,Vehicle Offences,2495,E09000006,Bromley,bromley,327445,7.619600238207943,761.9600238207944
Bromley,bromley,2016,Violence Against The Person,5359,E09000006,Bromley,bromley,327445,16.366107285192932,1636.6107285192934
Bromley,bromley,2017,Arson And Criminal Damage,2181,E09000006,Bromley,bromley,330909,6.590935876630735,659.0935876630735
Bromley,bromley,2017,Burglary,5176,E09000006,Bromley,bromley,330909,15.641762538945752,1564.1762538945752
Bromley,bromley,2017,Drug Offences,621,E09000006,Bromley,bromley,330909,1.8766488672112271,187.6648867211227
Bromley,bromley,2017,Fraud And Forgery,0,E09000006,Bromley,bromley,330909,0.0,0.0
Bromley,bromley,2017,Miscellaneous Crimes Against Society,330,E09000006,Bromley,bromley,330909,0.9972530212233576,99.72530212233575
Bromley,bromley,2017,Possession Of Weapons,220,E09000006,Bromley,bromley,330909,0.6648353474822383,66.48353474822383
Bromley,bromley,2017,Public Order Offences,1353,E09000006,Bromley,bromley,330909,4.088737387015766,408.8737387015766
Bromley,bromley,2017,Robbery,603,E09000006,Bromley,bromley,330909,1.8222532478717712,182.22532478717713
Bromley,bromley,2017,Sexual Offences,499,E09000006,Bromley,bromley,330909,1.507967447243804,150.7967447243804
Bromley,bromley,2017,Theft,5024,E09000006,Bromley,bromley,330909,15.18242175341257,1518.242175341257
Bromley,bromley,2017,Vehicle Offences,3277,E09000006,Bromley,bromley,330909,9.903024698633159,990.3024698633158
Bromley,bromley,2017,Violence Against The Person,5893,E09000006,Bromley,bromley,330909,17.80852137596741,1780.8521375967412
Bromley,bromley,2018,Arson And Criminal Damage,2103,E09000006,Bromley,bromley,332733,6.3203830098006515,632.0383009800652
Bromley,bromley,2018,Burglary,5194,E09000006,Bromley,bromley,332733,15.610113814980782,1561.011381498078
Bromley,bromley,2018,Drug Offences,708,E09000006,Bromley,bromley,332733,2.1278322258387354,212.78322258387354
Bromley,bromley,2018,Fraud And Forgery,0,E09000006,Bromley,bromley,332733,0.0,0.0
Bromley,bromley,2018,Miscellaneous Crimes Against Society,283,E09000006,Bromley,bromley,332733,0.8505318077858223,85.05318077858223
Bromley,bromley,2018,Possession Of Weapons,205,E09000006,Bromley,bromley,332733,0.6161096134137581,61.61096134137581
Bromley,bromley,2018,Public Order Offences,1436,E09000006,Bromley,bromley,332733,4.315772706644667,431.5772706644667
Bromley,bromley,2018,Robbery,443,E09000006,Bromley,bromley,332733,1.3313978475233896,133.13978475233895
Bromley,bromley,2018,Sexual Offences,529,E09000006,Bromley,bromley,332733,1.589863343882332,158.98633438823322
Bromley,bromley,2018,Theft,5267,E09000006,Bromley,bromley,332733,15.829508945611046,1582.9508945611046
Bromley,bromley,2018,Vehicle Offences,3480,E09000006,Bromley,bromley,332733,10.45883636429209,1045.883636429209
Bromley,bromley,2018,Violence Against The Person,5934,E09000006,Bromley,bromley,332733,17.83411924876703,1783.411924876703
Bromley,bromley,2019,Arson And Criminal Damage,1999,E09000006,Bromley,bromley,334292,5.979802089191485,597.9802089191485
Bromley,bromley,2019,Burglary,5486,E09000006,Bromley,bromley,334292,16.410802531918204,1641.0802531918202
Bromley,bromley,2019,Drug Offences,1142,E09000006,Bromley,bromley,334292,3.416175080468572,341.6175080468572
Bromley,bromley,2019,Fraud And Forgery,0,E09000006,Bromley,bromley,334292,0.0,0.0
Bromley,bromley,2019,Miscellaneous Crimes Against Society,297,E09000006,Bromley,bromley,334292,0.8884448326612662,88.84448326612662
Bromley,bromley,2019,Possession Of Weapons,148,E09000006,Bromley,bromley,334292,0.4427267179591495,44.27267179591495
Bromley,bromley,2019,Public Order Offences,1561,E09000006,Bromley,bromley,334292,4.669570315771841,466.95703157718407
Bromley,bromley,2019,Robbery,507,E09000006,Bromley,bromley,334292,1.5166381486843836,151.66381486843838
Bromley,bromley,2019,Sexual Offences,572,E09000006,Bromley,bromley,334292,1.7110789369772534,171.10789369772533
Bromley,bromley,2019,Theft,5279,E09000006,Bromley,bromley,334292,15.791583406123987,1579.1583406123987
Bromley,bromley,2019,Vehicle Offences,4207,E09000006,Bromley,bromley,334292,12.58480609766312,1258.480609766312
Bromley,bromley,2019,Violence Against The Person,6483,E09000006,Bromley,bromley,334292,19.393225084656528,1939.3225084656528
Bromley,bromley,2020,Arson And Criminal Damage,1688,E09000006,Bromley,bromley,336395,5.017910492129788,501.7910492129788
Bromley,bromley,2020,Burglary,3436,E09000006,Bromley,bromley,336395,10.21418273161016,1021.418273161016
Bromley,bromley,2020,Drug Offences,1264,E09000006,Bromley,bromley,336395,3.757487477518988,375.7487477518988
Bromley,bromley,2020,Fraud And Forgery,0,E09000006,Bromley,bromley,336395,0.0,0.0
Bromley,bromley,2020,Miscellaneous Crimes Against Society,354,E09000006,Bromley,bromley,336395,1.0523343093684507,105.23343093684508
Bromley,bromley,2020,Possession Of Weapons,180,E09000006,Bromley,bromley,336395,0.5350852420517547,53.50852420517546
Bromley,bromley,2020,Public Order Offences,1588,E09000006,Bromley,bromley,336395,4.720640913212146,472.0640913212146
Bromley,bromley,2020,Robbery,492,E09000006,Bromley,bromley,336395,1.462566328274796,146.2566328274796
Bromley,bromley,2020,Sexual Offences,494,E09000006,Bromley,bromley,336395,1.468511719853149,146.8511719853149
Bromley,bromley,2020,Theft,3924,E09000006,Bromley,bromley,336395,11.664858276728252,1166.485827672825
Bromley,bromley,2020,Vehicle Offences,3573,E09000006,Bromley,bromley,336395,10.62144205472733,1062.1442054727331
Bromley,bromley,2020,Violence Against The Person,6286,E09000006,Bromley,bromley,336395,18.686365730762944,1868.6365730762943
Bromley,bromley,2021,Arson And Criminal Damage,1799,E09000006,Bromley,bromley,339466,5.299499802631192,529.9499802631192
Bromley,bromley,2021,Burglary,2986,E09000006,Bromley,bromley,339466,8.796168099308915,879.6168099308916
Bromley,bromley,2021,Drug Offences,1134,E09000006,Bromley,bromley,339466,3.3405407316196616,334.05407316196613
Bromley,bromley,2021,Fraud And Forgery,0,E09000006,Bromley,bromley,339466,0.0,0.0
Bromley,bromley,2021,Miscellaneous Crimes Against Society,368,E09000006,Bromley,bromley,339466,1.0840555460635235,108.40555460635234
Bromley,bromley,2021,Possession Of Weapons,164,E09000006,Bromley,bromley,339466,0.48311171074570064,48.31117107457006
Bromley,bromley,2021,Public Order Offences,1773,E09000006,Bromley,bromley,339466,5.222908921659312,522.2908921659313
Bromley,bromley,2021,Robbery,376,E09000006,Bromley,bromley,339466,1.1076219709779478,110.76219709779478
Bromley,bromley,2021,Sexual Offences,532,E09000006,Bromley,bromley,339466,1.5671672568092239,156.71672568092237
Bromley,bromley,2021,Theft,4651,E09000006,Bromley,bromley,339466,13.700930284623496,1370.0930284623496
Bromley,bromley,2021,Vehicle Offences,3512,E09000006,Bromley,bromley,339466,10.34566053743232,1034.566053743232
Bromley,bromley,2021,Violence Against The Person,6472,E09000006,Bromley,bromley,339466,19.065237755769356,1906.5237755769356
Bromley,bromley,2022,Arson And Criminal Damage,1841,E09000006,Bromley,bromley,342548,5.37442927706482,537.442927706482
Bromley,bromley,2022,Burglary,2830,E09000006,Bromley,bromley,342548,8.261615890327779,826.1615890327779
Bromley,bromley,2022,Drug Offences,1228,E09000006,Bromley,bromley,342548,3.584899050643997,358.4899050643997
Bromley,bromley,2022,Fraud And Forgery,0,E09000006,Bromley,bromley,342548,0.0,0.0
Bromley,bromley,2022,Miscellaneous Crimes Against Society,331,E09000006,Bromley,bromley,342548,0.9662879362892207,96.62879362892208
Bromley,bromley,2022,Possession Of Weapons,175,E09000006,Bromley,bromley,342548,0.5108773077057814,51.08773077057814
Bromley,bromley,2022,Public Order Offences,1695,E09000006,Bromley,bromley,342548,4.94821163749314,494.821163749314
Bromley,bromley,2022,Robbery,524,E09000006,Bromley,bromley,342548,1.5297126242161683,152.9712624216168
Bromley,bromley,2022,Sexual Offences,629,E09000006,Bromley,bromley,342548,1.836239008839637,183.6239008839637
Bromley,bromley,2022,Theft,4765,E09000006,Bromley,bromley,342548,13.910459264103133,1391.0459264103133
Bromley,bromley,2022,Vehicle Offences,3370,E09000006,Bromley,bromley,342548,9.83803729696276,983.803729696276
Bromley,bromley,2022,Violence Against The Person,6647,E09000006,Bromley,bromley,342548,19.404579796116163,1940.4579796116163
Bromley,bromley,2023,Arson And Criminal Damage,1957,E09000006,Bromley,bromley,345216,5.66891453466815,566.8914534668149
Bromley,bromley,2023,Burglary,1997,E09000006,Bromley,bromley,345216,5.784784019280682,578.4784019280683
Bromley,bromley,2023,Drug Offences,992,E09000006,Bromley,bromley,345216,2.8735632183908044,287.35632183908046
Bromley,bromley,2023,Fraud And Forgery,0,E09000006,Bromley,bromley,345216,0.0,0.0
Bromley,bromley,2023,Miscellaneous Crimes Against Society,325,E09000006,Bromley,bromley,345216,0.9414395624768261,94.14395624768261
Bromley,bromley,2023,Possession Of Weapons,162,E09000006,Bromley,bromley,345216,0.4692714126807564,46.92714126807564
Bromley,bromley,2023,Public Order Offences,1678,E09000006,Bromley,bromley,345216,4.860724879495736,486.0724879495736
Bromley,bromley,2023,Robbery,586,E09000006,Bromley,bromley,345216,1.6974879495736002,169.74879495736002
Bromley,bromley,2023,Sexual Offences,664,E09000006,Bromley,bromley,345216,1.9234334445680386,192.34334445680386
Bromley,bromley,2023,Theft,5469,E09000006,Bromley,bromley,345216,15.8422552836485,1584.22552836485
Bromley,bromley,2023,Vehicle Offences,3125,E09000006,Bromley,bromley,345216,9.052303485354097,905.2303485354097
Bromley,bromley,2023,Violence Against The Person,6940,E09000006,Bromley,bromley,345216,20.103355580274382,2010.335558027438
Bromley,bromley,2024,Arson And Criminal Damage,2099,E09000006,Bromley,bromley,347455,6.041070066627333,604.1070066627333
Bromley,bromley,2024,Burglary,1385,E09000006,Bromley,bromley,347455,3.986127699989927,398.6127699989927
Bromley,bromley,2024,Drug Offences,919,E09000006,Bromley,bromley,347455,2.6449468276467454,264.49468276467456
Bromley,bromley,2024,Fraud And Forgery,6,E09000006,Bromley,bromley,347455,0.017268423249053835,1.7268423249053835
Bromley,bromley,2024,Miscellaneous Crimes Against Society,306,E09000006,Bromley,bromley,347455,0.8806895857017455,88.06895857017454
Bromley,bromley,2024,Possession Of Weapons,125,E09000006,Bromley,bromley,347455,0.35975881768862156,35.97588176886216
Bromley,bromley,2024,Public Order Offences,1540,E09000006,Bromley,bromley,347455,4.432228633923818,443.2228633923818
Bromley,bromley,2024,Robbery,627,E09000006,Bromley,bromley,347455,1.8045502295261258,180.45502295261258
Bromley,bromley,2024,Sexual Offences,644,E09000006,Bromley,bromley,347455,1.8534774287317783,185.34774287317782
Bromley,bromley,2024,Theft,6027,E09000006,Bromley,bromley,347455,17.346131153674577,1734.6131153674578
Bromley,bromley,2024,Vehicle Offences,3786,E09000006,Bromley,bromley,347455,10.89637507015297,1089.637507015297
Bromley,bromley,2024,Violence Against The Person,6692,E09000006,Bromley,bromley,347455,19.260048063778044,1926.0048063778045
Bromley,bromley,2025,Arson And Criminal Damage,526,E09000006,Bromley,bromley,349207,1.5062699201333305,150.62699201333305
Bromley,bromley,2025,Burglary,388,E09000006,Bromley,bromley,349207,1.1110888384253466,111.10888384253467
Bromley,bromley,2025,Drug Offences,242,E09000006,Bromley,bromley,349207,0.692998708502407,69.2998708502407
Bromley,bromley,2025,Fraud And Forgery,1,E09000006,Bromley,bromley,349207,0.00286363102686945,0.286363102686945
Bromley,bromley,2025,Miscellaneous Crimes Against Society,74,E09000006,Bromley,bromley,349207,0.2119086959883393,21.19086959883393
Bromley,bromley,2025,Possession Of Weapons,27,E09000006,Bromley,bromley,349207,0.07731803772547514,7.731803772547515
Bromley,bromley,2025,Public Order Offences,387,E09000006,Bromley,bromley,349207,1.108225207398477,110.8225207398477
Bromley,bromley,2025,Robbery,125,E09000006,Bromley,bromley,349207,0.35795387835868125,35.79538783586813
Bromley,bromley,2025,Sexual Offences,190,E09000006,Bromley,bromley,349207,0.5440898951051955,54.40898951051955
Bromley,bromley,2025,Theft,1393,E09000006,Bromley,bromley,349207,3.989038020429144,398.9038020429144
Bromley,bromley,2025,Vehicle Offences,799,E09000006,Bromley,bromley,349207,2.2880411904686904,228.80411904686906
Bromley,bromley,2025,Violence Against The Person,1610,E09000006,Bromley,bromley,349207,4.6104459532598145,461.04459532598145
Camden,camden,2010,Arson And Criminal Damage,1714,E09000007,Camden,camden,214725,7.982302945628129,798.230294562813
Camden,camden,2010,Burglary,4816,E09000007,Camden,camden,214725,22.428687856560718,2242.868785656072
Camden,camden,2010,Drug Offences,1692,E09000007,Camden,camden,214725,7.879846315054138,787.9846315054139
Camden,camden,2010,Fraud And Forgery,501,E09000007,Camden,camden,214725,2.333216905344045,233.3216905344045
Camden,camden,2010,Miscellaneous Crimes Against Society,264,E09000007,Camden,camden,214725,1.22947956688788,122.94795668878798
Camden,camden,2010,Nfib Fraud,0,E09000007,Camden,camden,214725,0.0,0.0
Camden,camden,2010,Possession Of Weapons,100,E09000007,Camden,camden,214725,0.4657119571544999,46.57119571544999
Camden,camden,2010,Public Order Offences,605,E09000007,Camden,camden,214725,2.8175573407847248,281.75573407847247
Camden,camden,2010,Robbery,861,E09000007,Camden,camden,214725,4.009779951100245,400.97799511002444
Camden,camden,2010,Sexual Offences,230,E09000007,Camden,camden,214725,1.07113750145535,107.113750145535
Camden,camden,2010,Theft,10305,E09000007,Camden,camden,214725,47.99161718477122,4799.161718477122
Camden,camden,2010,Vehicle Offences,2328,E09000007,Camden,camden,214725,10.841774362556759,1084.177436255676
Camden,camden,2010,Violence Against The Person,3489,E09000007,Camden,camden,214725,16.248690185120502,1624.8690185120502
Camden,camden,2011,Arson And Criminal Damage,2051,E09000007,Camden,camden,220087,9.319042015203078,931.9042015203078
Camden,camden,2011,Burglary,6764,E09000007,Camden,camden,220087,30.733300921908157,3073.330092190816
Camden,camden,2011,Drug Offences,2573,E09000007,Camden,camden,220087,11.690831353055836,1169.0831353055837
Camden,camden,2011,Fraud And Forgery,784,E09000007,Camden,camden,220087,3.5622276645144875,356.22276645144876
Camden,camden,2011,Miscellaneous Crimes Against Society,326,E09000007,Camden,camden,220087,1.4812324217241364,148.12324217241363
Camden,camden,2011,Nfib Fraud,0,E09000007,Camden,camden,220087,0.0,0.0
Camden,camden,2011,Possession Of Weapons,124,E09000007,Camden,camden,220087,0.5634135591834137,56.34135591834138
Camden,camden,2011,Public Order Offences,842,E09000007,Camden,camden,220087,3.825759813164794,382.5759813164794
Camden,camden,2011,Robbery,1430,E09000007,Camden,camden,220087,6.49743056155066,649.7430561550659
Camden,camden,2011,Sexual Offences,329,E09000007,Camden,camden,220087,1.4948633949301868,149.48633949301868
Camden,camden,2011,Theft,15479,E09000007,Camden,camden,220087,70.33127808548439,7033.127808548438
Camden,camden,2011,Vehicle Offences,3185,E09000007,Camden,camden,220087,14.471549887090104,1447.1549887090105
Camden,camden,2011,Violence Against The Person,4462,E09000007,Camden,camden,220087,20.273800815132198,2027.38008151322
Camden,camden,2012,Arson And Criminal Damage,1818,E09000007,Camden,camden,224961,8.081400776134531,808.1400776134531
Camden,camden,2012,Burglary,5836,E09000007,Camden,camden,224961,25.94227443868048,2594.2274438680483
Camden,camden,2012,Drug Offences,2300,E09000007,Camden,camden,224961,10.223994381248305,1022.3994381248306
Camden,camden,2012,Fraud And Forgery,1324,E09000007,Camden,camden,224961,5.8854645916403285,588.5464591640329
Camden,camden,2012,Miscellaneous Crimes Against Society,289,E09000007,Camden,camden,224961,1.2846671200785913,128.46671200785914
Camden,camden,2012,Nfib Fraud,0,E09000007,Camden,camden,224961,0.0,0.0
Camden,camden,2012,Possession Of Weapons,123,E09000007,Camden,camden,224961,0.5467614386493659,54.676143864936584
Camden,camden,2012,Public Order Offences,990,E09000007,Camden,camden,224961,4.4007627988851405,440.076279888514
Camden,camden,2012,Robbery,1096,E09000007,Camden,camden,224961,4.871955583412236,487.1955583412236
Camden,camden,2012,Sexual Offences,308,E09000007,Camden,camden,224961,1.369126204097599,136.9126204097599
Camden,camden,2012,Theft,14940,E09000007,Camden,camden,224961,66.4115113286303,6641.1511328630295
Camden,camden,2012,Vehicle Offences,2734,E09000007,Camden,camden,224961,12.153217668840377,1215.3217668840377
Camden,camden,2012,Violence Against The Person,4095,E09000007,Camden,camden,224961,18.20315521357035,1820.315521357035
Camden,camden,2013,Arson And Criminal Damage,1556,E09000007,Camden,camden,229718,6.773522318668976,677.3522318668977
Camden,camden,2013,Burglary,6092,E09000007,Camden,camden,229718,26.519471700084452,2651.947170008445
Camden,camden,2013,Drug Offences,2187,E09000007,Camden,camden,229718,9.520368451753889,952.0368451753889
Camden,camden,2013,Fraud And Forgery,126,E09000007,Camden,camden,229718,0.5484985939282077,54.84985939282076
Camden,camden,2013,Miscellaneous Crimes Against Society,276,E09000007,Camden,camden,229718,1.2014731105094072,120.14731105094071
Camden,camden,2013,Nfib Fraud,0,E09000007,Camden,camden,229718,0.0,0.0
Camden,camden,2013,Possession Of Weapons,130,E09000007,Camden,camden,229718,0.5659112477037063,56.59112477037063
Camden,camden,2013,Public Order Offences,872,E09000007,Camden,camden,229718,3.7959585230587067,379.59585230587066
Camden,camden,2013,Robbery,870,E09000007,Camden,camden,229718,3.7872521961709578,378.7252196170958
Camden,camden,2013,Sexual Offences,302,E09000007,Camden,camden,229718,1.3146553600501485,131.46553600501485
Camden,camden,2013,Theft,12968,E09000007,Camden,camden,229718,56.451823540166636,5645.182354016664
Camden,camden,2013,Vehicle Offences,2746,E09000007,Camden,camden,229718,11.953786816879827,1195.3786816879826
Camden,camden,2013,Violence Against The Person,3665,E09000007,Camden,camden,229718,15.954344021800644,1595.4344021800644
Camden,camden,2014,Arson And Criminal Damage,1630,E09000007,Camden,camden,234845,6.94074815303711,694.074815303711
Camden,camden,2014,Burglary,5858,E09000007,Camden,camden,234845,24.944112073921097,2494.4112073921096
Camden,camden,2014,Drug Offences,1923,E09000007,Camden,camden,234845,8.188379569503288,818.8379569503289
Camden,camden,2014,Fraud And Forgery,0,E09000007,Camden,camden,234845,0.0,0.0
Camden,camden,2014,Miscellaneous Crimes Against Society,249,E09000007,Camden,camden,234845,1.0602737976111904,106.02737976111905
Camden,camden,2014,Nfib Fraud,0,E09000007,Camden,camden,234845,0.0,0.0
Camden,camden,2014,Possession Of Weapons,98,E09000007,Camden,camden,234845,0.41729651472247653,41.72965147224765
Camden,camden,2014,Public Order Offences,1244,E09000007,Camden,camden,234845,5.297110860354702,529.7110860354702
Camden,camden,2014,Robbery,880,E09000007,Camden,camden,234845,3.747152377099789,374.7152377099789
Camden,camden,2014,Sexual Offences,393,E09000007,Camden,camden,234845,1.6734441865911558,167.34441865911558
Camden,camden,2014,Theft,10875,E09000007,Camden,camden,234845,46.307138751091145,4630.713875109114
Camden,camden,2014,Vehicle Offences,2801,E09000007,Camden,camden,234845,11.927015691200578,1192.701569120058
Camden,camden,2014,Violence Against The Person,4575,E09000007,Camden,camden,234845,19.480934233217656,1948.0934233217656
Camden,camden,2015,Arson And Criminal Damage,1865,E09000007,Camden,camden,241058,7.7367272606592605,773.672726065926
Camden,camden,2015,Burglary,5674,E09000007,Camden,camden,241058,23.53790374100839,2353.790374100839
Camden,camden,2015,Drug Offences,1674,E09000007,Camden,camden,241058,6.944386828066275,694.4386828066275
Camden,camden,2015,Fraud And Forgery,0,E09000007,Camden,camden,241058,0.0,0.0
Camden,camden,2015,Miscellaneous Crimes Against Society,229,E09000007,Camden,camden,241058,0.949978843265936,94.9978843265936
Camden,camden,2015,Nfib Fraud,0,E09000007,Camden,camden,241058,0.0,0.0
Camden,camden,2015,Possession Of Weapons,122,E09000007,Camden,camden,241058,0.5061022658447345,50.61022658447345
Camden,camden,2015,Public Order Offences,1501,E09000007,Camden,camden,241058,6.226717221581528,622.6717221581528
Camden,camden,2015,Robbery,1031,E09000007,Camden,camden,241058,4.27697898431083,427.697898431083
Camden,camden,2015,Sexual Offences,522,E09000007,Camden,camden,241058,2.1654539571389457,216.54539571389458
Camden,camden,2015,Theft,11850,E09000007,Camden,camden,241058,49.158293854591015,4915.829385459101
Camden,camden,2015,Vehicle Offences,2629,E09000007,Camden,camden,241058,10.906088991031204,1090.6088991031204
Camden,camden,2015,Violence Against The Person,5738,E09000007,Camden,camden,241058,23.803400011615462,2380.3400011615463
Camden,camden,2016,Arson And Criminal Damage,1910,E09000007,Camden,camden,246180,7.758550653993013,775.8550653993013
Camden,camden,2016,Burglary,5306,E09000007,Camden,camden,246180,21.553334958160697,2155.33349581607
Camden,camden,2016,Drug Offences,1515,E09000007,Camden,camden,246180,6.154033633926396,615.4033633926396
Camden,camden,2016,Fraud And Forgery,0,E09000007,Camden,camden,246180,0.0,0.0
Camden,camden,2016,Miscellaneous Crimes Against Society,272,E09000007,Camden,camden,246180,1.1048826062230888,110.48826062230889
Camden,camden,2016,Nfib Fraud,0,E09000007,Camden,camden,246180,0.0,0.0
Camden,camden,2016,Possession Of Weapons,200,E09000007,Camden,camden,246180,0.8124136810463888,81.24136810463888
Camden,camden,2016,Public Order Offences,1670,E09000007,Camden,camden,246180,6.7836542367373465,678.3654236737347
Camden,camden,2016,Robbery,905,E09000007,Camden,camden,246180,3.6761719067349095,367.61719067349094
Camden,camden,2016,Sexual Offences,543,E09000007,Camden,camden,246180,2.2057031440409456,220.57031440409457
Camden,camden,2016,Theft,11265,E09000007,Camden,camden,246180,45.75920058493785,4575.920058493784
Camden,camden,2016,Vehicle Offences,2828,E09000007,Camden,camden,246180,11.487529449995938,1148.7529449995939
Camden,camden,2016,Violence Against The Person,6000,E09000007,Camden,camden,246180,24.372410431391668,2437.241043139167
Camden,camden,2017,Arson And Criminal Damage,1849,E09000007,Camden,camden,249556,7.409158665790444,740.9158665790444
Camden,camden,2017,Burglary,6164,E09000007,Camden,camden,249556,24.69986696372758,2469.986696372758
Camden,camden,2017,Drug Offences,1338,E09000007,Camden,camden,249556,5.361522063184215,536.1522063184216
Camden,camden,2017,Fraud And Forgery,0,E09000007,Camden,camden,249556,0.0,0.0
Camden,camden,2017,Miscellaneous Crimes Against Society,264,E09000007,Camden,camden,249556,1.057878792735899,105.7878792735899
Camden,camden,2017,Nfib Fraud,0,E09000007,Camden,camden,249556,0.0,0.0
Camden,camden,2017,Possession Of Weapons,237,E09000007,Camden,camden,249556,0.9496866434788184,94.96866434788183
Camden,camden,2017,Public Order Offences,1848,E09000007,Camden,camden,249556,7.4051515491512925,740.5151549151293
Camden,camden,2017,Robbery,1995,E09000007,Camden,camden,249556,7.994197695106509,799.4197695106509
Camden,camden,2017,Sexual Offences,621,E09000007,Camden,camden,249556,2.488419432912853,248.8419432912853
Camden,camden,2017,Theft,16287,E09000007,Camden,camden,249556,65.26390870185449,6526.390870185449
Camden,camden,2017,Vehicle Offences,3415,E09000007,Camden,camden,249556,13.684303322701117,1368.4303322701119
Camden,camden,2017,Violence Against The Person,6500,E09000007,Camden,camden,249556,26.04625815448236,2604.625815448236
Camden,camden,2018,Arson And Criminal Damage,1677,E09000007,Camden,camden,252637,6.6379825599575675,663.7982559957568
Camden,camden,2018,Burglary,6908,E09000007,Camden,camden,252637,27.34357991901424,2734.357991901424
Camden,camden,2018,Drug Offences,1337,E09000007,Camden,camden,252637,5.292178105344823,529.2178105344823
Camden,camden,2018,Fraud And Forgery,0,E09000007,Camden,camden,252637,0.0,0.0
Camden,camden,2018,Miscellaneous Crimes Against Society,246,E09000007,Camden,camden,252637,0.97372910539628,97.37291053962801
Camden,camden,2018,Nfib Fraud,0,E09000007,Camden,camden,252637,0.0,0.0
Camden,camden,2018,Possession Of Weapons,223,E09000007,Camden,camden,252637,0.8826893922901238,88.26893922901237
Camden,camden,2018,Public Order Offences,1721,E09000007,Camden,camden,252637,6.81214548937804,681.214548937804
Camden,camden,2018,Robbery,1734,E09000007,Camden,camden,252637,6.863602718524998,686.3602718524999
Camden,camden,2018,Sexual Offences,620,E09000007,Camden,camden,252637,2.4541140054702995,245.41140054702996
Camden,camden,2018,Theft,14570,E09000007,Camden,camden,252637,57.671679128552036,5767.167912855203
Camden,camden,2018,Vehicle Offences,3176,E09000007,Camden,camden,252637,12.571396905441404,1257.1396905441404
Camden,camden,2018,Violence Against The Person,6865,E09000007,Camden,camden,252637,27.17337523798968,2717.3375237989685
Camden,camden,2019,Arson And Criminal Damage,1651,E09000007,Camden,camden,255526,6.461182032356786,646.1182032356786
Camden,camden,2019,Burglary,6748,E09000007,Camden,camden,255526,26.408271565320163,2640.8271565320165
Camden,camden,2019,Drug Offences,1918,E09000007,Camden,camden,255526,7.506085486408428,750.6085486408429
Camden,camden,2019,Fraud And Forgery,0,E09000007,Camden,camden,255526,0.0,0.0
Camden,camden,2019,Miscellaneous Crimes Against Society,294,E09000007,Camden,camden,255526,1.1505678482815838,115.05678482815837
Camden,camden,2019,Nfib Fraud,0,E09000007,Camden,camden,255526,0.0,0.0
Camden,camden,2019,Possession Of Weapons,234,E09000007,Camden,camden,255526,0.9157580833261586,91.57580833261586
Camden,camden,2019,Public Order Offences,1967,E09000007,Camden,camden,255526,7.697846794455359,769.7846794455359
Camden,camden,2019,Robbery,1883,E09000007,Camden,camden,255526,7.369113123517764,736.9113123517764
Camden,camden,2019,Sexual Offences,606,E09000007,Camden,camden,255526,2.3715786260497955,237.15786260497953
Camden,camden,2019,Theft,17126,E09000007,Camden,camden,255526,67.02253391044354,6702.253391044355
Camden,camden,2019,Vehicle Offences,3710,E09000007,Camden,camden,255526,14.519070466410463,1451.9070466410462
Camden,camden,2019,Violence Against The Person,6597,E09000007,Camden,camden,255526,25.817333656849012,2581.733365684901
Camden,camden,2020,Arson And Criminal Damage,1458,E09000007,Camden,camden,257384,5.664687781680291,566.4687781680291
Camden,camden,2020,Burglary,4468,E09000007,Camden,camden,257384,17.359276411898175,1735.9276411898175
Camden,camden,2020,Drug Offences,2092,E09000007,Camden,camden,257384,8.127933360271033,812.7933360271034
Camden,camden,2020,Fraud And Forgery,0,E09000007,Camden,camden,257384,0.0,0.0
Camden,camden,2020,Miscellaneous Crimes Against Society,262,E09000007,Camden,camden,257384,1.0179342927299289,101.7934292729929
Camden,camden,2020,Nfib Fraud,0,E09000007,Camden,camden,257384,0.0,0.0
Camden,camden,2020,Possession Of Weapons,181,E09000007,Camden,camden,257384,0.7032294159699127,70.32294159699127
Camden,camden,2020,Public Order Offences,1854,E09000007,Camden,camden,257384,7.2032449569514805,720.3244956951481
Camden,camden,2020,Robbery,1156,E09000007,Camden,camden,257384,4.491343673266404,449.13436732664036
Camden,camden,2020,Sexual Offences,523,E09000007,Camden,camden,257384,2.0319833400677583,203.19833400677584
Camden,camden,2020,Theft,10094,E09000007,Camden,camden,257384,39.217666987846954,3921.7666987846956
Camden,camden,2020,Vehicle Offences,2968,E09000007,Camden,camden,257384,11.531408323749728,1153.140832374973
Camden,camden,2020,Violence Against The Person,6269,E09000007,Camden,camden,257384,24.356603363068412,2435.660336306841
Camden,camden,2021,Arson And Criminal Damage,1646,E09000007,Camden,camden,259344,6.346782651613301,634.6782651613302
Camden,camden,2021,Burglary,3558,E09000007,Camden,camden,259344,13.719230057375531,1371.9230057375532
Camden,camden,2021,Drug Offences,1408,E09000007,Camden,camden,259344,5.429082608427417,542.9082608427417
Camden,camden,2021,Fraud And Forgery,0,E09000007,Camden,camden,259344,0.0,0.0
Camden,camden,2021,Miscellaneous Crimes Against Society,280,E09000007,Camden,camden,259344,1.0796471096304523,107.96471096304522
Camden,camden,2021,Nfib Fraud,0,E09000007,Camden,camden,259344,0.0,0.0
Camden,camden,2021,Possession Of Weapons,138,E09000007,Camden,camden,259344,0.5321117897464371,53.211178974643715
Camden,camden,2021,Public Order Offences,2011,E09000007,Camden,camden,259344,7.754179776667283,775.4179776667283
Camden,camden,2021,Robbery,1065,E09000007,Camden,camden,259344,4.106514899130112,410.6514899130113
Camden,camden,2021,Sexual Offences,702,E09000007,Camden,camden,259344,2.7068295391449197,270.682953914492
Camden,camden,2021,Theft,9520,E09000007,Camden,camden,259344,36.708001727435374,3670.800172743537
Camden,camden,2021,Vehicle Offences,2769,E09000007,Camden,camden,259344,10.676938737738293,1067.6938737738292
Camden,camden,2021,Violence Against The Person,6314,E09000007,Camden,camden,259344,24.3460423221667,2434.60423221667
Camden,camden,2022,Arson And Criminal Damage,1563,E09000007,Camden,camden,261082,5.986624891796447,598.6624891796447
Camden,camden,2022,Burglary,4002,E09000007,Camden,camden,261082,15.328517477267678,1532.8517477267678
Camden,camden,2022,Drug Offences,1543,E09000007,Camden,camden,261082,5.910020606552731,591.0020606552731
Camden,camden,2022,Fraud And Forgery,0,E09000007,Camden,camden,261082,0.0,0.0
Camden,camden,2022,Miscellaneous Crimes Against Society,261,E09000007,Camden,camden,261082,0.9996859224305008,99.96859224305008
Camden,camden,2022,Nfib Fraud,0,E09000007,Camden,camden,261082,0.0,0.0
Camden,camden,2022,Possession Of Weapons,187,E09000007,Camden,camden,261082,0.7162500670287496,71.62500670287496
Camden,camden,2022,Public Order Offences,2050,E09000007,Camden,camden,261082,7.851939237480945,785.1939237480946
Camden,camden,2022,Robbery,1233,E09000007,Camden,camden,261082,4.722654185275124,472.2654185275124
Camden,camden,2022,Sexual Offences,808,E09000007,Camden,camden,261082,3.094813123846148,309.4813123846148
Camden,camden,2022,Theft,14388,E09000007,Camden,camden,261082,55.10912280432967,5510.912280432967
Camden,camden,2022,Vehicle Offences,3329,E09000007,Camden,camden,261082,12.750783278816618,1275.0783278816618
Camden,camden,2022,Violence Against The Person,6965,E09000007,Camden,camden,261082,26.677442336124283,2667.744233612428
Camden,camden,2023,Arson And Criminal Damage,1818,E09000007,Camden,camden,262494,6.925872591373517,692.5872591373518
Camden,camden,2023,Burglary,2733,E09000007,Camden,camden,262494,10.411666552378339,1041.166655237834
Camden,camden,2023,Drug Offences,1297,E09000007,Camden,camden,262494,4.941065319588257,494.10653195882577
Camden,camden,2023,Fraud And Forgery,0,E09000007,Camden,camden,262494,0.0,0.0
Camden,camden,2023,Miscellaneous Crimes Against Society,263,E09000007,Camden,camden,262494,1.0019276631084901,100.19276631084901
Camden,camden,2023,Nfib Fraud,0,E09000007,Camden,camden,262494,0.0,0.0
Camden,camden,2023,Possession Of Weapons,171,E09000007,Camden,camden,262494,0.6514434615648358,65.14434615648358
Camden,camden,2023,Public Order Offences,2399,E09000007,Camden,camden,262494,9.13925651633942,913.9256516339422
Camden,camden,2023,Robbery,1613,E09000007,Camden,camden,262494,6.144902359672983,614.4902359672983
Camden,camden,2023,Sexual Offences,827,E09000007,Camden,camden,262494,3.1505482030065446,315.05482030065446
Camden,camden,2023,Theft,18413,E09000007,Camden,camden,262494,70.14636525025334,7014.636525025334
Camden,camden,2023,Vehicle Offences,3171,E09000007,Camden,camden,262494,12.080276120597041,1208.027612059704
Camden,camden,2023,Violence Against The Person,7612,E09000007,Camden,camden,262494,28.998758066851053,2899.875806685105
Camden,camden,2024,Arson And Criminal Damage,1816,E09000007,Camden,camden,263550,6.890533105672548,689.0533105672548
Camden,camden,2024,Burglary,2324,E09000007,Camden,camden,263550,8.818061088977423,881.8061088977423
Camden,camden,2024,Drug Offences,1453,E09000007,Camden,camden,263550,5.513185353822804,551.3185353822804
Camden,camden,2024,Fraud And Forgery,5,E09000007,Camden,camden,263550,0.018971732119142475,1.8971732119142477
Camden,camden,2024,Miscellaneous Crimes Against Society,212,E09000007,Camden,camden,263550,0.8044014418516411,80.4401441851641
Camden,camden,2024,Nfib Fraud,1,E09000007,Camden,camden,263550,0.0037943464238284954,0.3794346423828495
Camden,camden,2024,Possession Of Weapons,129,E09000007,Camden,camden,263550,0.48947068867387594,48.94706886738759
Camden,camden,2024,Public Order Offences,2224,E09000007,Camden,camden,263550,8.438626446594574,843.8626446594574
Camden,camden,2024,Robbery,1839,E09000007,Camden,camden,263550,6.977803073420604,697.7803073420603
Camden,camden,2024,Sexual Offences,884,E09000007,Camden,camden,263550,3.35420223866439,335.420223866439
Camden,camden,2024,Theft,21837,E09000007,Camden,camden,263550,82.85714285714285,8285.714285714284
Camden,camden,2024,Vehicle Offences,3084,E09000007,Camden,camden,263550,11.70176437108708,1170.176437108708
Camden,camden,2024,Violence Against The Person,7101,E09000007,Camden,camden,263550,26.94365395560615,2694.3653955606146
Camden,camden,2025,Arson And Criminal Damage,371,E09000007,Camden,camden,264300,1.403707907680666,140.3707907680666
Camden,camden,2025,Burglary,608,E09000007,Camden,camden,264300,2.3004161937192587,230.04161937192586
Camden,camden,2025,Drug Offences,451,E09000007,Camden,camden,264300,1.7063942489595156,170.63942489595158
Camden,camden,2025,Fraud And Forgery,0,E09000007,Camden,camden,264300,0.0,0.0
Camden,camden,2025,Miscellaneous Crimes Against Society,56,E09000007,Camden,camden,264300,0.21188043889519487,21.188043889519484
Camden,camden,2025,Nfib Fraud,0,E09000007,Camden,camden,264300,0.0,0.0
Camden,camden,2025,Possession Of Weapons,38,E09000007,Camden,camden,264300,0.14377601210745367,14.377601210745366
Camden,camden,2025,Public Order Offences,530,E09000007,Camden,camden,264300,2.0052970109723796,200.529701097238
Camden,camden,2025,Robbery,368,E09000007,Camden,camden,264300,1.392357169882709,139.23571698827092
Camden,camden,2025,Sexual Offences,218,E09000007,Camden,camden,264300,0.8248202799848656,82.48202799848657
Camden,camden,2025,Theft,5160,E09000007,Camden,camden,264300,19.52326901248581,1952.326901248581
Camden,camden,2025,Vehicle Offences,645,E09000007,Camden,camden,264300,2.440408626560726,244.04086265607262
Camden,camden,2025,Violence Against The Person,1675,E09000007,Camden,camden,264300,6.337495270525918,633.7495270525918
Croydon,croydon,2010,Arson And Criminal Damage,2894,E09000008,Croydon,croydon,357951,8.084905475889158,808.4905475889158
Croydon,croydon,2010,Burglary,6376,E09000008,Croydon,croydon,357951,17.81249388882836,1781.249388882836
Croydon,croydon,2010,Drug Offences,1709,E09000008,Croydon,croydon,357951,4.774396495609734,477.4396495609734
Croydon,croydon,2010,Fraud And Forgery,557,E09000008,Croydon,croydon,357951,1.5560789046545478,155.60789046545477
Croydon,croydon,2010,Miscellaneous Crimes Against Society,180,E09000008,Croydon,croydon,357951,0.5028621235867479,50.28621235867479
Croydon,croydon,2010,Possession Of Weapons,199,E09000008,Croydon,croydon,357951,0.5559420144097935,55.59420144097935
Croydon,croydon,2010,Public Order Offences,446,E09000008,Croydon,croydon,357951,1.2459805951093865,124.59805951093865
Croydon,croydon,2010,Robbery,1118,E09000008,Croydon,croydon,357951,3.1233325231665785,312.3332523166579
Croydon,croydon,2010,Sexual Offences,322,E09000008,Croydon,croydon,357951,0.8995644655274045,89.95644655274046
Croydon,croydon,2010,Theft,5512,E09000008,Croydon,croydon,357951,15.39875569561197,1539.875569561197
Croydon,croydon,2010,Vehicle Offences,3157,E09000008,Croydon,croydon,357951,8.819642912018683,881.9642912018684
Croydon,croydon,2010,Violence Against The Person,4290,E09000008,Croydon,croydon,357951,11.984880612150825,1198.4880612150826
Croydon,croydon,2011,Arson And Criminal Damage,3410,E09000008,Croydon,croydon,364815,9.347203377054123,934.7203377054124
Croydon,croydon,2011,Burglary,9252,E09000008,Croydon,croydon,364815,25.360799309238928,2536.079930923893
Croydon,croydon,2011,Drug Offences,2329,E09000008,Croydon,croydon,364815,6.384057673067171,638.405767306717
Croydon,croydon,2011,Fraud And Forgery,769,E09000008,Croydon,croydon,364815,2.1079177117168975,210.79177117168976
Croydon,croydon,2011,Miscellaneous Crimes Against Society,356,E09000008,Croydon,croydon,364815,0.9758370681030111,97.58370681030111
Croydon,croydon,2011,Possession Of Weapons,238,E09000008,Croydon,croydon,364815,0.6523854556419008,65.23854556419008
Croydon,croydon,2011,Public Order Offences,612,E09000008,Croydon,croydon,364815,1.6775626002220303,167.75626002220304
Croydon,croydon,2011,Robbery,1760,E09000008,Croydon,croydon,364815,4.8243630333182566,482.4363033318257
Croydon,croydon,2011,Sexual Offences,452,E09000008,Croydon,croydon,364815,1.2389841426476433,123.89841426476433
Croydon,croydon,2011,Theft,7336,E09000008,Croydon,croydon,364815,20.108822279785645,2010.8822279785645
Croydon,croydon,2011,Vehicle Offences,3895,E09000008,Croydon,croydon,364815,10.676644326576483,1067.6644326576484
Croydon,croydon,2011,Violence Against The Person,5859,E09000008,Croydon,croydon,364815,16.060194893302086,1606.0194893302084
Croydon,croydon,2012,Arson And Criminal Damage,3011,E09000008,Croydon,croydon,368886,8.162413320104315,816.2413320104315
Croydon,croydon,2012,Burglary,8068,E09000008,Croydon,croydon,368886,21.871255618266893,2187.125561826689
Croydon,croydon,2012,Drug Offences,2357,E09000008,Croydon,croydon,368886,6.389507869639943,638.9507869639943
Croydon,croydon,2012,Fraud And Forgery,1090,E09000008,Croydon,croydon,368886,2.9548424174406187,295.4842417440619
Croydon,croydon,2012,Miscellaneous Crimes Against Society,289,E09000008,Croydon,croydon,368886,0.7834398703122374,78.34398703122373
Croydon,croydon,2012,Possession Of Weapons,215,E09000008,Croydon,croydon,368886,0.5828358896786541,58.283588967865406
Croydon,croydon,2012,Public Order Offences,804,E09000008,Croydon,croydon,368886,2.1795351409378507,217.95351409378506
Croydon,croydon,2012,Robbery,1915,E09000008,Croydon,croydon,368886,5.191305715044757,519.1305715044756
Croydon,croydon,2012,Sexual Offences,440,E09000008,Croydon,croydon,368886,1.1927804253888734,119.27804253888735
Croydon,croydon,2012,Theft,7650,E09000008,Croydon,croydon,368886,20.73811421414746,2073.811421414746
Croydon,croydon,2012,Vehicle Offences,4097,E09000008,Croydon,croydon,368886,11.106412279132307,1110.6412279132308
Croydon,croydon,2012,Violence Against The Person,5718,E09000008,Croydon,croydon,368886,15.500723800849043,1550.0723800849044
Croydon,croydon,2013,Arson And Criminal Damage,2744,E09000008,Croydon,croydon,372752,7.3614628492939005,736.14628492939
Croydon,croydon,2013,Burglary,7928,E09000008,Croydon,croydon,372752,21.26883289693952,2126.883289693952
Croydon,croydon,2013,Drug Offences,2099,E09000008,Croydon,croydon,372752,5.631089839893549,563.1089839893549
Croydon,croydon,2013,Fraud And Forgery,88,E09000008,Croydon,croydon,372752,0.23608189895694726,23.608189895694725
Croydon,croydon,2013,Miscellaneous Crimes Against Society,278,E09000008,Croydon,croydon,372752,0.7458041807958106,74.58041807958107
Croydon,croydon,2013,Possession Of Weapons,178,E09000008,Croydon,croydon,372752,0.4775292956174615,47.75292956174615
Croydon,croydon,2013,Public Order Offences,843,E09000008,Croydon,croydon,372752,2.2615572820534835,226.15572820534834
Croydon,croydon,2013,Robbery,1656,E09000008,Croydon,croydon,372752,4.442632098553462,444.26320985534613
Croydon,croydon,2013,Sexual Offences,469,E09000008,Croydon,croydon,372752,1.2582092114864574,125.82092114864574
Croydon,croydon,2013,Theft,6686,E09000008,Croydon,croydon,372752,17.936858823024423,1793.6858823024422
Croydon,croydon,2013,Vehicle Offences,3592,E09000008,Croydon,croydon,372752,9.6364338756063,963.6433875606301
Croydon,croydon,2013,Violence Against The Person,5283,E09000008,Croydon,croydon,372752,14.172962183972185,1417.2962183972186
Croydon,croydon,2014,Arson And Criminal Damage,2744,E09000008,Croydon,croydon,376040,7.297096053611318,729.7096053611318
Croydon,croydon,2014,Burglary,6284,E09000008,Croydon,croydon,376040,16.71098819274545,1671.0988192745451
Croydon,croydon,2014,Drug Offences,1870,E09000008,Croydon,croydon,376040,4.9728752260397835,497.2875226039783
Croydon,croydon,2014,Fraud And Forgery,0,E09000008,Croydon,croydon,376040,0.0,0.0
Croydon,croydon,2014,Miscellaneous Crimes Against Society,314,E09000008,Croydon,croydon,376040,0.8350175513243272,83.50175513243272
Croydon,croydon,2014,Possession Of Weapons,217,E09000008,Croydon,croydon,376040,0.577066269545793,57.7066269545793
Croydon,croydon,2014,Public Order Offences,1259,E09000008,Croydon,croydon,376040,3.3480480799914902,334.80480799914903
Croydon,croydon,2014,Robbery,956,E09000008,Croydon,croydon,376040,2.5422827358791618,254.22827358791616
Croydon,croydon,2014,Sexual Offences,576,E09000008,Croydon,croydon,376040,1.5317519412828422,153.17519412828423
Croydon,croydon,2014,Theft,6660,E09000008,Croydon,croydon,376040,17.71088182108286,1771.0881821082862
Croydon,croydon,2014,Vehicle Offences,3112,E09000008,Croydon,croydon,376040,8.27571534943091,827.571534943091
Croydon,croydon,2014,Violence Against The Person,7007,E09000008,Croydon,croydon,376040,18.63365599404319,1863.3655994043188
Croydon,croydon,2015,Arson And Criminal Damage,2994,E09000008,Croydon,croydon,379031,7.899090048043563,789.9090048043563
Croydon,croydon,2015,Burglary,5438,E09000008,Croydon,croydon,379031,14.347111449986942,1434.7111449986942
Croydon,croydon,2015,Drug Offences,1572,E09000008,Croydon,croydon,379031,4.147418021217263,414.7418021217262
Croydon,croydon,2015,Fraud And Forgery,0,E09000008,Croydon,croydon,379031,0.0,0.0
Croydon,croydon,2015,Miscellaneous Crimes Against Society,414,E09000008,Croydon,croydon,379031,1.0922589445190498,109.22589445190498
Croydon,croydon,2015,Possession Of Weapons,218,E09000008,Croydon,croydon,379031,0.5751508451815287,57.51508451815287
Croydon,croydon,2015,Public Order Offences,1602,E09000008,Croydon,croydon,379031,4.226567220095454,422.6567220095454
Croydon,croydon,2015,Robbery,729,E09000008,Croydon,croydon,379031,1.923325532740066,192.3325532740066
Croydon,croydon,2015,Sexual Offences,648,E09000008,Croydon,croydon,379031,1.7096226957689478,170.96226957689478
Croydon,croydon,2015,Theft,6277,E09000008,Croydon,croydon,379031,16.560650711947044,1656.0650711947042
Croydon,croydon,2015,Vehicle Offences,3245,E09000008,Croydon,croydon,379031,8.561305011991104,856.1305011991104
Croydon,croydon,2015,Violence Against The Person,8318,E09000008,Croydon,croydon,379031,21.945434542293373,2194.5434542293374
Croydon,croydon,2016,Arson And Criminal Damage,3116,E09000008,Croydon,croydon,382304,8.15058173600067,815.0581736000669
Croydon,croydon,2016,Burglary,5482,E09000008,Croydon,croydon,382304,14.33937390139784,1433.9373901397842
Croydon,croydon,2016,Drug Offences,1392,E09000008,Croydon,croydon,382304,3.6410814430400937,364.1081443040094
Croydon,croydon,2016,Fraud And Forgery,0,E09000008,Croydon,croydon,382304,0.0,0.0
Croydon,croydon,2016,Miscellaneous Crimes Against Society,451,E09000008,Croydon,croydon,382304,1.1796894617895706,117.96894617895705
Croydon,croydon,2016,Possession Of Weapons,268,E09000008,Croydon,croydon,382304,0.7010128065623169,70.1012806562317
Croydon,croydon,2016,Public Order Offences,1747,E09000008,Croydon,croydon,382304,4.569661839792416,456.96618397924163
Croydon,croydon,2016,Robbery,1140,E09000008,Croydon,croydon,382304,2.981920147317318,298.1920147317318
Croydon,croydon,2016,Sexual Offences,758,E09000008,Croydon,croydon,382304,1.9827153260232695,198.27153260232694
Croydon,croydon,2016,Theft,5981,E09000008,Croydon,croydon,382304,15.644617895706038,1564.4617895706037
Croydon,croydon,2016,Vehicle Offences,3273,E09000008,Croydon,croydon,382304,8.561249686113669,856.124968611367
Croydon,croydon,2016,Violence Against The Person,8639,E09000008,Croydon,croydon,382304,22.597200133924833,2259.7200133924835
Croydon,croydon,2017,Arson And Criminal Damage,3033,E09000008,Croydon,croydon,386346,7.8504759981985055,785.0475998198506
Croydon,croydon,2017,Burglary,5370,E09000008,Croydon,croydon,386346,13.899457998788652,1389.945799878865
Croydon,croydon,2017,Drug Offences,1670,E09000008,Croydon,croydon,386346,4.322550252882132,432.2550252882132
Croydon,croydon,2017,Fraud And Forgery,0,E09000008,Croydon,croydon,386346,0.0,0.0
Croydon,croydon,2017,Miscellaneous Crimes Against Society,425,E09000008,Croydon,croydon,386346,1.10005021405683,110.005021405683
Croydon,croydon,2017,Possession Of Weapons,407,E09000008,Croydon,croydon,386346,1.0534598520497171,105.34598520497171
Croydon,croydon,2017,Public Order Offences,1883,E09000008,Croydon,croydon,386346,4.8738695366329665,487.38695366329665
Croydon,croydon,2017,Robbery,1160,E09000008,Croydon,croydon,386346,3.0024899960139355,300.24899960139356
Croydon,croydon,2017,Sexual Offences,796,E09000008,Croydon,croydon,386346,2.0603293420923214,206.03293420923217
Croydon,croydon,2017,Theft,5660,E09000008,Croydon,croydon,386346,14.650080497792136,1465.0080497792135
Croydon,croydon,2017,Vehicle Offences,3528,E09000008,Croydon,croydon,386346,9.131710953394109,913.1710953394108
Croydon,croydon,2017,Violence Against The Person,8595,E09000008,Croydon,croydon,386346,22.24689785839636,2224.689785839636
Croydon,croydon,2018,Arson And Criminal Damage,2531,E09000008,Croydon,croydon,391296,6.468249100425254,646.8249100425254
Croydon,croydon,2018,Burglary,5598,E09000008,Croydon,croydon,391296,14.306305201177626,1430.6305201177624
Croydon,croydon,2018,Drug Offences,1673,E09000008,Croydon,croydon,391296,4.27553565587177,427.553565587177
Croydon,croydon,2018,Fraud And Forgery,0,E09000008,Croydon,croydon,391296,0.0,0.0
Croydon,croydon,2018,Miscellaneous Crimes Against Society,454,E09000008,Croydon,croydon,391296,1.1602469741576709,116.0246974157671
Croydon,croydon,2018,Possession Of Weapons,382,E09000008,Croydon,croydon,391296,0.9762430487405953,97.62430487405953
Croydon,croydon,2018,Public Order Offences,1667,E09000008,Croydon,croydon,391296,4.2602019954203465,426.0201995420347
Croydon,croydon,2018,Robbery,1080,E09000008,Croydon,croydon,391296,2.7600588812561333,276.00588812561335
Croydon,croydon,2018,Sexual Offences,844,E09000008,Croydon,croydon,391296,2.1569349035001637,215.69349035001636
Croydon,croydon,2018,Theft,5768,E09000008,Croydon,croydon,391296,14.740758913967943,1474.0758913967943
Croydon,croydon,2018,Vehicle Offences,4143,E09000008,Croydon,croydon,391296,10.587892541707557,1058.7892541707556
Croydon,croydon,2018,Violence Against The Person,9060,E09000008,Croydon,croydon,391296,23.153827281648674,2315.3827281648673
Croydon,croydon,2019,Arson And Criminal Damage,2428,E09000008,Croydon,croydon,396548,6.1228401101506,612.28401101506
Croydon,croydon,2019,Burglary,5638,E09000008,Croydon,croydon,396548,14.217698740127299,1421.7698740127298
Croydon,croydon,2019,Drug Offences,2443,E09000008,Croydon,croydon,396548,6.160666552346752,616.0666552346752
Croydon,croydon,2019,Fraud And Forgery,0,E09000008,Croydon,croydon,396548,0.0,0.0
Croydon,croydon,2019,Miscellaneous Crimes Against Society,468,E09000008,Croydon,croydon,396548,1.1801849965199673,118.01849965199673
Croydon,croydon,2019,Possession Of Weapons,350,E09000008,Croydon,croydon,396548,0.8826169845768986,88.26169845768986
Croydon,croydon,2019,Public Order Offences,1970,E09000008,Croydon,croydon,396548,4.967872741761401,496.78727417614004
Croydon,croydon,2019,Robbery,1139,E09000008,Croydon,croydon,396548,2.872287844094536,287.22878440945357
Croydon,croydon,2019,Sexual Offences,890,E09000008,Croydon,croydon,396548,2.2443689036383994,224.43689036383995
Croydon,croydon,2019,Theft,5919,E09000008,Croydon,croydon,396548,14.926314090601894,1492.6314090601893
Croydon,croydon,2019,Vehicle Offences,5014,E09000008,Croydon,croydon,396548,12.644118744767342,1264.4118744767343
Croydon,croydon,2019,Violence Against The Person,9578,E09000008,Croydon,croydon,396548,24.1534442236501,2415.3444223650104
Croydon,croydon,2020,Arson And Criminal Damage,2391,E09000008,Croydon,croydon,400272,5.97343806211776,597.343806211776
Croydon,croydon,2020,Burglary,4590,E09000008,Croydon,croydon,400272,11.467202302434345,1146.7202302434343
Croydon,croydon,2020,Drug Offences,2731,E09000008,Croydon,croydon,400272,6.822860454890675,682.2860454890674
Croydon,croydon,2020,Fraud And Forgery,0,E09000008,Croydon,croydon,400272,0.0,0.0
Croydon,croydon,2020,Miscellaneous Crimes Against Society,490,E09000008,Croydon,croydon,400272,1.2241675660550826,122.41675660550825
Croydon,croydon,2020,Possession Of Weapons,369,E09000008,Croydon,croydon,400272,0.9218731262741335,92.18731262741335
Croydon,croydon,2020,Public Order Offences,2164,E09000008,Croydon,croydon,400272,5.406323699884079,540.6323699884078
Croydon,croydon,2020,Robbery,921,E09000008,Croydon,croydon,400272,2.300935363952512,230.09353639525122
Croydon,croydon,2020,Sexual Offences,844,E09000008,Croydon,croydon,400272,2.1085661750009996,210.85661750009996
Croydon,croydon,2020,Theft,4542,E09000008,Croydon,croydon,400272,11.34728384698405,1134.728384698405
Croydon,croydon,2020,Vehicle Offences,4903,E09000008,Croydon,croydon,400272,12.249170564016469,1224.917056401647
Croydon,croydon,2020,Violence Against The Person,10348,E09000008,Croydon,croydon,400272,25.85242035415917,2585.242035415917
Croydon,croydon,2021,Arson And Criminal Damage,2557,E09000008,Croydon,croydon,403461,6.337663367710881,633.7663367710882
Croydon,croydon,2021,Burglary,4050,E09000008,Croydon,croydon,403461,10.03814495081309,1003.814495081309
Croydon,croydon,2021,Drug Offences,2261,E09000008,Croydon,croydon,403461,5.604011292293431,560.401129229343
Croydon,croydon,2021,Fraud And Forgery,0,E09000008,Croydon,croydon,403461,0.0,0.0
Croydon,croydon,2021,Miscellaneous Crimes Against Society,538,E09000008,Croydon,croydon,403461,1.3334622181573932,133.3462218157393
Croydon,croydon,2021,Possession Of Weapons,331,E09000008,Croydon,croydon,403461,0.8204014762269464,82.04014762269463
Croydon,croydon,2021,Public Order Offences,2410,E09000008,Croydon,croydon,403461,5.973315884310999,597.3315884310999
Croydon,croydon,2021,Robbery,807,E09000008,Croydon,croydon,403461,2.0001933272360897,200.01933272360898
Croydon,croydon,2021,Sexual Offences,970,E09000008,Croydon,croydon,403461,2.404197679577456,240.41976795774562
Croydon,croydon,2021,Theft,5266,E09000008,Croydon,croydon,403461,13.05206699036586,1305.206699036586
Croydon,croydon,2021,Vehicle Offences,4123,E09000008,Croydon,croydon,403461,10.219079415358609,1021.9079415358609
Croydon,croydon,2021,Violence Against The Person,10837,E09000008,Croydon,croydon,403461,26.860093044928753,2686.0093044928753
Croydon,croydon,2022,Arson And Criminal Damage,2434,E09000008,Croydon,croydon,406399,5.989187965521569,598.9187965521569
Croydon,croydon,2022,Burglary,4250,E09000008,Croydon,croydon,406399,10.457702897890988,1045.7702897890988
Croydon,croydon,2022,Drug Offences,2028,E09000008,Croydon,croydon,406399,4.990169759275982,499.01697592759825
Croydon,croydon,2022,Fraud And Forgery,0,E09000008,Croydon,croydon,406399,0.0,0.0
Croydon,croydon,2022,Miscellaneous Crimes Against Society,491,E09000008,Croydon,croydon,406399,1.208172264203406,120.8172264203406
Croydon,croydon,2022,Possession Of Weapons,326,E09000008,Croydon,croydon,406399,0.8021673281676382,80.21673281676382
Croydon,croydon,2022,Public Order Offences,2224,E09000008,Croydon,croydon,406399,5.4724544105669555,547.2454410566955
Croydon,croydon,2022,Robbery,1131,E09000008,Croydon,croydon,406399,2.7829792888269904,278.297928882699
Croydon,croydon,2022,Sexual Offences,1053,E09000008,Croydon,croydon,406399,2.591049682700991,259.1049682700991
Croydon,croydon,2022,Theft,6046,E09000008,Croydon,croydon,406399,14.877005110740923,1487.7005110740922
Croydon,croydon,2022,Vehicle Offences,4452,E09000008,Croydon,croydon,406399,10.954751365037808,1095.4751365037807
Croydon,croydon,2022,Violence Against The Person,10904,E09000008,Croydon,croydon,406399,26.830774682024316,2683.0774682024316
Croydon,croydon,2023,Arson And Criminal Damage,2783,E09000008,Croydon,croydon,411580,6.76174741241071,676.174741241071
Croydon,croydon,2023,Burglary,2281,E09000008,Croydon,croydon,411580,5.542057437193255,554.2057437193255
Croydon,croydon,2023,Drug Offences,1747,E09000008,Croydon,croydon,411580,4.244618300208951,424.4618300208951
Croydon,croydon,2023,Fraud And Forgery,0,E09000008,Croydon,croydon,411580,0.0,0.0
Croydon,croydon,2023,Miscellaneous Crimes Against Society,450,E09000008,Croydon,croydon,411580,1.0933475873463239,109.33475873463239
Croydon,croydon,2023,Possession Of Weapons,343,E09000008,Croydon,croydon,411580,0.8333738276884202,83.33738276884202
Croydon,croydon,2023,Public Order Offences,2255,E09000008,Croydon,croydon,411580,5.47888624325769,547.888624325769
Croydon,croydon,2023,Robbery,1407,E09000008,Croydon,croydon,411580,3.418533456436173,341.8533456436173
Croydon,croydon,2023,Sexual Offences,1018,E09000008,Croydon,croydon,411580,2.473395208707906,247.3395208707906
Croydon,croydon,2023,Theft,6729,E09000008,Croydon,croydon,411580,16.349190922785365,1634.9190922785365
Croydon,croydon,2023,Vehicle Offences,3788,E09000008,Croydon,croydon,411580,9.203557024150834,920.3557024150833
Croydon,croydon,2023,Violence Against The Person,11088,E09000008,Croydon,croydon,411580,26.94008455221342,2694.008455221342
Croydon,croydon,2024,Arson And Criminal Damage,2794,E09000008,Croydon,croydon,416582,6.706962854852106,670.6962854852106
Croydon,croydon,2024,Burglary,1956,E09000008,Croydon,croydon,416582,4.695354095952298,469.5354095952298
Croydon,croydon,2024,Drug Offences,1898,E09000008,Croydon,croydon,416582,4.556125804763528,455.6125804763528
Croydon,croydon,2024,Fraud And Forgery,12,E09000008,Croydon,croydon,416582,0.028805853349400598,2.88058533494006
Croydon,croydon,2024,Miscellaneous Crimes Against Society,457,E09000008,Croydon,croydon,416582,1.0970229150563395,109.70229150563395
Croydon,croydon,2024,Possession Of Weapons,263,E09000008,Croydon,croydon,416582,0.6313282859076964,63.13282859076964
Croydon,croydon,2024,Public Order Offences,2288,E09000008,Croydon,croydon,416582,5.492316038619048,549.2316038619048
Croydon,croydon,2024,Robbery,1360,E09000008,Croydon,croydon,416582,3.2646633795987343,326.46633795987344
Croydon,croydon,2024,Sexual Offences,1196,E09000008,Croydon,croydon,416582,2.8709833838235927,287.09833838235926
Croydon,croydon,2024,Theft,7929,E09000008,Croydon,croydon,416582,19.033467600616444,1903.3467600616443
Croydon,croydon,2024,Vehicle Offences,4007,E09000008,Croydon,croydon,416582,9.618754530920683,961.8754530920683
Croydon,croydon,2024,Violence Against The Person,11255,E09000008,Croydon,croydon,416582,27.017489953958645,2701.7489953958643
Croydon,croydon,2025,Arson And Criminal Damage,609,E09000008,Croydon,croydon,421090,1.446246645610202,144.6246645610202
Croydon,croydon,2025,Burglary,463,E09000008,Croydon,croydon,421090,1.0995274169417464,109.95274169417465
Croydon,croydon,2025,Drug Offences,704,E09000008,Croydon,croydon,421090,1.6718516231684437,167.18516231684438
Croydon,croydon,2025,Fraud And Forgery,2,E09000008,Croydon,croydon,421090,0.004749578474910352,0.4749578474910352
Croydon,croydon,2025,Miscellaneous Crimes Against Society,121,E09000008,Croydon,croydon,421090,0.28734949773207624,28.734949773207624
Croydon,croydon,2025,Possession Of Weapons,55,E09000008,Croydon,croydon,421090,0.13061340806003469,13.061340806003468
Croydon,croydon,2025,Public Order Offences,522,E09000008,Croydon,croydon,421090,1.2396399819516017,123.96399819516017
Croydon,croydon,2025,Robbery,243,E09000008,Croydon,croydon,421090,0.5770737847016078,57.70737847016077
Croydon,croydon,2025,Sexual Offences,334,E09000008,Croydon,croydon,421090,0.7931796053100287,79.31796053100287
Croydon,croydon,2025,Theft,1657,E09000008,Croydon,croydon,421090,3.935025766463226,393.5025766463226
Croydon,croydon,2025,Vehicle Offences,869,E09000008,Croydon,croydon,421090,2.063691847348548,206.3691847348548
Croydon,croydon,2025,Violence Against The Person,2717,E09000008,Croydon,croydon,421090,6.452302358165713,645.2302358165713
Ealing,ealing,2010,Arson And Criminal Damage,2646,E09000009,Ealing,ealing,334073,7.920424577861724,792.0424577861725
Ealing,ealing,2010,Burglary,5470,E09000009,Ealing,ealing,334073,16.373666833296912,1637.3666833296913
Ealing,ealing,2010,Drug Offences,1944,E09000009,Ealing,ealing,334073,5.819087444959635,581.9087444959634
Ealing,ealing,2010,Fraud And Forgery,735,E09000009,Ealing,ealing,334073,2.2001179382949236,220.01179382949238
Ealing,ealing,2010,Miscellaneous Crimes Against Society,238,E09000009,Ealing,ealing,334073,0.7124191419240705,71.24191419240705
Ealing,ealing,2010,Nfib Fraud,0,E09000009,Ealing,ealing,334073,0.0,0.0
Ealing,ealing,2010,Possession Of Weapons,124,E09000009,Ealing,ealing,334073,0.37117635965791906,37.11763596579191
Ealing,ealing,2010,Public Order Offences,687,E09000009,Ealing,ealing,334073,2.0564367668144388,205.64367668144388
Ealing,ealing,2010,Robbery,1149,E09000009,Ealing,ealing,334073,3.4393680423141046,343.93680423141046
Ealing,ealing,2010,Sexual Offences,252,E09000009,Ealing,ealing,334073,0.7543261502725452,75.43261502725453
Ealing,ealing,2010,Theft,5862,E09000009,Ealing,ealing,334073,17.547063067054207,1754.7063067054207
Ealing,ealing,2010,Vehicle Offences,4159,E09000009,Ealing,ealing,334073,12.449374837236174,1244.9374837236173
Ealing,ealing,2010,Violence Against The Person,4792,E09000009,Ealing,ealing,334073,14.344170286135068,1434.4170286135068
Ealing,ealing,2011,Arson And Criminal Damage,3065,E09000009,Ealing,ealing,339665,9.023596779179485,902.3596779179485
Ealing,ealing,2011,Burglary,7640,E09000009,Ealing,ealing,339665,22.492750209765507,2249.2750209765504
Ealing,ealing,2011,Drug Offences,2220,E09000009,Ealing,ealing,339665,6.535851500743379,653.585150074338
Ealing,ealing,2011,Fraud And Forgery,951,E09000009,Ealing,ealing,339665,2.7998174672103393,279.98174672103397
Ealing,ealing,2011,Miscellaneous Crimes Against Society,306,E09000009,Ealing,ealing,339665,0.900887639291655,90.08876392916551
Ealing,ealing,2011,Nfib Fraud,0,E09000009,Ealing,ealing,339665,0.0,0.0
Ealing,ealing,2011,Possession Of Weapons,177,E09000009,Ealing,ealing,339665,0.521101673707918,52.11016737079181
Ealing,ealing,2011,Public Order Offences,938,E09000009,Ealing,ealing,339665,2.7615444629267074,276.15444629267074
Ealing,ealing,2011,Robbery,1423,E09000009,Ealing,ealing,339665,4.189421930431455,418.94219304314544
Ealing,ealing,2011,Sexual Offences,396,E09000009,Ealing,ealing,339665,1.1658545920244947,116.58545920244947
Ealing,ealing,2011,Theft,7701,E09000009,Ealing,ealing,339665,22.672338922173317,2267.2338922173317
Ealing,ealing,2011,Vehicle Offences,4838,E09000009,Ealing,ealing,339665,14.243445748016429,1424.344574801643
Ealing,ealing,2011,Violence Against The Person,5900,E09000009,Ealing,ealing,339665,17.370055790263937,1737.0055790263937
Ealing,ealing,2012,Arson And Criminal Damage,2520,E09000009,Ealing,ealing,341022,7.389552580185443,738.9552580185443
Ealing,ealing,2012,Burglary,7844,E09000009,Ealing,ealing,341022,23.001448586894686,2300.1448586894685
Ealing,ealing,2012,Drug Offences,2169,E09000009,Ealing,ealing,341022,6.36029347080247,636.029347080247
Ealing,ealing,2012,Fraud And Forgery,1145,E09000009,Ealing,ealing,341022,3.3575546445683857,335.7554644568386
Ealing,ealing,2012,Miscellaneous Crimes Against Society,279,E09000009,Ealing,ealing,341022,0.8181290356633882,81.81290356633883
Ealing,ealing,2012,Nfib Fraud,0,E09000009,Ealing,ealing,341022,0.0,0.0
Ealing,ealing,2012,Possession Of Weapons,124,E09000009,Ealing,ealing,341022,0.3636129047392837,36.36129047392837
Ealing,ealing,2012,Public Order Offences,1050,E09000009,Ealing,ealing,341022,3.0789802417439347,307.89802417439347
Ealing,ealing,2012,Robbery,1222,E09000009,Ealing,ealing,341022,3.583346528962941,358.3346528962941
Ealing,ealing,2012,Sexual Offences,342,E09000009,Ealing,ealing,341022,1.0028678501680242,100.28678501680243
Ealing,ealing,2012,Theft,7282,E09000009,Ealing,ealing,341022,21.353461067027933,2135.3461067027933
Ealing,ealing,2012,Vehicle Offences,4253,E09000009,Ealing,ealing,341022,12.47133616013043,1247.1336160130431
Ealing,ealing,2012,Violence Against The Person,5792,E09000009,Ealing,ealing,341022,16.98424148588654,1698.424148588654
Ealing,ealing,2013,Arson And Criminal Damage,2172,E09000009,Ealing,ealing,342845,6.3352243725298605,633.522437252986
Ealing,ealing,2013,Burglary,7154,E09000009,Ealing,ealing,342845,20.866572357771005,2086.6572357771006
Ealing,ealing,2013,Drug Offences,1894,E09000009,Ealing,ealing,342845,5.524362321165541,552.436232116554
Ealing,ealing,2013,Fraud And Forgery,109,E09000009,Ealing,ealing,342845,0.31792792661406755,31.792792661406757
Ealing,ealing,2013,Miscellaneous Crimes Against Society,300,E09000009,Ealing,ealing,342845,0.8750309906809199,87.503099068092
Ealing,ealing,2013,Nfib Fraud,0,E09000009,Ealing,ealing,342845,0.0,0.0
Ealing,ealing,2013,Possession Of Weapons,128,E09000009,Ealing,ealing,342845,0.37334655602385913,37.334655602385915
Ealing,ealing,2013,Public Order Offences,1078,E09000009,Ealing,ealing,342845,3.144278026513439,314.4278026513439
Ealing,ealing,2013,Robbery,900,E09000009,Ealing,ealing,342845,2.62509297204276,262.509297204276
Ealing,ealing,2013,Sexual Offences,370,E09000009,Ealing,ealing,342845,1.0792048885064678,107.92048885064679
Ealing,ealing,2013,Theft,6683,E09000009,Ealing,ealing,342845,19.492773702401962,1949.2773702401962
Ealing,ealing,2013,Vehicle Offences,3879,E09000009,Ealing,ealing,342845,11.314150709504293,1131.4150709504295
Ealing,ealing,2013,Violence Against The Person,5197,E09000009,Ealing,ealing,342845,15.15845352856247,1515.845352856247
Ealing,ealing,2014,Arson And Criminal Damage,2249,E09000009,Ealing,ealing,342469,6.56701774467178,656.7017744671781
Ealing,ealing,2014,Burglary,5778,E09000009,Ealing,ealing,342469,16.871600057231458,1687.1600057231456
Ealing,ealing,2014,Drug Offences,1603,E09000009,Ealing,ealing,342469,4.680715626815858,468.0715626815858
Ealing,ealing,2014,Fraud And Forgery,0,E09000009,Ealing,ealing,342469,0.0,0.0
Ealing,ealing,2014,Miscellaneous Crimes Against Society,291,E09000009,Ealing,ealing,342469,0.849711944730764,84.9711944730764
Ealing,ealing,2014,Nfib Fraud,0,E09000009,Ealing,ealing,342469,0.0,0.0
Ealing,ealing,2014,Possession Of Weapons,143,E09000009,Ealing,ealing,342469,0.41755604156872594,41.75560415687259
Ealing,ealing,2014,Public Order Offences,1309,E09000009,Ealing,ealing,342469,3.8222437651291066,382.2243765129107
Ealing,ealing,2014,Robbery,646,E09000009,Ealing,ealing,342469,1.8863021178559227,188.63021178559228
Ealing,ealing,2014,Sexual Offences,437,E09000009,Ealing,ealing,342469,1.276027903255477,127.6027903255477
Ealing,ealing,2014,Theft,6016,E09000009,Ealing,ealing,342469,17.566553469073114,1756.6553469073112
Ealing,ealing,2014,Vehicle Offences,3637,E09000009,Ealing,ealing,342469,10.619939322975219,1061.9939322975217
Ealing,ealing,2014,Violence Against The Person,6124,E09000009,Ealing,ealing,342469,17.881910479488653,1788.1910479488654
Ealing,ealing,2015,Arson And Criminal Damage,2406,E09000009,Ealing,ealing,343410,7.0062024984712155,700.6202498471215
Ealing,ealing,2015,Burglary,5260,E09000009,Ealing,ealing,343410,15.316968055676886,1531.6968055676887
Ealing,ealing,2015,Drug Offences,1413,E09000009,Ealing,ealing,343410,4.114615183017385,411.46151830173847
Ealing,ealing,2015,Fraud And Forgery,0,E09000009,Ealing,ealing,343410,0.0,0.0
Ealing,ealing,2015,Miscellaneous Crimes Against Society,323,E09000009,Ealing,ealing,343410,0.9405666695786378,94.05666695786377
Ealing,ealing,2015,Nfib Fraud,0,E09000009,Ealing,ealing,343410,0.0,0.0
Ealing,ealing,2015,Possession Of Weapons,156,E09000009,Ealing,ealing,343410,0.4542674936664628,45.42674936664628
Ealing,ealing,2015,Public Order Offences,1713,E09000009,Ealing,ealing,343410,4.988206516991352,498.82065169913517
Ealing,ealing,2015,Robbery,636,E09000009,Ealing,ealing,343410,1.8520136280248098,185.201362802481
Ealing,ealing,2015,Sexual Offences,529,E09000009,Ealing,ealing,343410,1.5404327189074283,154.04327189074283
Ealing,ealing,2015,Theft,6217,E09000009,Ealing,ealing,343410,18.103724411053843,1810.3724411053843
Ealing,ealing,2015,Vehicle Offences,3417,E09000009,Ealing,ealing,343410,9.950205293963483,995.0205293963484
Ealing,ealing,2015,Violence Against The Person,7336,E09000009,Ealing,ealing,343410,21.36222008677674,2136.222008677674
Ealing,ealing,2016,Arson And Criminal Damage,2491,E09000009,Ealing,ealing,343547,7.250827397706864,725.0827397706863
Ealing,ealing,2016,Burglary,4986,E09000009,Ealing,ealing,343547,14.513298034912253,1451.3298034912252
Ealing,ealing,2016,Drug Offences,1379,E09000009,Ealing,ealing,343547,4.0140068171167265,401.40068171167263
Ealing,ealing,2016,Fraud And Forgery,0,E09000009,Ealing,ealing,343547,0.0,0.0
Ealing,ealing,2016,Miscellaneous Crimes Against Society,430,E09000009,Ealing,ealing,343547,1.25164824609151,125.164824609151
Ealing,ealing,2016,Nfib Fraud,0,E09000009,Ealing,ealing,343547,0.0,0.0
Ealing,ealing,2016,Possession Of Weapons,185,E09000009,Ealing,ealing,343547,0.5384998268068125,53.84998268068125
Ealing,ealing,2016,Public Order Offences,1685,E09000009,Ealing,ealing,343547,4.904714638753941,490.471463875394
Ealing,ealing,2016,Robbery,671,E09000009,Ealing,ealing,343547,1.9531534258776821,195.3153425877682
Ealing,ealing,2016,Sexual Offences,531,E09000009,Ealing,ealing,343547,1.5456400434292834,154.56400434292834
Ealing,ealing,2016,Theft,6698,E09000009,Ealing,ealing,343547,19.496604540281243,1949.6604540281244
Ealing,ealing,2016,Vehicle Offences,3414,E09000009,Ealing,ealing,343547,9.937504911991665,993.7504911991664
Ealing,ealing,2016,Violence Against The Person,7768,E09000009,Ealing,ealing,343547,22.611171106136858,2261.117110613686
Ealing,ealing,2017,Arson And Criminal Damage,2280,E09000009,Ealing,ealing,347126,6.568220185177717,656.8220185177717
Ealing,ealing,2017,Burglary,5228,E09000009,Ealing,ealing,347126,15.06081365267943,1506.081365267943
Ealing,ealing,2017,Drug Offences,1358,E09000009,Ealing,ealing,347126,3.912124127838306,391.21241278383064
Ealing,ealing,2017,Fraud And Forgery,0,E09000009,Ealing,ealing,347126,0.0,0.0
Ealing,ealing,2017,Miscellaneous Crimes Against Society,418,E09000009,Ealing,ealing,347126,1.2041737006159148,120.41737006159147
Ealing,ealing,2017,Nfib Fraud,0,E09000009,Ealing,ealing,347126,0.0,0.0
Ealing,ealing,2017,Possession Of Weapons,251,E09000009,Ealing,ealing,347126,0.7230803800349153,72.30803800349153
Ealing,ealing,2017,Public Order Offences,1866,E09000009,Ealing,ealing,347126,5.375569677869131,537.5569677869131
Ealing,ealing,2017,Robbery,849,E09000009,Ealing,ealing,347126,2.4457977794806496,244.57977794806496
Ealing,ealing,2017,Sexual Offences,571,E09000009,Ealing,ealing,347126,1.6449358446212616,164.49358446212617
Ealing,ealing,2017,Theft,6260,E09000009,Ealing,ealing,347126,18.033797525970396,1803.3797525970397
Ealing,ealing,2017,Vehicle Offences,3760,E09000009,Ealing,ealing,347126,10.831801708889568,1083.1801708889568
Ealing,ealing,2017,Violence Against The Person,7835,E09000009,Ealing,ealing,347126,22.571054890731318,2257.105489073132
Ealing,ealing,2018,Arson And Criminal Damage,2124,E09000009,Ealing,ealing,350784,6.055008210180624,605.5008210180624
Ealing,ealing,2018,Burglary,5072,E09000009,Ealing,ealing,350784,14.459040321109287,1445.9040321109287
Ealing,ealing,2018,Drug Offences,1154,E09000009,Ealing,ealing,350784,3.289773763911695,328.9773763911695
Ealing,ealing,2018,Fraud And Forgery,0,E09000009,Ealing,ealing,350784,0.0,0.0
Ealing,ealing,2018,Miscellaneous Crimes Against Society,322,E09000009,Ealing,ealing,350784,0.9179438058748404,91.79438058748403
Ealing,ealing,2018,Nfib Fraud,0,E09000009,Ealing,ealing,350784,0.0,0.0
Ealing,ealing,2018,Possession Of Weapons,212,E09000009,Ealing,ealing,350784,0.6043605181536217,60.43605181536216
Ealing,ealing,2018,Public Order Offences,1813,E09000009,Ealing,ealing,350784,5.168422733077906,516.8422733077905
Ealing,ealing,2018,Robbery,845,E09000009,Ealing,ealing,350784,2.4088898011311803,240.88898011311804
Ealing,ealing,2018,Sexual Offences,623,E09000009,Ealing,ealing,350784,1.776021711366539,177.6021711366539
Ealing,ealing,2018,Theft,5967,E09000009,Ealing,ealing,350784,17.010467980295566,1701.0467980295564
Ealing,ealing,2018,Vehicle Offences,4236,E09000009,Ealing,ealing,350784,12.075807334428024,1207.5807334428025
Ealing,ealing,2018,Violence Against The Person,8051,E09000009,Ealing,ealing,350784,22.95144590403211,2295.144590403211
Ealing,ealing,2019,Arson And Criminal Damage,2186,E09000009,Ealing,ealing,354184,6.171933232444154,617.1933232444153
Ealing,ealing,2019,Burglary,5810,E09000009,Ealing,ealing,354184,16.40390305603867,1640.3903056038669
Ealing,ealing,2019,Drug Offences,1666,E09000009,Ealing,ealing,354184,4.703769791972534,470.37697919725343
Ealing,ealing,2019,Fraud And Forgery,0,E09000009,Ealing,ealing,354184,0.0,0.0
Ealing,ealing,2019,Miscellaneous Crimes Against Society,370,E09000009,Ealing,ealing,354184,1.0446547557201906,104.46547557201906
Ealing,ealing,2019,Nfib Fraud,0,E09000009,Ealing,ealing,354184,0.0,0.0
Ealing,ealing,2019,Possession Of Weapons,255,E09000009,Ealing,ealing,354184,0.7199647640774286,71.99647640774286
Ealing,ealing,2019,Public Order Offences,1891,E09000009,Ealing,ealing,354184,5.3390328190996765,533.9032819099676
Ealing,ealing,2019,Robbery,1293,E09000009,Ealing,ealing,354184,3.6506448625573147,365.0644862557315
Ealing,ealing,2019,Sexual Offences,620,E09000009,Ealing,ealing,354184,1.7505025636392382,175.05025636392384
Ealing,ealing,2019,Theft,6043,E09000009,Ealing,ealing,354184,17.061753213019223,1706.1753213019222
Ealing,ealing,2019,Vehicle Offences,5431,E09000009,Ealing,ealing,354184,15.333837779233393,1533.3837779233393
Ealing,ealing,2019,Violence Against The Person,8359,E09000009,Ealing,ealing,354184,23.60072730558128,2360.072730558128
Ealing,ealing,2020,Arson And Criminal Damage,1995,E09000009,Ealing,ealing,361833,5.51359328751109,551.3593287511089
Ealing,ealing,2020,Burglary,4320,E09000009,Ealing,ealing,361833,11.939209524836043,1193.9209524836044
Ealing,ealing,2020,Drug Offences,2213,E09000009,Ealing,ealing,361833,6.116081175569946,611.6081175569946
Ealing,ealing,2020,Fraud And Forgery,0,E09000009,Ealing,ealing,361833,0.0,0.0
Ealing,ealing,2020,Miscellaneous Crimes Against Society,463,E09000009,Ealing,ealing,361833,1.279595835647937,127.9595835647937
Ealing,ealing,2020,Nfib Fraud,0,E09000009,Ealing,ealing,361833,0.0,0.0
Ealing,ealing,2020,Possession Of Weapons,233,E09000009,Ealing,ealing,361833,0.6439434766867588,64.39434766867588
Ealing,ealing,2020,Public Order Offences,2034,E09000009,Ealing,ealing,361833,5.621377817943637,562.1377817943637
Ealing,ealing,2020,Robbery,865,E09000009,Ealing,ealing,361833,2.3906056108757356,239.06056108757355
Ealing,ealing,2020,Sexual Offences,613,E09000009,Ealing,ealing,361833,1.6941517219269662,169.41517219269662
Ealing,ealing,2020,Theft,4737,E09000009,Ealing,ealing,361833,13.091674888691745,1309.1674888691743
Ealing,ealing,2020,Vehicle Offences,4538,E09000009,Ealing,ealing,361833,12.5416974128949,1254.16974128949
Ealing,ealing,2020,Violence Against The Person,8489,E09000009,Ealing,ealing,361833,23.46109945748453,2346.109945748453
Ealing,ealing,2021,Arson And Criminal Damage,1953,E09000009,Ealing,ealing,369685,5.282875961967621,528.2875961967621
Ealing,ealing,2021,Burglary,3632,E09000009,Ealing,ealing,369685,9.824580386004302,982.4580386004301
Ealing,ealing,2021,Drug Offences,1611,E09000009,Ealing,ealing,369685,4.357764042360388,435.7764042360388
Ealing,ealing,2021,Fraud And Forgery,0,E09000009,Ealing,ealing,369685,0.0,0.0
Ealing,ealing,2021,Miscellaneous Crimes Against Society,426,E09000009,Ealing,ealing,369685,1.1523323910897114,115.23323910897115
Ealing,ealing,2021,Nfib Fraud,0,E09000009,Ealing,ealing,369685,0.0,0.0
Ealing,ealing,2021,Possession Of Weapons,183,E09000009,Ealing,ealing,369685,0.4950160271582564,49.50160271582563
Ealing,ealing,2021,Public Order Offences,2286,E09000009,Ealing,ealing,369685,6.183642831058874,618.3642831058875
Ealing,ealing,2021,Robbery,612,E09000009,Ealing,ealing,369685,1.6554634350866277,165.54634350866277
Ealing,ealing,2021,Sexual Offences,753,E09000009,Ealing,ealing,369685,2.036869226503645,203.6869226503645
Ealing,ealing,2021,Theft,4800,E09000009,Ealing,ealing,369685,12.984026941855905,1298.4026941855905
Ealing,ealing,2021,Vehicle Offences,4457,E09000009,Ealing,ealing,369685,12.056210016635784,1205.6210016635785
Ealing,ealing,2021,Violence Against The Person,9137,E09000009,Ealing,ealing,369685,24.715636284945294,2471.5636284945294
Ealing,ealing,2022,Arson And Criminal Damage,1993,E09000009,Ealing,ealing,377916,5.273658696641582,527.3658696641581
Ealing,ealing,2022,Burglary,3584,E09000009,Ealing,ealing,377916,9.483588945691636,948.3588945691636
Ealing,ealing,2022,Drug Offences,1361,E09000009,Ealing,ealing,377916,3.601329395950423,360.1329395950423
Ealing,ealing,2022,Fraud And Forgery,0,E09000009,Ealing,ealing,377916,0.0,0.0
Ealing,ealing,2022,Miscellaneous Crimes Against Society,373,E09000009,Ealing,ealing,377916,0.9869918182876618,98.69918182876619
Ealing,ealing,2022,Nfib Fraud,0,E09000009,Ealing,ealing,377916,0.0,0.0
Ealing,ealing,2022,Possession Of Weapons,178,E09000009,Ealing,ealing,377916,0.4710041384858011,47.10041384858011
Ealing,ealing,2022,Public Order Offences,2208,E09000009,Ealing,ealing,377916,5.842568189756454,584.2568189756454
Ealing,ealing,2022,Robbery,666,E09000009,Ealing,ealing,377916,1.7622963833232783,176.22963833232782
Ealing,ealing,2022,Sexual Offences,778,E09000009,Ealing,ealing,377916,2.0586585378761417,205.86585378761418
Ealing,ealing,2022,Theft,5541,E09000009,Ealing,ealing,377916,14.661988378369797,1466.1988378369797
Ealing,ealing,2022,Vehicle Offences,4378,E09000009,Ealing,ealing,377916,11.584584934218185,1158.4584934218185
Ealing,ealing,2022,Violence Against The Person,9442,E09000009,Ealing,ealing,377916,24.98438806507266,2498.4388065072662
Ealing,ealing,2023,Arson And Criminal Damage,2210,E09000009,Ealing,ealing,385818,5.72808941003271,572.808941003271
Ealing,ealing,2023,Burglary,2451,E09000009,Ealing,ealing,385818,6.3527362642489456,635.2736264248946
Ealing,ealing,2023,Drug Offences,1294,E09000009,Ealing,ealing,385818,3.353912984878881,335.3912984878881
Ealing,ealing,2023,Fraud And Forgery,0,E09000009,Ealing,ealing,385818,0.0,0.0
Ealing,ealing,2023,Miscellaneous Crimes Against Society,380,E09000009,Ealing,ealing,385818,0.9849203510463482,98.49203510463482
Ealing,ealing,2023,Nfib Fraud,0,E09000009,Ealing,ealing,385818,0.0,0.0
Ealing,ealing,2023,Possession Of Weapons,153,E09000009,Ealing,ealing,385818,0.3965600360791876,39.65600360791876
Ealing,ealing,2023,Public Order Offences,2309,E09000009,Ealing,ealing,385818,5.984687080436889,598.4687080436889
Ealing,ealing,2023,Robbery,933,E09000009,Ealing,ealing,385818,2.4182386513848497,241.823865138485
Ealing,ealing,2023,Sexual Offences,759,E09000009,Ealing,ealing,385818,1.9672488064320484,196.72488064320484
Ealing,ealing,2023,Theft,6687,E09000009,Ealing,ealing,385818,17.33200628275508,1733.200628275508
Ealing,ealing,2023,Vehicle Offences,4699,E09000009,Ealing,ealing,385818,12.179317709386291,1217.9317709386291
Ealing,ealing,2023,Violence Against The Person,10081,E09000009,Ealing,ealing,385818,26.12890015499536,2612.890015499536
Ealing,ealing,2024,Arson And Criminal Damage,1922,E09000009,Ealing,ealing,393434,4.8851904004229425,488.51904004229425
Ealing,ealing,2024,Burglary,1852,E09000009,Ealing,ealing,393434,4.707269834330536,470.7269834330536
Ealing,ealing,2024,Drug Offences,1228,E09000009,Ealing,ealing,393434,3.121235073735366,312.1235073735366
Ealing,ealing,2024,Fraud And Forgery,2,E09000009,Ealing,ealing,393434,0.005083444745497339,0.5083444745497339
Ealing,ealing,2024,Miscellaneous Crimes Against Society,345,E09000009,Ealing,ealing,393434,0.876894218598291,87.6894218598291
Ealing,ealing,2024,Nfib Fraud,2,E09000009,Ealing,ealing,393434,0.005083444745497339,0.5083444745497339
Ealing,ealing,2024,Possession Of Weapons,172,E09000009,Ealing,ealing,393434,0.43717624811277117,43.71762481127712
Ealing,ealing,2024,Public Order Offences,2089,E09000009,Ealing,ealing,393434,5.30965803667197,530.9658036671971
Ealing,ealing,2024,Robbery,1023,E09000009,Ealing,ealing,393434,2.6001819873218888,260.01819873218886
Ealing,ealing,2024,Sexual Offences,901,E09000009,Ealing,ealing,393434,2.2900918578465514,229.00918578465513
Ealing,ealing,2024,Theft,7667,E09000009,Ealing,ealing,393434,19.48738543186405,1948.7385431864047
Ealing,ealing,2024,Vehicle Offences,4562,E09000009,Ealing,ealing,393434,11.59533746447943,1159.533746447943
Ealing,ealing,2024,Violence Against The Person,9615,E09000009,Ealing,ealing,393434,24.438660613978456,2443.8660613978454
Ealing,ealing,2025,Arson And Criminal Damage,500,E09000009,Ealing,ealing,397010,1.2594141205511196,125.94141205511195
Ealing,ealing,2025,Burglary,483,E09000009,Ealing,ealing,397010,1.2165940404523816,121.65940404523816
Ealing,ealing,2025,Drug Offences,306,E09000009,Ealing,ealing,397010,0.7707614417772852,77.07614417772852
Ealing,ealing,2025,Fraud And Forgery,0,E09000009,Ealing,ealing,397010,0.0,0.0
Ealing,ealing,2025,Miscellaneous Crimes Against Society,81,E09000009,Ealing,ealing,397010,0.2040250875292814,20.40250875292814
Ealing,ealing,2025,Nfib Fraud,0,E09000009,Ealing,ealing,397010,0.0,0.0
Ealing,ealing,2025,Possession Of Weapons,33,E09000009,Ealing,ealing,397010,0.08312133195637389,8.31213319563739
Ealing,ealing,2025,Public Order Offences,493,E09000009,Ealing,ealing,397010,1.241782322863404,124.17823228634039
Ealing,ealing,2025,Robbery,219,E09000009,Ealing,ealing,397010,0.5516233848013904,55.16233848013904
Ealing,ealing,2025,Sexual Offences,238,E09000009,Ealing,ealing,397010,0.5994811213823329,59.94811213823329
Ealing,ealing,2025,Theft,1964,E09000009,Ealing,ealing,397010,4.946978665524798,494.6978665524798
Ealing,ealing,2025,Vehicle Offences,1072,E09000009,Ealing,ealing,397010,2.7001838744616005,270.01838744616003
Ealing,ealing,2025,Violence Against The Person,2356,E09000009,Ealing,ealing,397010,5.934359336036875,593.4359336036875
Enfield,enfield,2010,Arson And Criminal Damage,2122,E09000010,Enfield,enfield,307648,6.89749323902642,689.749323902642
Enfield,enfield,2010,Burglary,4850,E09000010,Enfield,enfield,307648,15.764770126898274,1576.4770126898275
Enfield,enfield,2010,Drug Offences,1247,E09000010,Enfield,enfield,307648,4.053333680049927,405.33336800499274
Enfield,enfield,2010,Fraud And Forgery,618,E09000010,Enfield,enfield,307648,2.0087892656542543,200.87892656542542
Enfield,enfield,2010,Miscellaneous Crimes Against Society,123,E09000010,Enfield,enfield,307648,0.3998075722904098,39.98075722904098
Enfield,enfield,2010,Possession Of Weapons,190,E09000010,Enfield,enfield,307648,0.6175889328063241,61.758893280632414
Enfield,enfield,2010,Public Order Offences,288,E09000010,Enfield,enfield,307648,0.9361348034116913,93.61348034116912
Enfield,enfield,2010,Robbery,875,E09000010,Enfield,enfield,307648,2.8441595589764925,284.41595589764927
Enfield,enfield,2010,Sexual Offences,227,E09000010,Enfield,enfield,307648,0.7378562513001872,73.78562513001872
Enfield,enfield,2010,Theft,2933,E09000010,Enfield,enfield,307648,9.533622841689203,953.3622841689203
Enfield,enfield,2010,Vehicle Offences,3003,E09000010,Enfield,enfield,307648,9.761155606407323,976.1155606407323
Enfield,enfield,2010,Violence Against The Person,2757,E09000010,Enfield,enfield,307648,8.961540461826504,896.1540461826503
Enfield,enfield,2011,Arson And Criminal Damage,2611,E09000010,Enfield,enfield,314011,8.314995334558343,831.4995334558344
Enfield,enfield,2011,Burglary,7400,E09000010,Enfield,enfield,314011,23.566053418510815,2356.6053418510814
Enfield,enfield,2011,Drug Offences,1500,E09000010,Enfield,enfield,314011,4.776902719968409,477.6902719968409
Enfield,enfield,2011,Fraud And Forgery,727,E09000010,Enfield,enfield,314011,2.315205518278022,231.5205518278022
Enfield,enfield,2011,Miscellaneous Crimes Against Society,206,E09000010,Enfield,enfield,314011,0.6560279735423281,65.60279735423282
Enfield,enfield,2011,Possession Of Weapons,200,E09000010,Enfield,enfield,314011,0.6369203626624544,63.692036266245445
Enfield,enfield,2011,Public Order Offences,370,E09000010,Enfield,enfield,314011,1.1783026709255409,117.83026709255408
Enfield,enfield,2011,Robbery,1107,E09000010,Enfield,enfield,314011,3.5253542073366857,352.53542073366856
Enfield,enfield,2011,Sexual Offences,282,E09000010,Enfield,enfield,314011,0.8980577113540608,89.80577113540608
Enfield,enfield,2011,Theft,4230,E09000010,Enfield,enfield,314011,13.470865670310912,1347.0865670310914
Enfield,enfield,2011,Vehicle Offences,4258,E09000010,Enfield,enfield,314011,13.560034521083656,1356.0034521083655
Enfield,enfield,2011,Violence Against The Person,3626,E09000010,Enfield,enfield,314011,11.5473661750703,1154.73661750703
Enfield,enfield,2012,Arson And Criminal Damage,2093,E09000010,Enfield,enfield,317363,6.594971688571131,659.4971688571131
Enfield,enfield,2012,Burglary,7446,E09000010,Enfield,enfield,317363,23.462092304395913,2346.209230439591
Enfield,enfield,2012,Drug Offences,1142,E09000010,Enfield,enfield,317363,3.5984030904673827,359.8403090467383
Enfield,enfield,2012,Fraud And Forgery,915,E09000010,Enfield,enfield,317363,2.8831338246739535,288.31338246739534
Enfield,enfield,2012,Miscellaneous Crimes Against Society,198,E09000010,Enfield,enfield,317363,0.623891253863872,62.3891253863872
Enfield,enfield,2012,Possession Of Weapons,129,E09000010,Enfield,enfield,317363,0.4064746047900984,40.647460479009844
Enfield,enfield,2012,Public Order Offences,467,E09000010,Enfield,enfield,317363,1.4715010886587285,147.15010886587285
Enfield,enfield,2012,Robbery,1097,E09000010,Enfield,enfield,317363,3.456609623680139,345.6609623680139
Enfield,enfield,2012,Sexual Offences,278,E09000010,Enfield,enfield,317363,0.8759685281523051,87.5968528152305
Enfield,enfield,2012,Theft,4453,E09000010,Enfield,enfield,317363,14.031251280079909,1403.125128007991
Enfield,enfield,2012,Vehicle Offences,3953,E09000010,Enfield,enfield,317363,12.455768315777203,1245.5768315777202
Enfield,enfield,2012,Violence Against The Person,3720,E09000010,Enfield,enfield,317363,11.72159325441214,1172.159325441214
Enfield,enfield,2013,Arson And Criminal Damage,1938,E09000010,Enfield,enfield,320600,6.04491578290705,604.491578290705
Enfield,enfield,2013,Burglary,6896,E09000010,Enfield,enfield,320600,21.50966936993138,2150.966936993138
Enfield,enfield,2013,Drug Offences,1550,E09000010,Enfield,enfield,320600,4.834684965689333,483.4684965689333
Enfield,enfield,2013,Fraud And Forgery,87,E09000010,Enfield,enfield,320600,0.2713661883967561,27.13661883967561
Enfield,enfield,2013,Miscellaneous Crimes Against Society,246,E09000010,Enfield,enfield,320600,0.7673112913287585,76.73112913287585
Enfield,enfield,2013,Possession Of Weapons,149,E09000010,Enfield,enfield,320600,0.46475358702432934,46.475358702432935
Enfield,enfield,2013,Public Order Offences,602,E09000010,Enfield,enfield,320600,1.8777292576419213,187.77292576419214
Enfield,enfield,2013,Robbery,921,E09000010,Enfield,enfield,320600,2.8727386150966936,287.27386150966936
Enfield,enfield,2013,Sexual Offences,323,E09000010,Enfield,enfield,320600,1.0074859638178415,100.74859638178415
Enfield,enfield,2013,Theft,4472,E09000010,Enfield,enfield,320600,13.948845913911416,1394.8845913911416
Enfield,enfield,2013,Vehicle Offences,4316,E09000010,Enfield,enfield,320600,13.462258265751716,1346.2258265751716
Enfield,enfield,2013,Violence Against The Person,3814,E09000010,Enfield,enfield,320600,11.896444167186527,1189.6444167186526
Enfield,enfield,2014,Arson And Criminal Damage,1991,E09000010,Enfield,enfield,324650,6.132758355151702,613.2758355151702
Enfield,enfield,2014,Burglary,6090,E09000010,Enfield,enfield,324650,18.758663175727705,1875.8663175727704
Enfield,enfield,2014,Drug Offences,1422,E09000010,Enfield,enfield,324650,4.380101647928538,438.0101647928538
Enfield,enfield,2014,Fraud And Forgery,0,E09000010,Enfield,enfield,324650,0.0,0.0
Enfield,enfield,2014,Miscellaneous Crimes Against Society,315,E09000010,Enfield,enfield,324650,0.9702756815031572,97.02756815031572
Enfield,enfield,2014,Possession Of Weapons,205,E09000010,Enfield,enfield,324650,0.6314492530417373,63.144925304173725
Enfield,enfield,2014,Public Order Offences,926,E09000010,Enfield,enfield,324650,2.852302479593408,285.23024795934083
Enfield,enfield,2014,Robbery,754,E09000010,Enfield,enfield,324650,2.3225011550900967,232.25011550900967
Enfield,enfield,2014,Sexual Offences,413,E09000010,Enfield,enfield,324650,1.2721392268596952,127.21392268596951
Enfield,enfield,2014,Theft,4923,E09000010,Enfield,enfield,324650,15.164022793777914,1516.4022793777915
Enfield,enfield,2014,Vehicle Offences,3078,E09000010,Enfield,enfield,324650,9.480979516402279,948.097951640228
Enfield,enfield,2014,Violence Against The Person,5000,E09000010,Enfield,enfield,324650,15.40120129370091,1540.1201293700908
Enfield,enfield,2015,Arson And Criminal Damage,2040,E09000010,Enfield,enfield,328509,6.209875528524333,620.9875528524333
Enfield,enfield,2015,Burglary,5620,E09000010,Enfield,enfield,328509,17.10759826975821,1710.759826975821
Enfield,enfield,2015,Drug Offences,1232,E09000010,Enfield,enfield,328509,3.750277770167636,375.0277770167636
Enfield,enfield,2015,Fraud And Forgery,0,E09000010,Enfield,enfield,328509,0.0,0.0
Enfield,enfield,2015,Miscellaneous Crimes Against Society,316,E09000010,Enfield,enfield,328509,0.9619218955949457,96.19218955949457
Enfield,enfield,2015,Possession Of Weapons,155,E09000010,Enfield,enfield,328509,0.4718287779025841,47.18287779025841
Enfield,enfield,2015,Public Order Offences,1063,E09000010,Enfield,enfield,328509,3.235832199422238,323.5832199422238
Enfield,enfield,2015,Robbery,940,E09000010,Enfield,enfield,328509,2.8614132337318003,286.14132337318006
Enfield,enfield,2015,Sexual Offences,438,E09000010,Enfield,enfield,328509,1.3332968046537539,133.3296804653754
Enfield,enfield,2015,Theft,4657,E09000010,Enfield,enfield,328509,14.17617173349893,1417.617173349893
Enfield,enfield,2015,Vehicle Offences,3176,E09000010,Enfield,enfield,328509,9.66792386205553,966.7923862055529
Enfield,enfield,2015,Violence Against The Person,5702,E09000010,Enfield,enfield,328509,17.357210913551835,1735.7210913551837
Enfield,enfield,2016,Arson And Criminal Damage,2052,E09000010,Enfield,enfield,331471,6.190586808499084,619.0586808499085
Enfield,enfield,2016,Burglary,5078,E09000010,Enfield,enfield,331471,15.319590552416349,1531.959055241635
Enfield,enfield,2016,Drug Offences,1092,E09000010,Enfield,enfield,331471,3.294405845458577,329.4405845458577
Enfield,enfield,2016,Fraud And Forgery,0,E09000010,Enfield,enfield,331471,0.0,0.0
Enfield,enfield,2016,Miscellaneous Crimes Against Society,316,E09000010,Enfield,enfield,331471,0.9533262336675002,95.33262336675003
Enfield,enfield,2016,Possession Of Weapons,216,E09000010,Enfield,enfield,331471,0.6516407166841142,65.16407166841142
Enfield,enfield,2016,Public Order Offences,1220,E09000010,Enfield,enfield,331471,3.6805633071973114,368.05633071973114
Enfield,enfield,2016,Robbery,807,E09000010,Enfield,enfield,331471,2.434602122055926,243.46021220559263
Enfield,enfield,2016,Sexual Offences,524,E09000010,Enfield,enfield,331471,1.5808321089929436,158.08321089929436
Enfield,enfield,2016,Theft,4821,E09000010,Enfield,enfield,331471,14.544258773769048,1454.4258773769047
Enfield,enfield,2016,Vehicle Offences,3250,E09000010,Enfield,enfield,331471,9.80477930196005,980.477930196005
Enfield,enfield,2016,Violence Against The Person,6215,E09000010,Enfield,enfield,331471,18.74975488051745,1874.975488051745
Enfield,enfield,2017,Arson And Criminal Damage,2112,E09000010,Enfield,enfield,335647,6.292324972366802,629.2324972366802
Enfield,enfield,2017,Burglary,5236,E09000010,Enfield,enfield,335647,15.599722327326031,1559.972232732603
Enfield,enfield,2017,Drug Offences,1025,E09000010,Enfield,enfield,335647,3.0538035495624865,305.38035495624865
Enfield,enfield,2017,Fraud And Forgery,0,E09000010,Enfield,enfield,335647,0.0,0.0
Enfield,enfield,2017,Miscellaneous Crimes Against Society,337,E09000010,Enfield,enfield,335647,1.0040310206854224,100.40310206854224
Enfield,enfield,2017,Possession Of Weapons,263,E09000010,Enfield,enfield,335647,0.7835613010096918,78.35613010096918
Enfield,enfield,2017,Public Order Offences,1190,E09000010,Enfield,enfield,335647,3.545391438028643,354.5391438028643
Enfield,enfield,2017,Robbery,983,E09000010,Enfield,enfield,335647,2.9286720870438288,292.8672087043829
Enfield,enfield,2017,Sexual Offences,562,E09000010,Enfield,enfield,335647,1.6743781413210903,167.43781413210903
Enfield,enfield,2017,Theft,5258,E09000010,Enfield,enfield,335647,15.665267379121518,1566.526737912152
Enfield,enfield,2017,Vehicle Offences,3992,E09000010,Enfield,enfield,335647,11.893447580344827,1189.3447580344825
Enfield,enfield,2017,Violence Against The Person,6414,E09000010,Enfield,enfield,335647,19.109361918920772,1910.9361918920772
Enfield,enfield,2018,Arson And Criminal Damage,2106,E09000010,Enfield,enfield,337697,6.236359813679126,623.6359813679126
Enfield,enfield,2018,Burglary,5938,E09000010,Enfield,enfield,337697,17.58381033885406,1758.3810338854062
Enfield,enfield,2018,Drug Offences,939,E09000010,Enfield,enfield,337697,2.780599176184568,278.0599176184568
Enfield,enfield,2018,Fraud And Forgery,0,E09000010,Enfield,enfield,337697,0.0,0.0
Enfield,enfield,2018,Miscellaneous Crimes Against Society,429,E09000010,Enfield,enfield,337697,1.2703695916753777,127.03695916753777
Enfield,enfield,2018,Possession Of Weapons,250,E09000010,Enfield,enfield,337697,0.7403086198574461,74.03086198574462
Enfield,enfield,2018,Public Order Offences,1344,E09000010,Enfield,enfield,337697,3.979899140353631,397.9899140353631
Enfield,enfield,2018,Robbery,1219,E09000010,Enfield,enfield,337697,3.6097448304249076,360.97448304249076
Enfield,enfield,2018,Sexual Offences,592,E09000010,Enfield,enfield,337697,1.7530508118224326,175.30508118224324
Enfield,enfield,2018,Theft,5178,E09000010,Enfield,enfield,337697,15.333272134487425,1533.3272134487424
Enfield,enfield,2018,Vehicle Offences,5588,E09000010,Enfield,enfield,337697,16.547378271053635,1654.7378271053635
Enfield,enfield,2018,Violence Against The Person,6953,E09000010,Enfield,enfield,337697,20.58946333547529,2058.9463335475293
Enfield,enfield,2019,Arson And Criminal Damage,2071,E09000010,Enfield,enfield,339480,6.100506657240485,610.0506657240486
Enfield,enfield,2019,Burglary,6432,E09000010,Enfield,enfield,339480,18.946624248851187,1894.6624248851185
Enfield,enfield,2019,Drug Offences,1081,E09000010,Enfield,enfield,339480,3.184281842818428,318.4281842818428
Enfield,enfield,2019,Fraud And Forgery,0,E09000010,Enfield,enfield,339480,0.0,0.0
Enfield,enfield,2019,Miscellaneous Crimes Against Society,396,E09000010,Enfield,enfield,339480,1.1664899257688228,116.64899257688229
Enfield,enfield,2019,Possession Of Weapons,277,E09000010,Enfield,enfield,339480,0.8159538117120302,81.59538117120302
Enfield,enfield,2019,Public Order Offences,1452,E09000010,Enfield,enfield,339480,4.277129727819017,427.7129727819017
Enfield,enfield,2019,Robbery,1686,E09000010,Enfield,enfield,339480,4.966419229409685,496.6419229409685
Enfield,enfield,2019,Sexual Offences,612,E09000010,Enfield,enfield,339480,1.8027571580063626,180.27571580063628
Enfield,enfield,2019,Theft,5254,E09000010,Enfield,enfield,339480,15.476611287852009,1547.6611287852008
Enfield,enfield,2019,Vehicle Offences,6028,E09000010,Enfield,enfield,339480,17.756568870036524,1775.6568870036526
Enfield,enfield,2019,Violence Against The Person,7857,E09000010,Enfield,enfield,339480,23.144220572640506,2314.4220572640506
Enfield,enfield,2020,Arson And Criminal Damage,1797,E09000010,Enfield,enfield,342993,5.2391739773114905,523.917397731149
Enfield,enfield,2020,Burglary,4894,E09000010,Enfield,enfield,342993,14.268512768482156,1426.8512768482155
Enfield,enfield,2020,Drug Offences,1520,E09000010,Enfield,enfield,342993,4.431577320819958,443.15773208199585
Enfield,enfield,2020,Fraud And Forgery,0,E09000010,Enfield,enfield,342993,0.0,0.0
Enfield,enfield,2020,Miscellaneous Crimes Against Society,439,E09000010,Enfield,enfield,342993,1.2799095025262905,127.99095025262906
Enfield,enfield,2020,Possession Of Weapons,231,E09000010,Enfield,enfield,342993,0.6734831323088226,67.34831323088227
Enfield,enfield,2020,Public Order Offences,1715,E09000010,Enfield,enfield,342993,5.000102042898835,500.01020428988346
Enfield,enfield,2020,Robbery,1075,E09000010,Enfield,enfield,342993,3.13417474992201,313.417474992201
Enfield,enfield,2020,Sexual Offences,642,E09000010,Enfield,enfield,342993,1.8717583157673772,187.17583157673772
Enfield,enfield,2020,Theft,4211,E09000010,Enfield,enfield,342993,12.27721848550845,1227.7218485508452
Enfield,enfield,2020,Vehicle Offences,5753,E09000010,Enfield,enfield,342993,16.77293705702449,1677.2937057024487
Enfield,enfield,2020,Violence Against The Person,8282,E09000010,Enfield,enfield,342993,24.146265375678222,2414.626537567822
Enfield,enfield,2021,Arson And Criminal Damage,1914,E09000010,Enfield,enfield,346635,5.5216582283958635,552.1658228395863
Enfield,enfield,2021,Burglary,4256,E09000010,Enfield,enfield,346635,12.278044629076696,1227.8044629076696
Enfield,enfield,2021,Drug Offences,1175,E09000010,Enfield,enfield,346635,3.3897327159692474,338.97327159692475
Enfield,enfield,2021,Fraud And Forgery,0,E09000010,Enfield,enfield,346635,0.0,0.0
Enfield,enfield,2021,Miscellaneous Crimes Against Society,440,E09000010,Enfield,enfield,346635,1.269346719171463,126.93467191714628
Enfield,enfield,2021,Possession Of Weapons,205,E09000010,Enfield,enfield,346635,0.5914001759776133,59.14001759776133
Enfield,enfield,2021,Public Order Offences,1892,E09000010,Enfield,enfield,346635,5.4581908924372895,545.819089243729
Enfield,enfield,2021,Robbery,876,E09000010,Enfield,enfield,346635,2.5271539227140942,252.71539227140943
Enfield,enfield,2021,Sexual Offences,776,E09000010,Enfield,enfield,346635,2.238666031993307,223.8666031993307
Enfield,enfield,2021,Theft,4629,E09000010,Enfield,enfield,346635,13.35410446146523,1335.4104461465229
Enfield,enfield,2021,Vehicle Offences,5646,E09000010,Enfield,enfield,346635,16.288026310095635,1628.8026310095634
Enfield,enfield,2021,Violence Against The Person,8869,E09000010,Enfield,enfield,346635,25.585991028026598,2558.5991028026597
Enfield,enfield,2022,Arson And Criminal Damage,1990,E09000010,Enfield,enfield,349994,5.685811756772973,568.5811756772973
Enfield,enfield,2022,Burglary,4070,E09000010,Enfield,enfield,349994,11.62877077892764,1162.877077892764
Enfield,enfield,2022,Drug Offences,1541,E09000010,Enfield,enfield,349994,4.402932621702086,440.29326217020866
Enfield,enfield,2022,Fraud And Forgery,0,E09000010,Enfield,enfield,349994,0.0,0.0
Enfield,enfield,2022,Miscellaneous Crimes Against Society,466,E09000010,Enfield,enfield,349994,1.331451396309651,133.1451396309651
Enfield,enfield,2022,Possession Of Weapons,275,E09000010,Enfield,enfield,349994,0.7857277553329486,78.57277553329486
Enfield,enfield,2022,Public Order Offences,1893,E09000010,Enfield,enfield,349994,5.408664148528261,540.8664148528261
Enfield,enfield,2022,Robbery,996,E09000010,Enfield,enfield,349994,2.8457630702240606,284.57630702240607
Enfield,enfield,2022,Sexual Offences,737,E09000010,Enfield,enfield,349994,2.105750384292302,210.5750384292302
Enfield,enfield,2022,Theft,5372,E09000010,Enfield,enfield,349994,15.348834551449455,1534.8834551449454
Enfield,enfield,2022,Vehicle Offences,5223,E09000010,Enfield,enfield,349994,14.923112967650873,1492.3112967650873
Enfield,enfield,2022,Violence Against The Person,9176,E09000010,Enfield,enfield,349994,26.21759230158231,2621.7592301582313
Enfield,enfield,2023,Arson And Criminal Damage,2079,E09000010,Enfield,enfield,352879,5.891537892592078,589.1537892592078
Enfield,enfield,2023,Burglary,2793,E09000010,Enfield,enfield,352879,7.914894340552994,791.4894340552994
Enfield,enfield,2023,Drug Offences,1176,E09000010,Enfield,enfield,352879,3.3325870907591555,333.25870907591553
Enfield,enfield,2023,Fraud And Forgery,0,E09000010,Enfield,enfield,352879,0.0,0.0
Enfield,enfield,2023,Miscellaneous Crimes Against Society,401,E09000010,Enfield,enfield,352879,1.1363668566279093,113.63668566279092
Enfield,enfield,2023,Possession Of Weapons,234,E09000010,Enfield,enfield,352879,0.6631168190796278,66.31168190796278
Enfield,enfield,2023,Public Order Offences,1785,E09000010,Enfield,enfield,352879,5.058391119902289,505.8391119902289
Enfield,enfield,2023,Robbery,914,E09000010,Enfield,enfield,352879,2.590122959994786,259.01229599947857
Enfield,enfield,2023,Sexual Offences,811,E09000010,Enfield,enfield,352879,2.2982382062973428,229.82382062973426
Enfield,enfield,2023,Theft,5482,E09000010,Enfield,enfield,352879,15.535070094848376,1553.5070094848375
Enfield,enfield,2023,Vehicle Offences,5195,E09000010,Enfield,enfield,352879,14.721760150079772,1472.1760150079772
Enfield,enfield,2023,Violence Against The Person,9178,E09000010,Enfield,enfield,352879,26.00891523723429,2600.891523723429
Enfield,enfield,2024,Arson And Criminal Damage,1961,E09000010,Enfield,enfield,355209,5.520693450897922,552.0693450897923
Enfield,enfield,2024,Burglary,2015,E09000010,Enfield,enfield,355209,5.672716625986391,567.2716625986391
Enfield,enfield,2024,Drug Offences,1495,E09000010,Enfield,enfield,355209,4.208789754764097,420.87897547640966
Enfield,enfield,2024,Fraud And Forgery,4,E09000010,Enfield,enfield,355209,0.011260975932479187,1.1260975932479187
Enfield,enfield,2024,Miscellaneous Crimes Against Society,367,E09000010,Enfield,enfield,355209,1.0331945418049655,103.31945418049655
Enfield,enfield,2024,Possession Of Weapons,248,E09000010,Enfield,enfield,355209,0.6981805078137097,69.81805078137097
Enfield,enfield,2024,Public Order Offences,1645,E09000010,Enfield,enfield,355209,4.631076352232066,463.1076352232066
Enfield,enfield,2024,Robbery,981,E09000010,Enfield,enfield,355209,2.7617543474405206,276.1754347440521
Enfield,enfield,2024,Sexual Offences,798,E09000010,Enfield,enfield,355209,2.2465646985295984,224.65646985295982
Enfield,enfield,2024,Theft,6875,E09000010,Enfield,enfield,355209,19.354802383948606,1935.4802383948606
Enfield,enfield,2024,Vehicle Offences,4683,E09000010,Enfield,enfield,355209,13.18378757295001,1318.378757295001
Enfield,enfield,2024,Violence Against The Person,8405,E09000010,Enfield,enfield,355209,23.662125678121896,2366.2125678121893
Enfield,enfield,2025,Arson And Criminal Damage,438,E09000010,Enfield,enfield,356949,1.2270660514527285,122.70660514527286
Enfield,enfield,2025,Burglary,514,E09000010,Enfield,enfield,356949,1.4399816220244348,143.9981622024435
Enfield,enfield,2025,Drug Offences,458,E09000010,Enfield,enfield,356949,1.2830964647610723,128.30964647610725
Enfield,enfield,2025,Fraud And Forgery,1,E09000010,Enfield,enfield,356949,0.0028015206654171884,0.2801520665417188
Enfield,enfield,2025,Miscellaneous Crimes Against Society,116,E09000010,Enfield,enfield,356949,0.3249763971883939,32.49763971883939
Enfield,enfield,2025,Possession Of Weapons,45,E09000010,Enfield,enfield,356949,0.12606842994377346,12.606842994377347
Enfield,enfield,2025,Public Order Offences,371,E09000010,Enfield,enfield,356949,1.039364166869777,103.9364166869777
Enfield,enfield,2025,Robbery,257,E09000010,Enfield,enfield,356949,0.7199908110122174,71.99908110122175
Enfield,enfield,2025,Sexual Offences,183,E09000010,Enfield,enfield,356949,0.5126782817713454,51.26782817713455
Enfield,enfield,2025,Theft,1759,E09000010,Enfield,enfield,356949,4.927874850468835,492.7874850468835
Enfield,enfield,2025,Vehicle Offences,1003,E09000010,Enfield,enfield,356949,2.80992522741344,280.99252274134403
Enfield,enfield,2025,Violence Against The Person,1991,E09000010,Enfield,enfield,356949,5.577827644845621,557.7827644845622
Greenwich,greenwich,2010,Arson And Criminal Damage,2395,E09000011,Greenwich,greenwich,249171,9.611872970771078,961.1872970771077
Greenwich,greenwich,2010,Burglary,4130,E09000011,Greenwich,greenwich,249171,16.57496257590169,1657.4962575901689
Greenwich,greenwich,2010,Drug Offences,869,E09000011,Greenwich,greenwich,249171,3.487564764759944,348.7564764759944
Greenwich,greenwich,2010,Fraud And Forgery,500,E09000011,Greenwich,greenwich,249171,2.006654064879139,200.6654064879139
Greenwich,greenwich,2010,Miscellaneous Crimes Against Society,188,E09000011,Greenwich,greenwich,249171,0.7545019283945563,75.45019283945562
Greenwich,greenwich,2010,Possession Of Weapons,116,E09000011,Greenwich,greenwich,249171,0.4655437430519603,46.55437430519603
Greenwich,greenwich,2010,Public Order Offences,431,E09000011,Greenwich,greenwich,249171,1.7297358039258182,172.97358039258182
Greenwich,greenwich,2010,Robbery,604,E09000011,Greenwich,greenwich,249171,2.424038110374,242.40381103740003
Greenwich,greenwich,2010,Sexual Offences,263,E09000011,Greenwich,greenwich,249171,1.0555000381264272,105.55000381264271
Greenwich,greenwich,2010,Theft,4301,E09000011,Greenwich,greenwich,249171,17.261238266090356,1726.1238266090356
Greenwich,greenwich,2010,Vehicle Offences,2536,E09000011,Greenwich,greenwich,249171,10.177749417066993,1017.7749417066993
Greenwich,greenwich,2010,Violence Against The Person,3542,E09000011,Greenwich,greenwich,249171,14.215137395603822,1421.5137395603822
Greenwich,greenwich,2011,Arson And Criminal Damage,2758,E09000011,Greenwich,greenwich,255483,10.79523882215255,1079.5238822152548
Greenwich,greenwich,2011,Burglary,5090,E09000011,Greenwich,greenwich,255483,19.92304771746065,1992.3047717460652
Greenwich,greenwich,2011,Drug Offences,1402,E09000011,Greenwich,greenwich,255483,5.487644970506844,548.7644970506844
Greenwich,greenwich,2011,Fraud And Forgery,553,E09000011,Greenwich,greenwich,255483,2.1645275810915012,216.45275810915012
Greenwich,greenwich,2011,Miscellaneous Crimes Against Society,288,E09000011,Greenwich,greenwich,255483,1.127276570261035,112.7276570261035
Greenwich,greenwich,2011,Possession Of Weapons,147,E09000011,Greenwich,greenwich,255483,0.5753807494040699,57.53807494040699
Greenwich,greenwich,2011,Public Order Offences,449,E09000011,Greenwich,greenwich,255483,1.7574554862750162,175.74554862750165
Greenwich,greenwich,2011,Robbery,851,E09000011,Greenwich,greenwich,255483,3.3309456989310444,333.0945698931044
Greenwich,greenwich,2011,Sexual Offences,372,E09000011,Greenwich,greenwich,255483,1.4560655699205034,145.60655699205034
Greenwich,greenwich,2011,Theft,5467,E09000011,Greenwich,greenwich,255483,21.39868406117041,2139.868406117041
Greenwich,greenwich,2011,Vehicle Offences,2888,E09000011,Greenwich,greenwich,255483,11.304078940673156,1130.4078940673155
Greenwich,greenwich,2011,Violence Against The Person,4350,E09000011,Greenwich,greenwich,255483,17.02657319665105,1702.657319665105
Greenwich,greenwich,2012,Arson And Criminal Damage,2179,E09000011,Greenwich,greenwich,260068,8.378577910392666,837.8577910392665
Greenwich,greenwich,2012,Burglary,4642,E09000011,Greenwich,greenwich,260068,17.849177907316548,1784.9177907316548
Greenwich,greenwich,2012,Drug Offences,1319,E09000011,Greenwich,greenwich,260068,5.071750465262931,507.17504652629316
Greenwich,greenwich,2012,Fraud And Forgery,716,E09000011,Greenwich,greenwich,260068,2.7531261054801055,275.3126105480105
Greenwich,greenwich,2012,Miscellaneous Crimes Against Society,258,E09000011,Greenwich,greenwich,260068,0.9920482335389206,99.20482335389205
Greenwich,greenwich,2012,Possession Of Weapons,106,E09000011,Greenwich,greenwich,260068,0.40758570835319996,40.75857083531999
Greenwich,greenwich,2012,Public Order Offences,701,E09000011,Greenwich,greenwich,260068,2.6954488825999356,269.54488825999357
Greenwich,greenwich,2012,Robbery,566,E09000011,Greenwich,greenwich,260068,2.176353876678407,217.63538766784072
Greenwich,greenwich,2012,Sexual Offences,314,E09000011,Greenwich,greenwich,260068,1.2073765322915546,120.73765322915546
Greenwich,greenwich,2012,Theft,5577,E09000011,Greenwich,greenwich,260068,21.444391466847133,2144.4391466847133
Greenwich,greenwich,2012,Vehicle Offences,2292,E09000011,Greenwich,greenwich,260068,8.813079656089945,881.3079656089946
Greenwich,greenwich,2012,Violence Against The Person,4544,E09000011,Greenwich,greenwich,260068,17.47235338449944,1747.2353384499438
Greenwich,greenwich,2013,Arson And Criminal Damage,1949,E09000011,Greenwich,greenwich,264008,7.382352049937881,738.2352049937881
Greenwich,greenwich,2013,Burglary,4758,E09000011,Greenwich,greenwich,264008,18.022181146025876,1802.2181146025878
Greenwich,greenwich,2013,Drug Offences,1309,E09000011,Greenwich,greenwich,264008,4.95818308536105,495.81830853610495
Greenwich,greenwich,2013,Fraud And Forgery,75,E09000011,Greenwich,greenwich,264008,0.28408230053634737,28.40823005363474
Greenwich,greenwich,2013,Miscellaneous Crimes Against Society,296,E09000011,Greenwich,greenwich,264008,1.1211781461167842,112.11781461167843
Greenwich,greenwich,2013,Possession Of Weapons,104,E09000011,Greenwich,greenwich,264008,0.393927456743735,39.3927456743735
Greenwich,greenwich,2013,Public Order Offences,788,E09000011,Greenwich,greenwich,264008,2.984758037635223,298.4758037635223
Greenwich,greenwich,2013,Robbery,469,E09000011,Greenwich,greenwich,264008,1.776461319353959,177.64613193539589
Greenwich,greenwich,2013,Sexual Offences,292,E09000011,Greenwich,greenwich,264008,1.1060270900881792,110.60270900881792
Greenwich,greenwich,2013,Theft,4959,E09000011,Greenwich,greenwich,264008,18.783521711463287,1878.3521711463288
Greenwich,greenwich,2013,Vehicle Offences,2386,E09000011,Greenwich,greenwich,264008,9.037604921062998,903.7604921062998
Greenwich,greenwich,2013,Violence Against The Person,4306,E09000011,Greenwich,greenwich,264008,16.31011181479349,1631.0111814793493
Greenwich,greenwich,2014,Arson And Criminal Damage,1899,E09000011,Greenwich,greenwich,268678,7.067940062081749,706.7940062081749
Greenwich,greenwich,2014,Burglary,4286,E09000011,Greenwich,greenwich,268678,15.952180677241902,1595.2180677241902
Greenwich,greenwich,2014,Drug Offences,1234,E09000011,Greenwich,greenwich,268678,4.5928583657761335,459.28583657761334
Greenwich,greenwich,2014,Fraud And Forgery,0,E09000011,Greenwich,greenwich,268678,0.0,0.0
Greenwich,greenwich,2014,Miscellaneous Crimes Against Society,324,E09000011,Greenwich,greenwich,268678,1.2059044655684499,120.590446556845
Greenwich,greenwich,2014,Possession Of Weapons,123,E09000011,Greenwich,greenwich,268678,0.4577970656324671,45.77970656324671
Greenwich,greenwich,2014,Public Order Offences,1047,E09000011,Greenwich,greenwich,268678,3.896857948920269,389.6857948920269
Greenwich,greenwich,2014,Robbery,396,E09000011,Greenwich,greenwich,268678,1.4738832356947722,147.38832356947722
Greenwich,greenwich,2014,Sexual Offences,407,E09000011,Greenwich,greenwich,268678,1.5148244366862935,151.48244366862937
Greenwich,greenwich,2014,Theft,4957,E09000011,Greenwich,greenwich,268678,18.44959393772471,1844.959393772471
Greenwich,greenwich,2014,Vehicle Offences,2294,E09000011,Greenwich,greenwich,268678,8.538101370413656,853.8101370413656
Greenwich,greenwich,2014,Violence Against The Person,5425,E09000011,Greenwich,greenwich,268678,20.191455943545805,2019.1455943545805
Greenwich,greenwich,2015,Arson And Criminal Damage,2196,E09000011,Greenwich,greenwich,274803,7.991179135598957,799.1179135598957
Greenwich,greenwich,2015,Burglary,3728,E09000011,Greenwich,greenwich,274803,13.566081884113347,1356.6081884113348
Greenwich,greenwich,2015,Drug Offences,946,E09000011,Greenwich,greenwich,274803,3.4424660575030113,344.2466057503011
Greenwich,greenwich,2015,Fraud And Forgery,0,E09000011,Greenwich,greenwich,274803,0.0,0.0
Greenwich,greenwich,2015,Miscellaneous Crimes Against Society,395,E09000011,Greenwich,greenwich,274803,1.4373933326783186,143.73933326783185
Greenwich,greenwich,2015,Possession Of Weapons,131,E09000011,Greenwich,greenwich,274803,0.476705130584455,47.67051305844551
Greenwich,greenwich,2015,Public Order Offences,1423,E09000011,Greenwich,greenwich,274803,5.178254968104424,517.8254968104424
Greenwich,greenwich,2015,Robbery,464,E09000011,Greenwich,greenwich,274803,1.6884822945892148,168.84822945892148
Greenwich,greenwich,2015,Sexual Offences,498,E09000011,Greenwich,greenwich,274803,1.8122072903134245,181.22072903134244
Greenwich,greenwich,2015,Theft,4858,E09000011,Greenwich,greenwich,274803,17.67811850671208,1767.811850671208
Greenwich,greenwich,2015,Vehicle Offences,2262,E09000011,Greenwich,greenwich,274803,8.231351186122422,823.1351186122423
Greenwich,greenwich,2015,Violence Against The Person,6403,E09000011,Greenwich,greenwich,274803,23.30032787123867,2330.032787123867
Greenwich,greenwich,2016,Arson And Criminal Damage,2383,E09000011,Greenwich,greenwich,279766,8.51783276023534,851.783276023534
Greenwich,greenwich,2016,Burglary,3570,E09000011,Greenwich,greenwich,279766,12.760664269425163,1276.0664269425163
Greenwich,greenwich,2016,Drug Offences,888,E09000011,Greenwich,greenwich,279766,3.174081196428444,317.4081196428444
Greenwich,greenwich,2016,Fraud And Forgery,0,E09000011,Greenwich,greenwich,279766,0.0,0.0
Greenwich,greenwich,2016,Miscellaneous Crimes Against Society,446,E09000011,Greenwich,greenwich,279766,1.5941894297377093,159.41894297377092
Greenwich,greenwich,2016,Possession Of Weapons,127,E09000011,Greenwich,greenwich,279766,0.45395080174145536,45.395080174145534
Greenwich,greenwich,2016,Public Order Offences,1603,E09000011,Greenwich,greenwich,279766,5.729788466075219,572.978846607522
Greenwich,greenwich,2016,Robbery,486,E09000011,Greenwich,greenwich,279766,1.737166060207459,173.7166060207459
Greenwich,greenwich,2016,Sexual Offences,528,E09000011,Greenwich,greenwich,279766,1.8872915222006963,188.72915222006964
Greenwich,greenwich,2016,Theft,5311,E09000011,Greenwich,greenwich,279766,18.983722110621017,1898.3722110621018
Greenwich,greenwich,2016,Vehicle Offences,2693,E09000011,Greenwich,greenwich,279766,9.6259016463759,962.59016463759
Greenwich,greenwich,2016,Violence Against The Person,7049,E09000011,Greenwich,greenwich,279766,25.196056704531642,2519.6056704531643
Greenwich,greenwich,2017,Arson And Criminal Damage,2507,E09000011,Greenwich,greenwich,282774,8.86573730258086,886.573730258086
Greenwich,greenwich,2017,Burglary,4422,E09000011,Greenwich,greenwich,282774,15.637929936981477,1563.7929936981477
Greenwich,greenwich,2017,Drug Offences,977,E09000011,Greenwich,greenwich,282774,3.455055981101516,345.5055981101516
Greenwich,greenwich,2017,Fraud And Forgery,0,E09000011,Greenwich,greenwich,282774,0.0,0.0
Greenwich,greenwich,2017,Miscellaneous Crimes Against Society,464,E09000011,Greenwich,greenwich,282774,1.6408863615466767,164.08863615466768
Greenwich,greenwich,2017,Possession Of Weapons,239,E09000011,Greenwich,greenwich,282774,0.8451979319173616,84.51979319173616
Greenwich,greenwich,2017,Public Order Offences,1658,E09000011,Greenwich,greenwich,282774,5.86333962811291,586.333962811291
Greenwich,greenwich,2017,Robbery,634,E09000011,Greenwich,greenwich,282774,2.2420731750443816,224.20731750443815
Greenwich,greenwich,2017,Sexual Offences,637,E09000011,Greenwich,greenwich,282774,2.252682354106106,225.26823541061057
Greenwich,greenwich,2017,Theft,5433,E09000011,Greenwich,greenwich,282774,19.213223280782532,1921.3223280782533
Greenwich,greenwich,2017,Vehicle Offences,3117,E09000011,Greenwich,greenwich,282774,11.022937045131448,1102.2937045131448
Greenwich,greenwich,2017,Violence Against The Person,7305,E09000011,Greenwich,greenwich,282774,25.833351015298437,2583.3351015298435
Greenwich,greenwich,2018,Arson And Criminal Damage,2073,E09000011,Greenwich,greenwich,286322,7.2401003066477605,724.0100306647761
Greenwich,greenwich,2018,Burglary,4786,E09000011,Greenwich,greenwich,286322,16.715446245835107,1671.5446245835108
Greenwich,greenwich,2018,Drug Offences,877,E09000011,Greenwich,greenwich,286322,3.0629850308394047,306.2985030839405
Greenwich,greenwich,2018,Fraud And Forgery,0,E09000011,Greenwich,greenwich,286322,0.0,0.0
Greenwich,greenwich,2018,Miscellaneous Crimes Against Society,440,E09000011,Greenwich,greenwich,286322,1.536731372370967,153.67313723709668
Greenwich,greenwich,2018,Possession Of Weapons,209,E09000011,Greenwich,greenwich,286322,0.7299474018762093,72.99474018762093
Greenwich,greenwich,2018,Public Order Offences,1546,E09000011,Greenwich,greenwich,286322,5.399515231103443,539.9515231103443
Greenwich,greenwich,2018,Robbery,642,E09000011,Greenwich,greenwich,286322,2.2422307751412744,224.22307751412745
Greenwich,greenwich,2018,Sexual Offences,646,E09000011,Greenwich,greenwich,286322,2.256201060344647,225.6201060344647
Greenwich,greenwich,2018,Theft,5292,E09000011,Greenwich,greenwich,286322,18.482687324061718,1848.268732406172
Greenwich,greenwich,2018,Vehicle Offences,3465,E09000011,Greenwich,greenwich,286322,12.101759557421364,1210.1759557421365
Greenwich,greenwich,2018,Violence Against The Person,7673,E09000011,Greenwich,greenwich,286322,26.798499591369158,2679.849959136916
Greenwich,greenwich,2019,Arson And Criminal Damage,2183,E09000011,Greenwich,greenwich,289650,7.536682202658381,753.668220265838
Greenwich,greenwich,2019,Burglary,5038,E09000011,Greenwich,greenwich,289650,17.393405834628,1739.3405834628
Greenwich,greenwich,2019,Drug Offences,1303,E09000011,Greenwich,greenwich,289650,4.498532711893665,449.8532711893665
Greenwich,greenwich,2019,Fraud And Forgery,0,E09000011,Greenwich,greenwich,289650,0.0,0.0
Greenwich,greenwich,2019,Miscellaneous Crimes Against Society,405,E09000011,Greenwich,greenwich,289650,1.3982392542723978,139.82392542723977
Greenwich,greenwich,2019,Possession Of Weapons,250,E09000011,Greenwich,greenwich,289650,0.8631106507854307,86.31106507854307
Greenwich,greenwich,2019,Public Order Offences,1677,E09000011,Greenwich,greenwich,289650,5.789746245468669,578.974624546867
Greenwich,greenwich,2019,Robbery,854,E09000011,Greenwich,greenwich,289650,2.948385983083031,294.8385983083031
Greenwich,greenwich,2019,Sexual Offences,675,E09000011,Greenwich,greenwich,289650,2.3303987571206632,233.0398757120663
Greenwich,greenwich,2019,Theft,5597,E09000011,Greenwich,greenwich,289650,19.32332124978422,1932.3321249784221
Greenwich,greenwich,2019,Vehicle Offences,4585,E09000011,Greenwich,greenwich,289650,15.8294493354048,1582.94493354048
Greenwich,greenwich,2019,Violence Against The Person,7965,E09000011,Greenwich,greenwich,289650,27.49870533402382,2749.870533402382
Greenwich,greenwich,2020,Arson And Criminal Damage,1924,E09000011,Greenwich,greenwich,292466,6.578542463055535,657.8542463055535
Greenwich,greenwich,2020,Burglary,3282,E09000011,Greenwich,greenwich,292466,11.221817236875397,1122.1817236875397
Greenwich,greenwich,2020,Drug Offences,1943,E09000011,Greenwich,greenwich,292466,6.643507279478641,664.350727947864
Greenwich,greenwich,2020,Fraud And Forgery,0,E09000011,Greenwich,greenwich,292466,0.0,0.0
Greenwich,greenwich,2020,Miscellaneous Crimes Against Society,425,E09000011,Greenwich,greenwich,292466,1.4531603673589408,145.31603673589407
Greenwich,greenwich,2020,Possession Of Weapons,254,E09000011,Greenwich,greenwich,292466,0.8684770195509905,86.84770195509905
Greenwich,greenwich,2020,Public Order Offences,1855,E09000011,Greenwich,greenwich,292466,6.34261760341373,634.261760341373
Greenwich,greenwich,2020,Robbery,739,E09000011,Greenwich,greenwich,292466,2.5267894387723704,252.67894387723703
Greenwich,greenwich,2020,Sexual Offences,558,E09000011,Greenwich,greenwich,292466,1.90791408232068,190.791408232068
Greenwich,greenwich,2020,Theft,4181,E09000011,Greenwich,greenwich,292466,14.295678813947605,1429.5678813947604
Greenwich,greenwich,2020,Vehicle Offences,3143,E09000011,Greenwich,greenwich,292466,10.746548316727415,1074.6548316727415
Greenwich,greenwich,2020,Violence Against The Person,8019,E09000011,Greenwich,greenwich,292466,27.418571731414936,2741.8571731414936
Greenwich,greenwich,2021,Arson And Criminal Damage,1907,E09000011,Greenwich,greenwich,294837,6.467980613016684,646.7980613016684
Greenwich,greenwich,2021,Burglary,3158,E09000011,Greenwich,greenwich,294837,10.711003028792181,1071.1003028792181
Greenwich,greenwich,2021,Drug Offences,1671,E09000011,Greenwich,greenwich,294837,5.667538334740891,566.7538334740891
Greenwich,greenwich,2021,Fraud And Forgery,0,E09000011,Greenwich,greenwich,294837,0.0,0.0
Greenwich,greenwich,2021,Miscellaneous Crimes Against Society,415,E09000011,Greenwich,greenwich,294837,1.4075573961205683,140.75573961205683
Greenwich,greenwich,2021,Possession Of Weapons,260,E09000011,Greenwich,greenwich,294837,0.8818431879309584,88.18431879309584
Greenwich,greenwich,2021,Public Order Offences,2039,E09000011,Greenwich,greenwich,294837,6.9156856161200935,691.5685616120094
Greenwich,greenwich,2021,Robbery,524,E09000011,Greenwich,greenwich,294837,1.7772531941377778,177.72531941377778
Greenwich,greenwich,2021,Sexual Offences,798,E09000011,Greenwich,greenwich,294837,2.7065802460342496,270.65802460342496
Greenwich,greenwich,2021,Theft,4474,E09000011,Greenwich,greenwich,294837,15.174486241550415,1517.4486241550417
Greenwich,greenwich,2021,Vehicle Offences,3012,E09000011,Greenwich,greenwich,294837,10.215814161723257,1021.5814161723256
Greenwich,greenwich,2021,Violence Against The Person,8522,E09000011,Greenwich,greenwich,294837,28.904106336721647,2890.4106336721647
Greenwich,greenwich,2022,Arson And Criminal Damage,1890,E09000011,Greenwich,greenwich,297039,6.362800844333573,636.2800844333573
Greenwich,greenwich,2022,Burglary,3290,E09000011,Greenwich,greenwich,297039,11.075986654951034,1107.5986654951034
Greenwich,greenwich,2022,Drug Offences,1679,E09000011,Greenwich,greenwich,297039,5.6524564114476545,565.2456411447655
Greenwich,greenwich,2022,Fraud And Forgery,0,E09000011,Greenwich,greenwich,297039,0.0,0.0
Greenwich,greenwich,2022,Miscellaneous Crimes Against Society,411,E09000011,Greenwich,greenwich,297039,1.3836566915455546,138.36566915455546
Greenwich,greenwich,2022,Possession Of Weapons,245,E09000011,Greenwich,greenwich,297039,0.8248075168580556,82.48075168580557
Greenwich,greenwich,2022,Public Order Offences,1915,E09000011,Greenwich,greenwich,297039,6.446964876666027,644.6964876666027
Greenwich,greenwich,2022,Robbery,661,E09000011,Greenwich,greenwich,297039,2.225297014870101,222.5297014870101
Greenwich,greenwich,2022,Sexual Offences,747,E09000011,Greenwich,greenwich,297039,2.5148212860937456,251.48212860937454
Greenwich,greenwich,2022,Theft,5200,E09000011,Greenwich,greenwich,297039,17.506118725150568,1750.6118725150568
Greenwich,greenwich,2022,Vehicle Offences,3159,E09000011,Greenwich,greenwich,297039,10.634967125528972,1063.4967125528972
Greenwich,greenwich,2022,Violence Against The Person,8770,E09000011,Greenwich,greenwich,297039,29.524742542225095,2952.4742542225094
Greenwich,greenwich,2023,Arson And Criminal Damage,2156,E09000011,Greenwich,greenwich,300514,7.174374571567381,717.4374571567381
Greenwich,greenwich,2023,Burglary,2058,E09000011,Greenwich,greenwich,300514,6.848266636496136,684.8266636496137
Greenwich,greenwich,2023,Drug Offences,1478,E09000011,Greenwich,greenwich,300514,4.9182400819928525,491.82400819928523
Greenwich,greenwich,2023,Fraud And Forgery,0,E09000011,Greenwich,greenwich,300514,0.0,0.0
Greenwich,greenwich,2023,Miscellaneous Crimes Against Society,392,E09000011,Greenwich,greenwich,300514,1.3044317402849785,130.44317402849785
Greenwich,greenwich,2023,Possession Of Weapons,241,E09000011,Greenwich,greenwich,300514,0.8019593097160198,80.19593097160198
Greenwich,greenwich,2023,Public Order Offences,2052,E09000011,Greenwich,greenwich,300514,6.828300844553,682.8300844552999
Greenwich,greenwich,2023,Robbery,817,E09000011,Greenwich,greenwich,300514,2.7186753362572125,271.86753362572125
Greenwich,greenwich,2023,Sexual Offences,743,E09000011,Greenwich,greenwich,300514,2.4724305689585178,247.24305689585177
Greenwich,greenwich,2023,Theft,6206,E09000011,Greenwich,greenwich,300514,20.651284133185143,2065.128413318514
Greenwich,greenwich,2023,Vehicle Offences,2954,E09000011,Greenwich,greenwich,300514,9.829824900004658,982.9824900004659
Greenwich,greenwich,2023,Violence Against The Person,9253,E09000011,Greenwich,greenwich,300514,30.79057880830843,3079.0578808308433
Greenwich,greenwich,2024,Arson And Criminal Damage,2030,E09000011,Greenwich,greenwich,306500,6.623164763458401,662.3164763458401
Greenwich,greenwich,2024,Burglary,1480,E09000011,Greenwich,greenwich,306500,4.8287112561174546,482.87112561174547
Greenwich,greenwich,2024,Drug Offences,1514,E09000011,Greenwich,greenwich,306500,4.939641109298532,493.9641109298532
Greenwich,greenwich,2024,Fraud And Forgery,2,E09000011,Greenwich,greenwich,306500,0.0065252854812398045,0.6525285481239804
Greenwich,greenwich,2024,Miscellaneous Crimes Against Society,401,E09000011,Greenwich,greenwich,306500,1.3083197389885808,130.83197389885808
Greenwich,greenwich,2024,Possession Of Weapons,215,E09000011,Greenwich,greenwich,306500,0.7014681892332789,70.14681892332788
Greenwich,greenwich,2024,Public Order Offences,1948,E09000011,Greenwich,greenwich,306500,6.355628058727569,635.5628058727569
Greenwich,greenwich,2024,Robbery,913,E09000011,Greenwich,greenwich,306500,2.9787928221859703,297.87928221859704
Greenwich,greenwich,2024,Sexual Offences,843,E09000011,Greenwich,greenwich,306500,2.7504078303425774,275.04078303425774
Greenwich,greenwich,2024,Theft,6704,E09000011,Greenwich,greenwich,306500,21.872756933115824,2187.2756933115825
Greenwich,greenwich,2024,Vehicle Offences,3003,E09000011,Greenwich,greenwich,306500,9.797716150081566,979.7716150081567
Greenwich,greenwich,2024,Violence Against The Person,8681,E09000011,Greenwich,greenwich,306500,28.32300163132137,2832.300163132137
Greenwich,greenwich,2025,Arson And Criminal Damage,447,E09000011,Greenwich,greenwich,312027,1.4325683354325107,143.25683354325108
Greenwich,greenwich,2025,Burglary,378,E09000011,Greenwich,greenwich,312027,1.211433625936217,121.1433625936217
Greenwich,greenwich,2025,Drug Offences,476,E09000011,Greenwich,greenwich,312027,1.5255090104381994,152.55090104381992
Greenwich,greenwich,2025,Fraud And Forgery,0,E09000011,Greenwich,greenwich,312027,0.0,0.0
Greenwich,greenwich,2025,Miscellaneous Crimes Against Society,116,E09000011,Greenwich,greenwich,312027,0.3717627000227544,37.176270002275444
Greenwich,greenwich,2025,Possession Of Weapons,51,E09000011,Greenwich,greenwich,312027,0.16344739397552133,16.344739397552132
Greenwich,greenwich,2025,Public Order Offences,457,E09000011,Greenwich,greenwich,312027,1.464616844055162,146.4616844055162
Greenwich,greenwich,2025,Robbery,206,E09000011,Greenwich,greenwich,312027,0.6601992776266157,66.01992776266157
Greenwich,greenwich,2025,Sexual Offences,212,E09000011,Greenwich,greenwich,312027,0.6794283828002063,67.94283828002064
Greenwich,greenwich,2025,Theft,1483,E09000011,Greenwich,greenwich,312027,4.75279382873918,475.27938287391794
Greenwich,greenwich,2025,Vehicle Offences,603,E09000011,Greenwich,greenwich,312027,1.93252506994587,193.252506994587
Greenwich,greenwich,2025,Violence Against The Person,2120,E09000011,Greenwich,greenwich,312027,6.794283828002063,679.4283828002064
Hackney,hackney,2010,Arson And Criminal Damage,1697,E09000012,Hackney,hackney,241739,7.019967816529397,701.9967816529397
Hackney,hackney,2010,Burglary,3836,E09000012,Hackney,hackney,241739,15.868353885802458,1586.8353885802458
Hackney,hackney,2010,Drug Offences,1966,E09000012,Hackney,hackney,241739,8.132738201117734,813.2738201117734
Hackney,hackney,2010,Fraud And Forgery,440,E09000012,Hackney,hackney,241739,1.8201448669846405,182.01448669846405
Hackney,hackney,2010,Miscellaneous Crimes Against Society,170,E09000012,Hackney,hackney,241739,0.7032377895167928,70.32377895167929
Hackney,hackney,2010,Possession Of Weapons,193,E09000012,Hackney,hackney,241739,0.7983817257455356,79.83817257455355
Hackney,hackney,2010,Public Order Offences,511,E09000012,Hackney,hackney,241739,2.1138500614298894,211.38500614298894
Hackney,hackney,2010,Robbery,802,E09000012,Hackney,hackney,241739,3.317627689367458,331.76276893674583
Hackney,hackney,2010,Sexual Offences,293,E09000012,Hackney,hackney,241739,1.21205101369659,121.205101369659
Hackney,hackney,2010,Theft,6410,E09000012,Hackney,hackney,241739,26.516201357662602,2651.6201357662603
Hackney,hackney,2010,Vehicle Offences,2502,E09000012,Hackney,hackney,241739,10.350005584535388,1035.0005584535388
Hackney,hackney,2010,Violence Against The Person,3777,E09000012,Hackney,hackney,241739,15.624289005911333,1562.4289005911332
Hackney,hackney,2011,Arson And Criminal Damage,2001,E09000012,Hackney,hackney,247578,8.082301335336743,808.2301335336742
Hackney,hackney,2011,Burglary,4650,E09000012,Hackney,hackney,247578,18.781959624845502,1878.1959624845504
Hackney,hackney,2011,Drug Offences,2263,E09000012,Hackney,hackney,247578,9.14055368409148,914.0553684091478
Hackney,hackney,2011,Fraud And Forgery,575,E09000012,Hackney,hackney,247578,2.322500383717455,232.2500383717455
Hackney,hackney,2011,Miscellaneous Crimes Against Society,180,E09000012,Hackney,hackney,247578,0.7270435983811163,72.70435983811163
Hackney,hackney,2011,Possession Of Weapons,216,E09000012,Hackney,hackney,247578,0.8724523180573395,87.24523180573395
Hackney,hackney,2011,Public Order Offences,609,E09000012,Hackney,hackney,247578,2.459830841189443,245.98308411894433
Hackney,hackney,2011,Robbery,1126,E09000012,Hackney,hackney,247578,4.548061620984094,454.8061620984094
Hackney,hackney,2011,Sexual Offences,351,E09000012,Hackney,hackney,247578,1.4177350168431766,141.77350168431767
Hackney,hackney,2011,Theft,9743,E09000012,Hackney,hackney,247578,39.35325432792897,3935.325432792897
Hackney,hackney,2011,Vehicle Offences,2953,E09000012,Hackney,hackney,247578,11.927554144552424,1192.7554144552423
Hackney,hackney,2011,Violence Against The Person,4433,E09000012,Hackney,hackney,247578,17.905468175686046,1790.5468175686046
Hackney,hackney,2012,Arson And Criminal Damage,1801,E09000012,Hackney,hackney,252515,7.132249569332514,713.2249569332514
Hackney,hackney,2012,Burglary,4786,E09000012,Hackney,hackney,252515,18.953329505177912,1895.3329505177912
Hackney,hackney,2012,Drug Offences,2211,E09000012,Hackney,hackney,252515,8.755915490168901,875.5915490168901
Hackney,hackney,2012,Fraud And Forgery,770,E09000012,Hackney,hackney,252515,3.0493238025463834,304.93238025463836
Hackney,hackney,2012,Miscellaneous Crimes Against Society,223,E09000012,Hackney,hackney,252515,0.8831158545036928,88.31158545036928
Hackney,hackney,2012,Possession Of Weapons,139,E09000012,Hackney,hackney,252515,0.5504623487713601,55.046234877136015
Hackney,hackney,2012,Public Order Offences,814,E09000012,Hackney,hackney,252515,3.2235708769776052,322.35708769776056
Hackney,hackney,2012,Robbery,1248,E09000012,Hackney,hackney,252515,4.942280656594657,494.22806565946576
Hackney,hackney,2012,Sexual Offences,354,E09000012,Hackney,hackney,252515,1.4018969170148308,140.18969170148307
Hackney,hackney,2012,Theft,10428,E09000012,Hackney,hackney,252515,41.29655664019959,4129.65566401996
Hackney,hackney,2012,Vehicle Offences,2904,E09000012,Hackney,hackney,252515,11.500306912460646,1150.0306912460646
Hackney,hackney,2012,Violence Against The Person,4832,E09000012,Hackney,hackney,252515,19.13549690117419,1913.549690117419
Hackney,hackney,2013,Arson And Criminal Damage,1627,E09000012,Hackney,hackney,257775,6.311705945107167,631.1705945107167
Hackney,hackney,2013,Burglary,5576,E09000012,Hackney,hackney,257775,21.63126757831442,2163.126757831442
Hackney,hackney,2013,Drug Offences,1855,E09000012,Hackney,hackney,257775,7.196198234894773,719.6198234894773
Hackney,hackney,2013,Fraud And Forgery,56,E09000012,Hackney,hackney,257775,0.2172437202987101,21.72437202987101
Hackney,hackney,2013,Miscellaneous Crimes Against Society,217,E09000012,Hackney,hackney,257775,0.8418194161575018,84.18194161575018
Hackney,hackney,2013,Possession Of Weapons,177,E09000012,Hackney,hackney,257775,0.6866453302298516,68.66453302298517
Hackney,hackney,2013,Public Order Offences,906,E09000012,Hackney,hackney,257775,3.5146930462612747,351.46930462612744
Hackney,hackney,2013,Robbery,1015,E09000012,Hackney,hackney,257775,3.9375424304141204,393.75424304141205
Hackney,hackney,2013,Sexual Offences,354,E09000012,Hackney,hackney,257775,1.3732906604597033,137.32906604597034
Hackney,hackney,2013,Theft,9528,E09000012,Hackney,hackney,257775,36.962467267966254,3696.2467267966254
Hackney,hackney,2013,Vehicle Offences,2662,E09000012,Hackney,hackney,257775,10.326835418485112,1032.6835418485111
Hackney,hackney,2013,Violence Against The Person,4785,E09000012,Hackney,hackney,257775,18.56270002909514,1856.270002909514
Hackney,hackney,2014,Arson And Criminal Damage,1842,E09000012,Hackney,hackney,263546,6.989292191875422,698.9292191875422
Hackney,hackney,2014,Burglary,5300,E09000012,Hackney,hackney,263546,20.110341268696928,2011.0341268696927
Hackney,hackney,2014,Drug Offences,1296,E09000012,Hackney,hackney,263546,4.9175476007983425,491.7547600798343
Hackney,hackney,2014,Fraud And Forgery,0,E09000012,Hackney,hackney,263546,0.0,0.0
Hackney,hackney,2014,Miscellaneous Crimes Against Society,305,E09000012,Hackney,hackney,263546,1.1572932239533136,115.72932239533135
Hackney,hackney,2014,Possession Of Weapons,169,E09000012,Hackney,hackney,263546,0.6412542781905246,64.12542781905246
Hackney,hackney,2014,Public Order Offences,1288,E09000012,Hackney,hackney,263546,4.887192368694649,488.7192368694649
Hackney,hackney,2014,Robbery,956,E09000012,Hackney,hackney,263546,3.62745023639137,362.745023639137
Hackney,hackney,2014,Sexual Offences,478,E09000012,Hackney,hackney,263546,1.813725118195685,181.3725118195685
Hackney,hackney,2014,Theft,8118,E09000012,Hackney,hackney,263546,30.80297177722295,3080.297177722295
Hackney,hackney,2014,Vehicle Offences,2362,E09000012,Hackney,hackney,263546,8.962382278615499,896.2382278615498
Hackney,hackney,2014,Violence Against The Person,5854,E09000012,Hackney,hackney,263546,22.2124410918777,2221.24410918777
Hackney,hackney,2015,Arson And Criminal Damage,1971,E09000012,Hackney,hackney,269405,7.316122566396317,731.6122566396317
Hackney,hackney,2015,Burglary,5036,E09000012,Hackney,hackney,269405,18.69304578608415,1869.3045786084147
Hackney,hackney,2015,Drug Offences,1318,E09000012,Hackney,hackney,269405,4.892262578645534,489.2262578645534
Hackney,hackney,2015,Fraud And Forgery,0,E09000012,Hackney,hackney,269405,0.0,0.0
Hackney,hackney,2015,Miscellaneous Crimes Against Society,316,E09000012,Hackney,hackney,269405,1.1729552161244226,117.29552161244224
Hackney,hackney,2015,Possession Of Weapons,234,E09000012,Hackney,hackney,269405,0.8685807613073254,86.85807613073254
Hackney,hackney,2015,Public Order Offences,1607,E09000012,Hackney,hackney,269405,5.964996937696034,596.4996937696034
Hackney,hackney,2015,Robbery,1043,E09000012,Hackney,hackney,269405,3.87149458992966,387.149458992966
Hackney,hackney,2015,Sexual Offences,567,E09000012,Hackney,hackney,269405,2.104637998552365,210.46379985523652
Hackney,hackney,2015,Theft,8488,E09000012,Hackney,hackney,269405,31.506467957164865,3150.6467957164864
Hackney,hackney,2015,Vehicle Offences,2619,E09000012,Hackney,hackney,269405,9.72142313617045,972.142313617045
Hackney,hackney,2015,Violence Against The Person,6829,E09000012,Hackney,hackney,269405,25.348453072511646,2534.8453072511647
Hackney,hackney,2016,Arson And Criminal Damage,1929,E09000012,Hackney,hackney,273922,7.0421506852315625,704.2150685231562
Hackney,hackney,2016,Burglary,5444,E09000012,Hackney,hackney,273922,19.87427077781266,1987.427077781266
Hackney,hackney,2016,Drug Offences,1385,E09000012,Hackney,hackney,273922,5.056183877162112,505.61838771621115
Hackney,hackney,2016,Fraud And Forgery,0,E09000012,Hackney,hackney,273922,0.0,0.0
Hackney,hackney,2016,Miscellaneous Crimes Against Society,307,E09000012,Hackney,hackney,273922,1.1207570038186054,112.07570038186054
Hackney,hackney,2016,Possession Of Weapons,257,E09000012,Hackney,hackney,273922,0.9382232898416337,93.82232898416338
Hackney,hackney,2016,Public Order Offences,1746,E09000012,Hackney,hackney,273922,6.374077292075847,637.4077292075847
Hackney,hackney,2016,Robbery,1024,E09000012,Hackney,hackney,273922,3.738290462248377,373.8290462248377
Hackney,hackney,2016,Sexual Offences,646,E09000012,Hackney,hackney,273922,2.3583355845824725,235.83355845824724
Hackney,hackney,2016,Theft,9306,E09000012,Hackney,hackney,273922,33.97317484539394,3397.3174845393946
Hackney,hackney,2016,Vehicle Offences,2501,E09000012,Hackney,hackney,273922,9.130336373128117,913.0336373128116
Hackney,hackney,2016,Violence Against The Person,7110,E09000012,Hackney,hackney,273922,25.956294127525354,2595.6294127525352
Hackney,hackney,2017,Arson And Criminal Damage,1957,E09000012,Hackney,hackney,277475,7.0528876475358135,705.2887647535814
Hackney,hackney,2017,Burglary,5880,E09000012,Hackney,hackney,277475,21.19109829714389,2119.109829714389
Hackney,hackney,2017,Drug Offences,1257,E09000012,Hackney,hackney,277475,4.53013785025678,453.013785025678
Hackney,hackney,2017,Fraud And Forgery,0,E09000012,Hackney,hackney,277475,0.0,0.0
Hackney,hackney,2017,Miscellaneous Crimes Against Society,294,E09000012,Hackney,hackney,277475,1.0595549148571943,105.95549148571945
Hackney,hackney,2017,Possession Of Weapons,359,E09000012,Hackney,hackney,277475,1.2938102531759619,129.38102531759617
Hackney,hackney,2017,Public Order Offences,1828,E09000012,Hackney,hackney,277475,6.587980899180106,658.7980899180106
Hackney,hackney,2017,Robbery,1465,E09000012,Hackney,hackney,277475,5.279754932876836,527.9754932876835
Hackney,hackney,2017,Sexual Offences,731,E09000012,Hackney,hackney,277475,2.634471574015677,263.4471574015677
Hackney,hackney,2017,Theft,10089,E09000012,Hackney,hackney,277475,36.36003243535454,3636.0032435354537
Hackney,hackney,2017,Vehicle Offences,3182,E09000012,Hackney,hackney,277475,11.467699792774123,1146.7699792774124
Hackney,hackney,2017,Violence Against The Person,7523,E09000012,Hackney,hackney,277475,27.112352464185964,2711.2352464185965
Hackney,hackney,2018,Arson And Criminal Damage,1823,E09000012,Hackney,hackney,281740,6.470504720664442,647.0504720664443
Hackney,hackney,2018,Burglary,6448,E09000012,Hackney,hackney,281740,22.88634911620643,2288.634911620643
Hackney,hackney,2018,Drug Offences,1466,E09000012,Hackney,hackney,281740,5.203379001916661,520.3379001916661
Hackney,hackney,2018,Fraud And Forgery,0,E09000012,Hackney,hackney,281740,0.0,0.0
Hackney,hackney,2018,Miscellaneous Crimes Against Society,309,E09000012,Hackney,hackney,281740,1.0967558742102648,109.67558742102648
Hackney,hackney,2018,Possession Of Weapons,320,E09000012,Hackney,hackney,281740,1.1357989635834458,113.57989635834458
Hackney,hackney,2018,Public Order Offences,1629,E09000012,Hackney,hackney,281740,5.781926598991978,578.1926598991978
Hackney,hackney,2018,Robbery,1574,E09000012,Hackney,hackney,281740,5.586711152126074,558.6711152126073
Hackney,hackney,2018,Sexual Offences,724,E09000012,Hackney,hackney,281740,2.569745155107546,256.9745155107546
Hackney,hackney,2018,Theft,8888,E09000012,Hackney,hackney,281740,31.546816213530207,3154.6816213530205
Hackney,hackney,2018,Vehicle Offences,3438,E09000012,Hackney,hackney,281740,12.202740114999646,1220.2740114999644
Hackney,hackney,2018,Violence Against The Person,7608,E09000012,Hackney,hackney,281740,27.00362035919642,2700.362035919642
Hackney,hackney,2019,Arson And Criminal Damage,1760,E09000012,Hackney,hackney,286425,6.1447150213843065,614.4715021384307
Hackney,hackney,2019,Burglary,6650,E09000012,Hackney,hackney,286425,23.217247097844112,2321.724709784411
Hackney,hackney,2019,Drug Offences,1712,E09000012,Hackney,hackney,286425,5.977131884437462,597.7131884437462
Hackney,hackney,2019,Fraud And Forgery,0,E09000012,Hackney,hackney,286425,0.0,0.0
Hackney,hackney,2019,Miscellaneous Crimes Against Society,301,E09000012,Hackney,hackney,286425,1.0508859212708388,105.08859212708388
Hackney,hackney,2019,Possession Of Weapons,329,E09000012,Hackney,hackney,286425,1.1486427511564983,114.86427511564982
Hackney,hackney,2019,Public Order Offences,1840,E09000012,Hackney,hackney,286425,6.424020249629048,642.4020249629048
Hackney,hackney,2019,Robbery,2031,E09000012,Hackney,hackney,286425,7.090861482063367,709.0861482063367
Hackney,hackney,2019,Sexual Offences,696,E09000012,Hackney,hackney,286425,2.4299554857292485,242.99554857292486
Hackney,hackney,2019,Theft,10537,E09000012,Hackney,hackney,286425,36.787989875185474,3678.798987518547
Hackney,hackney,2019,Vehicle Offences,3613,E09000012,Hackney,hackney,286425,12.614122370603125,1261.4122370603125
Hackney,hackney,2019,Violence Against The Person,7743,E09000012,Hackney,hackney,286425,27.03325477873789,2703.325477873789
Hackney,hackney,2020,Arson And Criminal Damage,1716,E09000012,Hackney,hackney,289488,5.927706847952247,592.7706847952247
Hackney,hackney,2020,Burglary,5100,E09000012,Hackney,hackney,289488,17.617310562095838,1761.7310562095838
Hackney,hackney,2020,Drug Offences,1677,E09000012,Hackney,hackney,289488,5.7929862377715144,579.2986237771514
Hackney,hackney,2020,Fraud And Forgery,0,E09000012,Hackney,hackney,289488,0.0,0.0
Hackney,hackney,2020,Miscellaneous Crimes Against Society,335,E09000012,Hackney,hackney,289488,1.1572154977062954,115.72154977062954
Hackney,hackney,2020,Possession Of Weapons,332,E09000012,Hackney,hackney,289488,1.146852373846239,114.6852373846239
Hackney,hackney,2020,Public Order Offences,2095,E09000012,Hackney,hackney,289488,7.236914828939369,723.691482893937
Hackney,hackney,2020,Robbery,1568,E09000012,Hackney,hackney,289488,5.416459404189466,541.6459404189466
Hackney,hackney,2020,Sexual Offences,687,E09000012,Hackney,hackney,289488,2.37315536395291,237.315536395291
Hackney,hackney,2020,Theft,8373,E09000012,Hackney,hackney,289488,28.923478693417344,2892.347869341734
Hackney,hackney,2020,Vehicle Offences,3140,E09000012,Hackney,hackney,289488,10.846736306859006,1084.6736306859007
Hackney,hackney,2020,Violence Against The Person,7723,E09000012,Hackney,hackney,289488,26.67813519040513,2667.813519040513
Hackney,hackney,2021,Arson And Criminal Damage,1635,E09000012,Hackney,hackney,292023,5.598874061289693,559.8874061289694
Hackney,hackney,2021,Burglary,4940,E09000012,Hackney,hackney,292023,16.916475757046534,1691.6475757046533
Hackney,hackney,2021,Drug Offences,1599,E09000012,Hackney,hackney,292023,5.475596100307167,547.5596100307167
Hackney,hackney,2021,Fraud And Forgery,0,E09000012,Hackney,hackney,292023,0.0,0.0
Hackney,hackney,2021,Miscellaneous Crimes Against Society,328,E09000012,Hackney,hackney,292023,1.1231992000630087,112.31992000630088
Hackney,hackney,2021,Possession Of Weapons,264,E09000012,Hackney,hackney,292023,0.9040383805385193,90.40383805385193
Hackney,hackney,2021,Public Order Offences,2159,E09000012,Hackney,hackney,292023,7.393253271146451,739.325327114645
Hackney,hackney,2021,Robbery,1350,E09000012,Hackney,hackney,292023,4.6229235368447,462.2923536844701
Hackney,hackney,2021,Sexual Offences,856,E09000012,Hackney,hackney,292023,2.931275961140047,293.1275961140047
Hackney,hackney,2021,Theft,8517,E09000012,Hackney,hackney,292023,29.165510935782457,2916.551093578246
Hackney,hackney,2021,Vehicle Offences,3119,E09000012,Hackney,hackney,292023,10.680665564013793,1068.0665564013793
Hackney,hackney,2021,Violence Against The Person,8075,E09000012,Hackney,hackney,292023,27.65193152594145,2765.193152594145
Hackney,hackney,2022,Arson And Criminal Damage,1731,E09000012,Hackney,hackney,294312,5.881513495881921,588.1513495881921
Hackney,hackney,2022,Burglary,4312,E09000012,Hackney,hackney,294312,14.651118540868195,1465.1118540868194
Hackney,hackney,2022,Drug Offences,1657,E09000012,Hackney,hackney,294312,5.63007964337166,563.0079643371661
Hackney,hackney,2022,Fraud And Forgery,0,E09000012,Hackney,hackney,294312,0.0,0.0
Hackney,hackney,2022,Miscellaneous Crimes Against Society,335,E09000012,Hackney,hackney,294312,1.13824784582348,113.82478458234799
Hackney,hackney,2022,Possession Of Weapons,256,E09000012,Hackney,hackney,294312,0.8698252194949577,86.98252194949578
Hackney,hackney,2022,Public Order Offences,2069,E09000012,Hackney,hackney,294312,7.029954605996358,702.9954605996357
Hackney,hackney,2022,Robbery,1378,E09000012,Hackney,hackney,294312,4.682106064312702,468.2106064312702
Hackney,hackney,2022,Sexual Offences,943,E09000012,Hackney,hackney,294312,3.2040827421240046,320.40827421240044
Hackney,hackney,2022,Theft,9116,E09000012,Hackney,hackney,294312,30.973932425453263,3097.3932425453263
Hackney,hackney,2022,Vehicle Offences,3097,E09000012,Hackney,hackney,294312,10.522846503030797,1052.2846503030796
Hackney,hackney,2022,Violence Against The Person,8166,E09000012,Hackney,hackney,294312,27.746065399983692,2774.606539998369
Hackney,hackney,2023,Arson And Criminal Damage,1798,E09000012,Hackney,hackney,296177,6.070694213257613,607.0694213257613
Hackney,hackney,2023,Burglary,3043,E09000012,Hackney,hackney,296177,10.274261674606738,1027.426167460674
Hackney,hackney,2023,Drug Offences,1238,E09000012,Hackney,hackney,296177,4.179932945502182,417.99329455021825
Hackney,hackney,2023,Fraud And Forgery,1,E09000012,Hackney,hackney,296177,0.003376359406706125,0.33763594067061253
Hackney,hackney,2023,Miscellaneous Crimes Against Society,267,E09000012,Hackney,hackney,296177,0.9014879615905353,90.14879615905353
Hackney,hackney,2023,Possession Of Weapons,247,E09000012,Hackney,hackney,296177,0.8339607734564128,83.39607734564129
Hackney,hackney,2023,Public Order Offences,2249,E09000012,Hackney,hackney,296177,7.593432305682075,759.3432305682074
Hackney,hackney,2023,Robbery,1551,E09000012,Hackney,hackney,296177,5.2367334398012,523.67334398012
Hackney,hackney,2023,Sexual Offences,801,E09000012,Hackney,hackney,296177,2.7044638847716063,270.4463884771606
Hackney,hackney,2023,Theft,10018,E09000012,Hackney,hackney,296177,33.82436853638196,3382.436853638196
Hackney,hackney,2023,Vehicle Offences,2551,E09000012,Hackney,hackney,296177,8.613092846507325,861.3092846507325
Hackney,hackney,2023,Violence Against The Person,8569,E09000012,Hackney,hackney,296177,28.932023756064783,2893.2023756064787
Hackney,hackney,2024,Arson And Criminal Damage,1780,E09000012,Hackney,hackney,297569,5.981805900480225,598.1805900480225
Hackney,hackney,2024,Burglary,2229,E09000012,Hackney,hackney,297569,7.490699636050798,749.0699636050798
Hackney,hackney,2024,Drug Offences,1460,E09000012,Hackney,hackney,297569,4.906425064438836,490.64250644388363
Hackney,hackney,2024,Fraud And Forgery,6,E09000012,Hackney,hackney,297569,0.02016339067577604,2.016339067577604
Hackney,hackney,2024,Miscellaneous Crimes Against Society,256,E09000012,Hackney,hackney,297569,0.860304668833111,86.03046688331109
Hackney,hackney,2024,Possession Of Weapons,209,E09000012,Hackney,hackney,297569,0.702358108539532,70.2358108539532
Hackney,hackney,2024,Public Order Offences,2144,E09000012,Hackney,hackney,297569,7.2050516014773045,720.5051601477304
Hackney,hackney,2024,Robbery,1798,E09000012,Hackney,hackney,297569,6.042296072507553,604.2296072507553
Hackney,hackney,2024,Sexual Offences,888,E09000012,Hackney,hackney,297569,2.9841818200148538,298.4181820014854
Hackney,hackney,2024,Theft,12498,E09000012,Hackney,hackney,297569,42.00034277764149,4200.034277764149
Hackney,hackney,2024,Vehicle Offences,2669,E09000012,Hackney,hackney,297569,8.969348285607708,896.9348285607708
Hackney,hackney,2024,Violence Against The Person,7896,E09000012,Hackney,hackney,297569,26.535022129321266,2653.502212932127
Hackney,hackney,2025,Arson And Criminal Damage,355,E09000012,Hackney,hackney,298472,1.189391299686403,118.93912996864027
Hackney,hackney,2025,Burglary,452,E09000012,Hackney,hackney,298472,1.51437990833311,151.437990833311
Hackney,hackney,2025,Drug Offences,557,E09000012,Hackney,hackney,298472,1.8661717011981025,186.61717011981025
Hackney,hackney,2025,Fraud And Forgery,0,E09000012,Hackney,hackney,298472,0.0,0.0
Hackney,hackney,2025,Miscellaneous Crimes Against Society,69,E09000012,Hackney,hackney,298472,0.23117746388270927,23.117746388270927
Hackney,hackney,2025,Possession Of Weapons,49,E09000012,Hackney,hackney,298472,0.16416950333699643,16.416950333699642
Hackney,hackney,2025,Public Order Offences,462,E09000012,Hackney,hackney,298472,1.5478838886059665,154.78838886059665
Hackney,hackney,2025,Robbery,407,E09000012,Hackney,hackney,298472,1.363611997105256,136.3611997105256
Hackney,hackney,2025,Sexual Offences,236,E09000012,Hackney,hackney,298472,0.7906939344394115,79.06939344394115
Hackney,hackney,2025,Theft,2550,E09000012,Hackney,hackney,298472,8.543514969578387,854.3514969578387
Hackney,hackney,2025,Vehicle Offences,529,E09000012,Hackney,hackney,298472,1.7723605564341045,177.23605564341045
Hackney,hackney,2025,Violence Against The Person,1824,E09000012,Hackney,hackney,298472,6.11112600176901,611.112600176901
Hammersmith And Fulham,hammersmith and fulham,2010,Arson And Criminal Damage,1502,E09000013,Hammersmith and Fulham,hammersmith and fulham,180842,8.30559272735316,830.5592727353159
Hammersmith And Fulham,hammersmith and fulham,2010,Burglary,3088,E09000013,Hammersmith and Fulham,hammersmith and fulham,180842,17.07567932228133,1707.567932228133
Hammersmith And Fulham,hammersmith and fulham,2010,Drug Offences,1431,E09000013,Hammersmith and Fulham,hammersmith and fulham,180842,7.912984815474282,791.2984815474282
Hammersmith And Fulham,hammersmith and fulham,2010,Fraud And Forgery,411,E09000013,Hammersmith and Fulham,hammersmith and fulham,180842,2.2727021377777286,227.27021377777285
Hammersmith And Fulham,hammersmith and fulham,2010,Miscellaneous Crimes Against Society,249,E09000013,Hammersmith and Fulham,hammersmith and fulham,180842,1.376892536025923,137.68925360259232
Hammersmith And Fulham,hammersmith and fulham,2010,Nfib Fraud,0,E09000013,Hammersmith and Fulham,hammersmith and fulham,180842,0.0,0.0
Hammersmith And Fulham,hammersmith and fulham,2010,Possession Of Weapons,121,E09000013,Hammersmith and Fulham,hammersmith and fulham,180842,0.6690923568640028,66.90923568640028
Hammersmith And Fulham,hammersmith and fulham,2010,Public Order Offences,415,E09000013,Hammersmith and Fulham,hammersmith and fulham,180842,2.2948208933765386,229.48208933765386
Hammersmith And Fulham,hammersmith and fulham,2010,Robbery,586,E09000013,Hammersmith and Fulham,hammersmith and fulham,180842,3.2403976952256666,324.03976952256664
Hammersmith And Fulham,hammersmith and fulham,2010,Sexual Offences,166,E09000013,Hammersmith and Fulham,hammersmith and fulham,180842,0.9179283573506155,91.79283573506154
Hammersmith And Fulham,hammersmith and fulham,2010,Theft,5749,E09000013,Hammersmith and Fulham,hammersmith and fulham,180842,31.790181484389688,3179.018148438969
Hammersmith And Fulham,hammersmith and fulham,2010,Vehicle Offences,2161,E09000013,Hammersmith and Fulham,hammersmith and fulham,180842,11.949657712257109,1194.9657712257108
Hammersmith And Fulham,hammersmith and fulham,2010,Violence Against The Person,2820,E09000013,Hammersmith and Fulham,hammersmith and fulham,180842,15.593722697161057,1559.3722697161056
Hammersmith And Fulham,hammersmith and fulham,2011,Arson And Criminal Damage,1718,E09000013,Hammersmith and Fulham,hammersmith and fulham,182790,9.3987636085125,939.87636085125
Hammersmith And Fulham,hammersmith and fulham,2011,Burglary,4314,E09000013,Hammersmith and Fulham,hammersmith and fulham,182790,23.600853438371903,2360.08534383719
Hammersmith And Fulham,hammersmith and fulham,2011,Drug Offences,1506,E09000013,Hammersmith and Fulham,hammersmith and fulham,182790,8.23896274413261,823.896274413261
Hammersmith And Fulham,hammersmith and fulham,2011,Fraud And Forgery,478,E09000013,Hammersmith and Fulham,hammersmith and fulham,182790,2.615022703648996,261.50227036489963
Hammersmith And Fulham,hammersmith and fulham,2011,Miscellaneous Crimes Against Society,354,E09000013,Hammersmith and Fulham,hammersmith and fulham,182790,1.9366486131626457,193.66486131626456
Hammersmith And Fulham,hammersmith and fulham,2011,Nfib Fraud,0,E09000013,Hammersmith and Fulham,hammersmith and fulham,182790,0.0,0.0
Hammersmith And Fulham,hammersmith and fulham,2011,Possession Of Weapons,149,E09000013,Hammersmith and Fulham,hammersmith and fulham,182790,0.8151430603424694,81.51430603424694
Hammersmith And Fulham,hammersmith and fulham,2011,Public Order Offences,536,E09000013,Hammersmith and Fulham,hammersmith and fulham,182790,2.9323267137151925,293.23267137151925
Hammersmith And Fulham,hammersmith and fulham,2011,Robbery,768,E09000013,Hammersmith and Fulham,hammersmith and fulham,182790,4.201542753979977,420.1542753979977
Hammersmith And Fulham,hammersmith and fulham,2011,Sexual Offences,199,E09000013,Hammersmith and Fulham,hammersmith and fulham,182790,1.0886810000547076,108.86810000547075
Hammersmith And Fulham,hammersmith and fulham,2011,Theft,7705,E09000013,Hammersmith and Fulham,hammersmith and fulham,182790,42.15219650965589,4215.219650965589
Hammersmith And Fulham,hammersmith and fulham,2011,Vehicle Offences,3392,E09000013,Hammersmith and Fulham,hammersmith and fulham,182790,18.55681383007823,1855.6813830078231
Hammersmith And Fulham,hammersmith and fulham,2011,Violence Against The Person,3309,E09000013,Hammersmith and Fulham,hammersmith and fulham,182790,18.102740850155918,1810.2740850155917
Hammersmith And Fulham,hammersmith and fulham,2012,Arson And Criminal Damage,1442,E09000013,Hammersmith and Fulham,hammersmith and fulham,180195,8.00244179916202,800.2441799162018
Hammersmith And Fulham,hammersmith and fulham,2012,Burglary,3090,E09000013,Hammersmith and Fulham,hammersmith and fulham,180195,17.148089569632898,1714.8089569632898
Hammersmith And Fulham,hammersmith and fulham,2012,Drug Offences,1651,E09000013,Hammersmith and Fulham,hammersmith and fulham,180195,9.162296401121008,916.2296401121008
Hammersmith And Fulham,hammersmith and fulham,2012,Fraud And Forgery,846,E09000013,Hammersmith and Fulham,hammersmith and fulham,180195,4.694913843336385,469.4913843336385
Hammersmith And Fulham,hammersmith and fulham,2012,Miscellaneous Crimes Against Society,266,E09000013,Hammersmith and Fulham,hammersmith and fulham,180195,1.4761785843114406,147.61785843114404
Hammersmith And Fulham,hammersmith and fulham,2012,Nfib Fraud,0,E09000013,Hammersmith and Fulham,hammersmith and fulham,180195,0.0,0.0
Hammersmith And Fulham,hammersmith and fulham,2012,Possession Of Weapons,113,E09000013,Hammersmith and Fulham,hammersmith and fulham,180195,0.62709842115486,62.709842115486
Hammersmith And Fulham,hammersmith and fulham,2012,Public Order Offences,764,E09000013,Hammersmith and Fulham,hammersmith and fulham,180195,4.239851272232859,423.9851272232859
Hammersmith And Fulham,hammersmith and fulham,2012,Robbery,691,E09000013,Hammersmith and Fulham,hammersmith and fulham,180195,3.834734593079719,383.47345930797195
Hammersmith And Fulham,hammersmith and fulham,2012,Sexual Offences,232,E09000013,Hammersmith and Fulham,hammersmith and fulham,180195,1.287494103609978,128.7494103609978
Hammersmith And Fulham,hammersmith and fulham,2012,Theft,7714,E09000013,Hammersmith and Fulham,hammersmith and fulham,180195,42.809178945031775,4280.917894503177
Hammersmith And Fulham,hammersmith and fulham,2012,Vehicle Offences,2956,E09000013,Hammersmith and Fulham,hammersmith and fulham,180195,16.404450733927135,1640.4450733927135
Hammersmith And Fulham,hammersmith and fulham,2012,Violence Against The Person,3201,E09000013,Hammersmith and Fulham,hammersmith and fulham,180195,17.76408890368767,1776.408890368767
Hammersmith And Fulham,hammersmith and fulham,2013,Arson And Criminal Damage,1164,E09000013,Hammersmith and Fulham,hammersmith and fulham,179030,6.501703625090767,650.1703625090767
Hammersmith And Fulham,hammersmith and fulham,2013,Burglary,2499,E09000013,Hammersmith and Fulham,hammersmith and fulham,179030,13.958554432218063,1395.8554432218064
Hammersmith And Fulham,hammersmith and fulham,2013,Drug Offences,1956,E09000013,Hammersmith and Fulham,hammersmith and fulham,179030,10.925543205049433,1092.5543205049432
Hammersmith And Fulham,hammersmith and fulham,2013,Fraud And Forgery,64,E09000013,Hammersmith and Fulham,hammersmith and fulham,179030,0.3574819862592861,35.748198625928616
Hammersmith And Fulham,hammersmith and fulham,2013,Miscellaneous Crimes Against Society,261,E09000013,Hammersmith and Fulham,hammersmith and fulham,179030,1.4578562252136513,145.78562252136513
Hammersmith And Fulham,hammersmith and fulham,2013,Nfib Fraud,0,E09000013,Hammersmith and Fulham,hammersmith and fulham,179030,0.0,0.0
Hammersmith And Fulham,hammersmith and fulham,2013,Possession Of Weapons,135,E09000013,Hammersmith and Fulham,hammersmith and fulham,179030,0.7540635647656817,75.40635647656818
Hammersmith And Fulham,hammersmith and fulham,2013,Public Order Offences,834,E09000013,Hammersmith and Fulham,hammersmith and fulham,179030,4.658437133441323,465.84371334413225
Hammersmith And Fulham,hammersmith and fulham,2013,Robbery,551,E09000013,Hammersmith and Fulham,hammersmith and fulham,179030,3.0776964754510416,307.7696475451042
Hammersmith And Fulham,hammersmith and fulham,2013,Sexual Offences,244,E09000013,Hammersmith and Fulham,hammersmith and fulham,179030,1.3629000726135285,136.29000726135286
Hammersmith And Fulham,hammersmith and fulham,2013,Theft,6635,E09000013,Hammersmith and Fulham,hammersmith and fulham,179030,37.06082779422444,3706.0827794224433
Hammersmith And Fulham,hammersmith and fulham,2013,Vehicle Offences,2314,E09000013,Hammersmith and Fulham,hammersmith and fulham,179030,12.925208065687315,1292.5208065687316
Hammersmith And Fulham,hammersmith and fulham,2013,Violence Against The Person,3005,E09000013,Hammersmith and Fulham,hammersmith and fulham,179030,16.784896386080547,1678.4896386080547
Hammersmith And Fulham,hammersmith and fulham,2014,Arson And Criminal Damage,1327,E09000013,Hammersmith and Fulham,hammersmith and fulham,178710,7.425437860220469,742.5437860220469
Hammersmith And Fulham,hammersmith and fulham,2014,Burglary,2405,E09000013,Hammersmith and Fulham,hammersmith and fulham,178710,13.457556935817806,1345.7556935817806
Hammersmith And Fulham,hammersmith and fulham,2014,Drug Offences,1803,E09000013,Hammersmith and Fulham,hammersmith and fulham,178710,10.088970958536176,1008.8970958536177
Hammersmith And Fulham,hammersmith and fulham,2014,Fraud And Forgery,0,E09000013,Hammersmith and Fulham,hammersmith and fulham,178710,0.0,0.0
Hammersmith And Fulham,hammersmith and fulham,2014,Miscellaneous Crimes Against Society,297,E09000013,Hammersmith and Fulham,hammersmith and fulham,178710,1.6619103575625314,166.19103575625314
Hammersmith And Fulham,hammersmith and fulham,2014,Nfib Fraud,0,E09000013,Hammersmith and Fulham,hammersmith and fulham,178710,0.0,0.0
Hammersmith And Fulham,hammersmith and fulham,2014,Possession Of Weapons,127,E09000013,Hammersmith and Fulham,hammersmith and fulham,178710,0.7106485367354932,71.06485367354932
Hammersmith And Fulham,hammersmith and fulham,2014,Public Order Offences,1091,E09000013,Hammersmith and Fulham,hammersmith and fulham,178710,6.104862626601758,610.4862626601757
Hammersmith And Fulham,hammersmith and fulham,2014,Robbery,367,E09000013,Hammersmith and Fulham,hammersmith and fulham,178710,2.0536064014324884,205.36064014324884
Hammersmith And Fulham,hammersmith and fulham,2014,Sexual Offences,287,E09000013,Hammersmith and Fulham,hammersmith and fulham,178710,1.6059537798668233,160.59537798668234
Hammersmith And Fulham,hammersmith and fulham,2014,Theft,6288,E09000013,Hammersmith and Fulham,hammersmith and fulham,178710,35.18549605506127,3518.549605506127
Hammersmith And Fulham,hammersmith and fulham,2014,Vehicle Offences,2548,E09000013,Hammersmith and Fulham,hammersmith and fulham,178710,14.257735996866431,1425.7735996866431
Hammersmith And Fulham,hammersmith and fulham,2014,Violence Against The Person,3670,E09000013,Hammersmith and Fulham,hammersmith and fulham,178710,20.536064014324886,2053.6064014324884
Hammersmith And Fulham,hammersmith and fulham,2015,Arson And Criminal Damage,1433,E09000013,Hammersmith and Fulham,hammersmith and fulham,179754,7.972006186232296,797.2006186232295
Hammersmith And Fulham,hammersmith and fulham,2015,Burglary,2590,E09000013,Hammersmith and Fulham,hammersmith and fulham,179754,14.408580615730388,1440.8580615730386
Hammersmith And Fulham,hammersmith and fulham,2015,Drug Offences,1417,E09000013,Hammersmith and Fulham,hammersmith and fulham,179754,7.882995649610022,788.2995649610023
Hammersmith And Fulham,hammersmith and fulham,2015,Fraud And Forgery,0,E09000013,Hammersmith and Fulham,hammersmith and fulham,179754,0.0,0.0
Hammersmith And Fulham,hammersmith and fulham,2015,Miscellaneous Crimes Against Society,287,E09000013,Hammersmith and Fulham,hammersmith and fulham,179754,1.5966265006620157,159.6626500662016
Hammersmith And Fulham,hammersmith and fulham,2015,Nfib Fraud,0,E09000013,Hammersmith and Fulham,hammersmith and fulham,179754,0.0,0.0
Hammersmith And Fulham,hammersmith and fulham,2015,Possession Of Weapons,120,E09000013,Hammersmith and Fulham,hammersmith and fulham,179754,0.667579024667045,66.7579024667045
Hammersmith And Fulham,hammersmith and fulham,2015,Public Order Offences,1308,E09000013,Hammersmith and Fulham,hammersmith and fulham,179754,7.276611368870791,727.661136887079
Hammersmith And Fulham,hammersmith and fulham,2015,Robbery,357,E09000013,Hammersmith and Fulham,hammersmith and fulham,179754,1.9860475983844585,198.60475983844586
Hammersmith And Fulham,hammersmith and fulham,2015,Sexual Offences,340,E09000013,Hammersmith and Fulham,hammersmith and fulham,179754,1.891473903223294,189.1473903223294
Hammersmith And Fulham,hammersmith and fulham,2015,Theft,6160,E09000013,Hammersmith and Fulham,hammersmith and fulham,179754,34.269056599574974,3426.9056599574974
Hammersmith And Fulham,hammersmith and fulham,2015,Vehicle Offences,2776,E09000013,Hammersmith and Fulham,hammersmith and fulham,179754,15.443328103964307,1544.3328103964307
Hammersmith And Fulham,hammersmith and fulham,2015,Violence Against The Person,4362,E09000013,Hammersmith and Fulham,hammersmith and fulham,179754,24.266497546647084,2426.6497546647083
Hammersmith And Fulham,hammersmith and fulham,2016,Arson And Criminal Damage,1371,E09000013,Hammersmith and Fulham,hammersmith and fulham,179998,7.616751297236636,761.6751297236636
Hammersmith And Fulham,hammersmith and fulham,2016,Burglary,2469,E09000013,Hammersmith and Fulham,hammersmith and fulham,179998,13.716819075767509,1371.6819075767507
Hammersmith And Fulham,hammersmith and fulham,2016,Drug Offences,1341,E09000013,Hammersmith and Fulham,hammersmith and fulham,179998,7.45008277869754,745.0082778697541
Hammersmith And Fulham,hammersmith and fulham,2016,Fraud And Forgery,0,E09000013,Hammersmith and Fulham,hammersmith and fulham,179998,0.0,0.0
Hammersmith And Fulham,hammersmith and fulham,2016,Miscellaneous Crimes Against Society,350,E09000013,Hammersmith and Fulham,hammersmith and fulham,179998,1.9444660496227735,194.44660496227735
Hammersmith And Fulham,hammersmith and fulham,2016,Nfib Fraud,0,E09000013,Hammersmith and Fulham,hammersmith and fulham,179998,0.0,0.0
Hammersmith And Fulham,hammersmith and fulham,2016,Possession Of Weapons,151,E09000013,Hammersmith and Fulham,hammersmith and fulham,179998,0.8388982099801109,83.88982099801109
Hammersmith And Fulham,hammersmith and fulham,2016,Public Order Offences,1461,E09000013,Hammersmith and Fulham,hammersmith and fulham,179998,8.11675685285392,811.6756852853921
Hammersmith And Fulham,hammersmith and fulham,2016,Robbery,398,E09000013,Hammersmith and Fulham,hammersmith and fulham,179998,2.2111356792853254,221.11356792853255
Hammersmith And Fulham,hammersmith and fulham,2016,Sexual Offences,402,E09000013,Hammersmith and Fulham,hammersmith and fulham,179998,2.2333581484238714,223.33581484238712
Hammersmith And Fulham,hammersmith and fulham,2016,Theft,5951,E09000013,Hammersmith and Fulham,hammersmith and fulham,179998,33.06147846087179,3306.147846087179
Hammersmith And Fulham,hammersmith and fulham,2016,Vehicle Offences,2945,E09000013,Hammersmith and Fulham,hammersmith and fulham,179998,16.36129290325448,1636.1292903254482
Hammersmith And Fulham,hammersmith and fulham,2016,Violence Against The Person,4629,E09000013,Hammersmith and Fulham,hammersmith and fulham,179998,25.71695241058234,2571.695241058234
Hammersmith And Fulham,hammersmith and fulham,2017,Arson And Criminal Damage,1327,E09000013,Hammersmith and Fulham,hammersmith and fulham,181889,7.295658341076151,729.565834107615
Hammersmith And Fulham,hammersmith and fulham,2017,Burglary,3246,E09000013,Hammersmith and Fulham,hammersmith and fulham,181889,17.846048963928553,1784.6048963928552
Hammersmith And Fulham,hammersmith and fulham,2017,Drug Offences,1065,E09000013,Hammersmith and Fulham,hammersmith and fulham,181889,5.855219392046798,585.5219392046798
Hammersmith And Fulham,hammersmith and fulham,2017,Fraud And Forgery,0,E09000013,Hammersmith and Fulham,hammersmith and fulham,181889,0.0,0.0
Hammersmith And Fulham,hammersmith and fulham,2017,Miscellaneous Crimes Against Society,320,E09000013,Hammersmith and Fulham,hammersmith and fulham,181889,1.7593147469060801,175.931474690608
Hammersmith And Fulham,hammersmith and fulham,2017,Nfib Fraud,0,E09000013,Hammersmith and Fulham,hammersmith and fulham,181889,0.0,0.0
Hammersmith And Fulham,hammersmith and fulham,2017,Possession Of Weapons,167,E09000013,Hammersmith and Fulham,hammersmith and fulham,181889,0.9181423835416105,91.81423835416105
Hammersmith And Fulham,hammersmith and fulham,2017,Public Order Offences,1396,E09000013,Hammersmith and Fulham,hammersmith and fulham,181889,7.675010583377774,767.5010583377774
Hammersmith And Fulham,hammersmith and fulham,2017,Robbery,553,E09000013,Hammersmith and Fulham,hammersmith and fulham,181889,3.0403157969970693,304.0315796997069
Hammersmith And Fulham,hammersmith and fulham,2017,Sexual Offences,391,E09000013,Hammersmith and Fulham,hammersmith and fulham,181889,2.149662706375867,214.9662706375867
Hammersmith And Fulham,hammersmith and fulham,2017,Theft,6073,E09000013,Hammersmith and Fulham,hammersmith and fulham,181889,33.38849518112695,3338.849518112695
Hammersmith And Fulham,hammersmith and fulham,2017,Vehicle Offences,3399,E09000013,Hammersmith and Fulham,hammersmith and fulham,181889,18.68722132729302,1868.7221327293018
Hammersmith And Fulham,hammersmith and fulham,2017,Violence Against The Person,4729,E09000013,Hammersmith and Fulham,hammersmith and fulham,181889,25.999373244121415,2599.937324412141
Hammersmith And Fulham,hammersmith and fulham,2018,Arson And Criminal Damage,1206,E09000013,Hammersmith and Fulham,hammersmith and fulham,184050,6.552567237163815,655.2567237163814
Hammersmith And Fulham,hammersmith and fulham,2018,Burglary,3302,E09000013,Hammersmith and Fulham,hammersmith and fulham,184050,17.940776962781854,1794.0776962781854
Hammersmith And Fulham,hammersmith and fulham,2018,Drug Offences,949,E09000013,Hammersmith and Fulham,hammersmith and fulham,184050,5.156207552295571,515.6207552295572
Hammersmith And Fulham,hammersmith and fulham,2018,Fraud And Forgery,0,E09000013,Hammersmith and Fulham,hammersmith and fulham,184050,0.0,0.0
Hammersmith And Fulham,hammersmith and fulham,2018,Miscellaneous Crimes Against Society,255,E09000013,Hammersmith and Fulham,hammersmith and fulham,184050,1.3854930725346373,138.54930725346375
Hammersmith And Fulham,hammersmith and fulham,2018,Nfib Fraud,0,E09000013,Hammersmith and Fulham,hammersmith and fulham,184050,0.0,0.0
Hammersmith And Fulham,hammersmith and fulham,2018,Possession Of Weapons,174,E09000013,Hammersmith and Fulham,hammersmith and fulham,184050,0.9453952730236349,94.53952730236348
Hammersmith And Fulham,hammersmith and fulham,2018,Public Order Offences,1367,E09000013,Hammersmith and Fulham,hammersmith and fulham,184050,7.4273295300190165,742.7329530019016
Hammersmith And Fulham,hammersmith and fulham,2018,Robbery,762,E09000013,Hammersmith and Fulham,hammersmith and fulham,184050,4.1401792991035045,414.0179299103505
Hammersmith And Fulham,hammersmith and fulham,2018,Sexual Offences,420,E09000013,Hammersmith and Fulham,hammersmith and fulham,184050,2.2819885900570496,228.19885900570497
Hammersmith And Fulham,hammersmith and fulham,2018,Theft,6330,E09000013,Hammersmith and Fulham,hammersmith and fulham,184050,34.39282803585982,3439.282803585982
Hammersmith And Fulham,hammersmith and fulham,2018,Vehicle Offences,2819,E09000013,Hammersmith and Fulham,hammersmith and fulham,184050,15.316490084216245,1531.6490084216246
Hammersmith And Fulham,hammersmith and fulham,2018,Violence Against The Person,5098,E09000013,Hammersmith and Fulham,hammersmith and fulham,184050,27.69899483835914,2769.899483835914
Hammersmith And Fulham,hammersmith and fulham,2019,Arson And Criminal Damage,1318,E09000013,Hammersmith and Fulham,hammersmith and fulham,186075,7.08316539029961,708.3165390299611
Hammersmith And Fulham,hammersmith and fulham,2019,Burglary,3191,E09000013,Hammersmith and Fulham,hammersmith and fulham,186075,17.148999059519014,1714.8999059519012
Hammersmith And Fulham,hammersmith and fulham,2019,Drug Offences,1126,E09000013,Hammersmith and Fulham,hammersmith and fulham,186075,6.051323391105737,605.1323391105738
Hammersmith And Fulham,hammersmith and fulham,2019,Fraud And Forgery,0,E09000013,Hammersmith and Fulham,hammersmith and fulham,186075,0.0,0.0
Hammersmith And Fulham,hammersmith and fulham,2019,Miscellaneous Crimes Against Society,288,E09000013,Hammersmith and Fulham,hammersmith and fulham,186075,1.5477629987908101,154.77629987908102
Hammersmith And Fulham,hammersmith and fulham,2019,Nfib Fraud,0,E09000013,Hammersmith and Fulham,hammersmith and fulham,186075,0.0,0.0
Hammersmith And Fulham,hammersmith and fulham,2019,Possession Of Weapons,158,E09000013,Hammersmith and Fulham,hammersmith and fulham,186075,0.8491199785032917,84.91199785032917
Hammersmith And Fulham,hammersmith and fulham,2019,Public Order Offences,1517,E09000013,Hammersmith and Fulham,hammersmith and fulham,186075,8.152626629047427,815.2626629047427
Hammersmith And Fulham,hammersmith and fulham,2019,Robbery,848,E09000013,Hammersmith and Fulham,hammersmith and fulham,186075,4.557302163106274,455.73021631062744
Hammersmith And Fulham,hammersmith and fulham,2019,Sexual Offences,422,E09000013,Hammersmith and Fulham,hammersmith and fulham,186075,2.2679027273948673,226.79027273948674
Hammersmith And Fulham,hammersmith and fulham,2019,Theft,6626,E09000013,Hammersmith and Fulham,hammersmith and fulham,186075,35.609297326346905,3560.9297326346905
Hammersmith And Fulham,hammersmith and fulham,2019,Vehicle Offences,3306,E09000013,Hammersmith and Fulham,hammersmith and fulham,186075,17.76702942361951,1776.7029423619508
Hammersmith And Fulham,hammersmith and fulham,2019,Violence Against The Person,5295,E09000013,Hammersmith and Fulham,hammersmith and fulham,186075,28.456267634018538,2845.626763401854
Hammersmith And Fulham,hammersmith and fulham,2020,Arson And Criminal Damage,1107,E09000013,Hammersmith and Fulham,hammersmith and fulham,190721,5.804290036230934,580.4290036230934
Hammersmith And Fulham,hammersmith and fulham,2020,Burglary,2501,E09000013,Hammersmith and Fulham,hammersmith and fulham,190721,13.113396007780999,1311.3396007781
Hammersmith And Fulham,hammersmith and fulham,2020,Drug Offences,1197,E09000013,Hammersmith and Fulham,hammersmith and fulham,190721,6.276183535111498,627.6183535111498
Hammersmith And Fulham,hammersmith and fulham,2020,Fraud And Forgery,0,E09000013,Hammersmith and Fulham,hammersmith and fulham,190721,0.0,0.0
Hammersmith And Fulham,hammersmith and fulham,2020,Miscellaneous Crimes Against Society,240,E09000013,Hammersmith and Fulham,hammersmith and fulham,190721,1.2583826636815034,125.83826636815034
Hammersmith And Fulham,hammersmith and fulham,2020,Nfib Fraud,0,E09000013,Hammersmith and Fulham,hammersmith and fulham,190721,0.0,0.0
Hammersmith And Fulham,hammersmith and fulham,2020,Possession Of Weapons,134,E09000013,Hammersmith and Fulham,hammersmith and fulham,190721,0.7025969872221727,70.25969872221727
Hammersmith And Fulham,hammersmith and fulham,2020,Public Order Offences,1433,E09000013,Hammersmith and Fulham,hammersmith and fulham,190721,7.51359315439831,751.359315439831
Hammersmith And Fulham,hammersmith and fulham,2020,Robbery,534,E09000013,Hammersmith and Fulham,hammersmith and fulham,190721,2.799901426691345,279.9901426691345
Hammersmith And Fulham,hammersmith and fulham,2020,Sexual Offences,415,E09000013,Hammersmith and Fulham,hammersmith and fulham,190721,2.1759533559492663,217.5953355949266
Hammersmith And Fulham,hammersmith and fulham,2020,Theft,4837,E09000013,Hammersmith and Fulham,hammersmith and fulham,190721,25.361653934280966,2536.1653934280966
Hammersmith And Fulham,hammersmith and fulham,2020,Vehicle Offences,2237,E09000013,Hammersmith and Fulham,hammersmith and fulham,190721,11.729175077731345,1172.9175077731345
Hammersmith And Fulham,hammersmith and fulham,2020,Violence Against The Person,4852,E09000013,Hammersmith and Fulham,hammersmith and fulham,190721,25.44030285076106,2544.030285076106
Hammersmith And Fulham,hammersmith and fulham,2021,Arson And Criminal Damage,1208,E09000013,Hammersmith and Fulham,hammersmith and fulham,195981,6.163862823436967,616.3862823436966
Hammersmith And Fulham,hammersmith and fulham,2021,Burglary,2463,E09000013,Hammersmith and Fulham,hammersmith and fulham,195981,12.567544813017589,1256.754481301759
Hammersmith And Fulham,hammersmith and fulham,2021,Drug Offences,1081,E09000013,Hammersmith and Fulham,hammersmith and fulham,195981,5.5158408213041055,551.5840821304106
Hammersmith And Fulham,hammersmith and fulham,2021,Fraud And Forgery,0,E09000013,Hammersmith and Fulham,hammersmith and fulham,195981,0.0,0.0
Hammersmith And Fulham,hammersmith and fulham,2021,Miscellaneous Crimes Against Society,229,E09000013,Hammersmith and Fulham,hammersmith and fulham,195981,1.1684806180190939,116.84806180190938
Hammersmith And Fulham,hammersmith and fulham,2021,Nfib Fraud,0,E09000013,Hammersmith and Fulham,hammersmith and fulham,195981,0.0,0.0
Hammersmith And Fulham,hammersmith and fulham,2021,Possession Of Weapons,125,E09000013,Hammersmith and Fulham,hammersmith and fulham,195981,0.6378169312331297,63.78169312331297
Hammersmith And Fulham,hammersmith and fulham,2021,Public Order Offences,1532,E09000013,Hammersmith and Fulham,hammersmith and fulham,195981,7.8170843091932385,781.7084309193239
Hammersmith And Fulham,hammersmith and fulham,2021,Robbery,416,E09000013,Hammersmith and Fulham,hammersmith and fulham,195981,2.122654747143856,212.2654747143856
Hammersmith And Fulham,hammersmith and fulham,2021,Sexual Offences,515,E09000013,Hammersmith and Fulham,hammersmith and fulham,195981,2.6278057566804947,262.7805756680495
Hammersmith And Fulham,hammersmith and fulham,2021,Theft,5209,E09000013,Hammersmith and Fulham,hammersmith and fulham,195981,26.579107158346982,2657.9107158346983
Hammersmith And Fulham,hammersmith and fulham,2021,Vehicle Offences,2360,E09000013,Hammersmith and Fulham,hammersmith and fulham,195981,12.04198366168149,1204.198366168149
Hammersmith And Fulham,hammersmith and fulham,2021,Violence Against The Person,5218,E09000013,Hammersmith and Fulham,hammersmith and fulham,195981,26.625029977395766,2662.5029977395766
Hammersmith And Fulham,hammersmith and fulham,2022,Arson And Criminal Damage,1178,E09000013,Hammersmith and Fulham,hammersmith and fulham,201406,5.848882357030079,584.8882357030079
Hammersmith And Fulham,hammersmith and fulham,2022,Burglary,2107,E09000013,Hammersmith and Fulham,hammersmith and fulham,201406,10.46145596456908,1046.145596456908
Hammersmith And Fulham,hammersmith and fulham,2022,Drug Offences,894,E09000013,Hammersmith and Fulham,hammersmith and fulham,201406,4.438795269257122,443.87952692571224
Hammersmith And Fulham,hammersmith and fulham,2022,Fraud And Forgery,0,E09000013,Hammersmith and Fulham,hammersmith and fulham,201406,0.0,0.0
Hammersmith And Fulham,hammersmith and fulham,2022,Miscellaneous Crimes Against Society,188,E09000013,Hammersmith and Fulham,hammersmith and fulham,201406,0.9334379313426611,93.34379313426611
Hammersmith And Fulham,hammersmith and fulham,2022,Nfib Fraud,0,E09000013,Hammersmith and Fulham,hammersmith and fulham,201406,0.0,0.0
Hammersmith And Fulham,hammersmith and fulham,2022,Possession Of Weapons,133,E09000013,Hammersmith and Fulham,hammersmith and fulham,201406,0.6603576854711379,66.03576854711379
Hammersmith And Fulham,hammersmith and fulham,2022,Public Order Offences,1499,E09000013,Hammersmith and Fulham,hammersmith and fulham,201406,7.442677973843878,744.2677973843878
Hammersmith And Fulham,hammersmith and fulham,2022,Robbery,485,E09000013,Hammersmith and Fulham,hammersmith and fulham,201406,2.4080712590488864,240.80712590488864
Hammersmith And Fulham,hammersmith and fulham,2022,Sexual Offences,576,E09000013,Hammersmith and Fulham,hammersmith and fulham,201406,2.85989493858177,285.989493858177
Hammersmith And Fulham,hammersmith and fulham,2022,Theft,5421,E09000013,Hammersmith and Fulham,hammersmith and fulham,201406,26.915782052173224,2691.578205217322
Hammersmith And Fulham,hammersmith and fulham,2022,Vehicle Offences,2742,E09000013,Hammersmith and Fulham,hammersmith and fulham,201406,13.614291530540301,1361.4291530540302
Hammersmith And Fulham,hammersmith and fulham,2022,Violence Against The Person,5339,E09000013,Hammersmith and Fulham,hammersmith and fulham,201406,26.50864423105568,2650.8644231055678
Hammersmith And Fulham,hammersmith and fulham,2023,Arson And Criminal Damage,1305,E09000013,Hammersmith and Fulham,hammersmith and fulham,206689,6.313833827634755,631.3833827634755
Hammersmith And Fulham,hammersmith and fulham,2023,Burglary,1558,E09000013,Hammersmith and Fulham,hammersmith and fulham,206689,7.537895098432911,753.7895098432912
Hammersmith And Fulham,hammersmith and fulham,2023,Drug Offences,970,E09000013,Hammersmith and Fulham,hammersmith and fulham,206689,4.693041235866446,469.30412358664466
Hammersmith And Fulham,hammersmith and fulham,2023,Fraud And Forgery,0,E09000013,Hammersmith and Fulham,hammersmith and fulham,206689,0.0,0.0
Hammersmith And Fulham,hammersmith and fulham,2023,Miscellaneous Crimes Against Society,225,E09000013,Hammersmith and Fulham,hammersmith and fulham,206689,1.0885920392473716,108.85920392473716
Hammersmith And Fulham,hammersmith and fulham,2023,Nfib Fraud,0,E09000013,Hammersmith and Fulham,hammersmith and fulham,206689,0.0,0.0
Hammersmith And Fulham,hammersmith and fulham,2023,Possession Of Weapons,138,E09000013,Hammersmith and Fulham,hammersmith and fulham,206689,0.6676697840717213,66.76697840717212
Hammersmith And Fulham,hammersmith and fulham,2023,Public Order Offences,1641,E09000013,Hammersmith and Fulham,hammersmith and fulham,206689,7.939464606244164,793.9464606244164
Hammersmith And Fulham,hammersmith and fulham,2023,Robbery,659,E09000013,Hammersmith and Fulham,hammersmith and fulham,206689,3.188365128284524,318.8365128284524
Hammersmith And Fulham,hammersmith and fulham,2023,Sexual Offences,529,E09000013,Hammersmith and Fulham,hammersmith and fulham,206689,2.5594008389415985,255.94008389415984
Hammersmith And Fulham,hammersmith and fulham,2023,Theft,6248,E09000013,Hammersmith and Fulham,hammersmith and fulham,206689,30.22899138318924,3022.8991383189236
Hammersmith And Fulham,hammersmith and fulham,2023,Vehicle Offences,2960,E09000013,Hammersmith and Fulham,hammersmith and fulham,206689,14.321033049654313,1432.1033049654313
Hammersmith And Fulham,hammersmith and fulham,2023,Violence Against The Person,5729,E09000013,Hammersmith and Fulham,hammersmith and fulham,206689,27.717972412658632,2771.7972412658632
Hammersmith And Fulham,hammersmith and fulham,2024,Arson And Criminal Damage,1250,E09000013,Hammersmith and Fulham,hammersmith and fulham,211895,5.899148163005262,589.9148163005262
Hammersmith And Fulham,hammersmith and fulham,2024,Burglary,1395,E09000013,Hammersmith and Fulham,hammersmith and fulham,211895,6.583449349913872,658.3449349913872
Hammersmith And Fulham,hammersmith and fulham,2024,Drug Offences,1068,E09000013,Hammersmith and Fulham,hammersmith and fulham,211895,5.040232190471696,504.0232190471696
Hammersmith And Fulham,hammersmith and fulham,2024,Fraud And Forgery,5,E09000013,Hammersmith and Fulham,hammersmith and fulham,211895,0.023596592652021048,2.359659265202105
Hammersmith And Fulham,hammersmith and fulham,2024,Miscellaneous Crimes Against Society,203,E09000013,Hammersmith and Fulham,hammersmith and fulham,211895,0.9580216616720546,95.80216616720546
Hammersmith And Fulham,hammersmith and fulham,2024,Nfib Fraud,2,E09000013,Hammersmith and Fulham,hammersmith and fulham,211895,0.00943863706080842,0.943863706080842
Hammersmith And Fulham,hammersmith and fulham,2024,Possession Of Weapons,115,E09000013,Hammersmith and Fulham,hammersmith and fulham,211895,0.5427216309964842,54.27216309964842
Hammersmith And Fulham,hammersmith and fulham,2024,Public Order Offences,1633,E09000013,Hammersmith and Fulham,hammersmith and fulham,211895,7.706647160150074,770.6647160150075
Hammersmith And Fulham,hammersmith and fulham,2024,Robbery,624,E09000013,Hammersmith and Fulham,hammersmith and fulham,211895,2.944854762972227,294.4854762972227
Hammersmith And Fulham,hammersmith and fulham,2024,Sexual Offences,597,E09000013,Hammersmith and Fulham,hammersmith and fulham,211895,2.817433162651313,281.74331626513134
Hammersmith And Fulham,hammersmith and fulham,2024,Theft,6935,E09000013,Hammersmith and Fulham,hammersmith and fulham,211895,32.728474008353196,3272.847400835319
Hammersmith And Fulham,hammersmith and fulham,2024,Vehicle Offences,2071,E09000013,Hammersmith and Fulham,hammersmith and fulham,211895,9.773708676467118,977.3708676467118
Hammersmith And Fulham,hammersmith and fulham,2024,Violence Against The Person,5595,E09000013,Hammersmith and Fulham,hammersmith and fulham,211895,26.404587177611553,2640.4587177611556
Hammersmith And Fulham,hammersmith and fulham,2025,Arson And Criminal Damage,272,E09000013,Hammersmith and Fulham,hammersmith and fulham,215227,1.2637819604417662,126.3781960441766
Hammersmith And Fulham,hammersmith and fulham,2025,Burglary,260,E09000013,Hammersmith and Fulham,hammersmith and fulham,215227,1.2080268739516882,120.80268739516882
Hammersmith And Fulham,hammersmith and fulham,2025,Drug Offences,302,E09000013,Hammersmith and Fulham,hammersmith and fulham,215227,1.4031696766669608,140.3169676666961
Hammersmith And Fulham,hammersmith and fulham,2025,Fraud And Forgery,0,E09000013,Hammersmith and Fulham,hammersmith and fulham,215227,0.0,0.0
Hammersmith And Fulham,hammersmith and fulham,2025,Miscellaneous Crimes Against Society,71,E09000013,Hammersmith and Fulham,hammersmith and fulham,215227,0.329884261732961,32.9884261732961
Hammersmith And Fulham,hammersmith and fulham,2025,Nfib Fraud,0,E09000013,Hammersmith and Fulham,hammersmith and fulham,215227,0.0,0.0
Hammersmith And Fulham,hammersmith and fulham,2025,Possession Of Weapons,33,E09000013,Hammersmith and Fulham,hammersmith and fulham,215227,0.15332648784771427,15.332648784771427
Hammersmith And Fulham,hammersmith and fulham,2025,Public Order Offences,346,E09000013,Hammersmith and Fulham,hammersmith and fulham,215227,1.6076049937972468,160.76049937972468
Hammersmith And Fulham,hammersmith and fulham,2025,Robbery,127,E09000013,Hammersmith and Fulham,hammersmith and fulham,215227,0.5900746653533246,59.00746653533246
Hammersmith And Fulham,hammersmith and fulham,2025,Sexual Offences,162,E09000013,Hammersmith and Fulham,hammersmith and fulham,215227,0.7526936676160518,75.26936676160518
Hammersmith And Fulham,hammersmith and fulham,2025,Theft,1516,E09000013,Hammersmith and Fulham,hammersmith and fulham,215227,7.043725926579844,704.3725926579843
Hammersmith And Fulham,hammersmith and fulham,2025,Vehicle Offences,513,E09000013,Hammersmith and Fulham,hammersmith and fulham,215227,2.383529947450831,238.3529947450831
Hammersmith And Fulham,hammersmith and fulham,2025,Violence Against The Person,1435,E09000013,Hammersmith and Fulham,hammersmith and fulham,215227,6.667379092771817,666.7379092771818
Haringey,haringey,2010,Arson And Criminal Damage,2016,E09000014,Haringey,haringey,252742,7.976513598847837,797.6513598847837
Haringey,haringey,2010,Burglary,4918,E09000014,Haringey,haringey,252742,19.458578313062333,1945.8578313062333
Haringey,haringey,2010,Drug Offences,1321,E09000014,Haringey,haringey,252742,5.2266738413085285,522.6673841308528
Haringey,haringey,2010,Fraud And Forgery,391,E09000014,Haringey,haringey,252742,1.5470321513638414,154.70321513638413
Haringey,haringey,2010,Miscellaneous Crimes Against Society,107,E09000014,Haringey,haringey,252742,0.4233566245420231,42.33566245420231
Haringey,haringey,2010,Possession Of Weapons,144,E09000014,Haringey,haringey,252742,0.5697509713462741,56.97509713462741
Haringey,haringey,2010,Public Order Offences,296,E09000014,Haringey,haringey,252742,1.1711547744340078,117.11547744340078
Haringey,haringey,2010,Robbery,761,E09000014,Haringey,haringey,252742,3.0109756194063513,301.0975619406351
Haringey,haringey,2010,Sexual Offences,264,E09000014,Haringey,haringey,252742,1.044543447468169,104.4543447468169
Haringey,haringey,2010,Theft,4379,E09000014,Haringey,haringey,252742,17.325968774481485,1732.5968774481487
Haringey,haringey,2010,Vehicle Offences,2737,E09000014,Haringey,haringey,252742,10.82922505954689,1082.9225059546889
Haringey,haringey,2010,Violence Against The Person,3217,E09000014,Haringey,haringey,252742,12.72839496403447,1272.839496403447
Haringey,haringey,2011,Arson And Criminal Damage,2657,E09000014,Haringey,haringey,256438,10.361178920440809,1036.117892044081
Haringey,haringey,2011,Burglary,7146,E09000014,Haringey,haringey,256438,27.866384857158458,2786.6384857158455
Haringey,haringey,2011,Drug Offences,1586,E09000014,Haringey,haringey,256438,6.184730812126128,618.4730812126128
Haringey,haringey,2011,Fraud And Forgery,479,E09000014,Haringey,haringey,256438,1.8678978934479291,186.7897893447929
Haringey,haringey,2011,Miscellaneous Crimes Against Society,142,E09000014,Haringey,haringey,256438,0.5537400853227681,55.37400853227681
Haringey,haringey,2011,Possession Of Weapons,156,E09000014,Haringey,haringey,256438,0.6083341782419143,60.83341782419143
Haringey,haringey,2011,Public Order Offences,369,E09000014,Haringey,haringey,256438,1.4389443062260663,143.89443062260665
Haringey,haringey,2011,Robbery,1392,E09000014,Haringey,haringey,256438,5.4282126673893885,542.8212667389389
Haringey,haringey,2011,Sexual Offences,304,E09000014,Haringey,haringey,256438,1.1854717319586021,118.5471731958602
Haringey,haringey,2011,Theft,5650,E09000014,Haringey,haringey,256438,22.032616070941128,2203.2616070941126
Haringey,haringey,2011,Vehicle Offences,4231,E09000014,Haringey,haringey,256438,16.499114795779096,1649.9114795779099
Haringey,haringey,2011,Violence Against The Person,4102,E09000014,Haringey,haringey,256438,15.996069225309821,1599.606922530982
Haringey,haringey,2012,Arson And Criminal Damage,2116,E09000014,Haringey,haringey,259810,8.144413225049075,814.4413225049075
Haringey,haringey,2012,Burglary,6824,E09000014,Haringey,haringey,259810,26.265347754128015,2626.5347754128015
Haringey,haringey,2012,Drug Offences,1542,E09000014,Haringey,haringey,259810,5.935106423925176,593.5106423925176
Haringey,haringey,2012,Fraud And Forgery,843,E09000014,Haringey,haringey,259810,3.2446788037411953,324.46788037411955
Haringey,haringey,2012,Miscellaneous Crimes Against Society,162,E09000014,Haringey,haringey,259810,0.6235325815018667,62.353258150186676
Haringey,haringey,2012,Possession Of Weapons,139,E09000014,Haringey,haringey,259810,0.5350063507948116,53.50063507948116
Haringey,haringey,2012,Public Order Offences,506,E09000014,Haringey,haringey,259810,1.9475770755552133,194.75770755552134
Haringey,haringey,2012,Robbery,1107,E09000014,Haringey,haringey,259810,4.2608059735960895,426.08059735960893
Haringey,haringey,2012,Sexual Offences,324,E09000014,Haringey,haringey,259810,1.2470651630037335,124.70651630037335
Haringey,haringey,2012,Theft,6163,E09000014,Haringey,haringey,259810,23.7211808629383,2372.1180862938304
Haringey,haringey,2012,Vehicle Offences,3794,E09000014,Haringey,haringey,259810,14.60297910011162,1460.297910011162
Haringey,haringey,2012,Violence Against The Person,4166,E09000014,Haringey,haringey,259810,16.034794657634425,1603.4794657634425
Haringey,haringey,2013,Arson And Criminal Damage,1823,E09000014,Haringey,haringey,264284,6.897882580859984,689.7882580859985
Haringey,haringey,2013,Burglary,5442,E09000014,Haringey,haringey,264284,20.591484917740004,2059.1484917740004
Haringey,haringey,2013,Drug Offences,1205,E09000014,Haringey,haringey,264284,4.559489034523468,455.9489034523467
Haringey,haringey,2013,Fraud And Forgery,87,E09000014,Haringey,haringey,264284,0.3291913244842669,32.919132448426694
Haringey,haringey,2013,Miscellaneous Crimes Against Society,184,E09000014,Haringey,haringey,264284,0.6962207322425875,69.62207322425876
Haringey,haringey,2013,Possession Of Weapons,124,E09000014,Haringey,haringey,264284,0.46919223259826554,46.91922325982655
Haringey,haringey,2013,Public Order Offences,562,E09000014,Haringey,haringey,264284,2.1265002800018165,212.65002800018163
Haringey,haringey,2013,Robbery,889,E09000014,Haringey,haringey,264284,3.363805603063371,336.3805603063371
Haringey,haringey,2013,Sexual Offences,284,E09000014,Haringey,haringey,264284,1.0746015649831242,107.46015649831241
Haringey,haringey,2013,Theft,5819,E09000014,Haringey,haringey,264284,22.01798065717183,2201.798065717183
Haringey,haringey,2013,Vehicle Offences,3543,E09000014,Haringey,haringey,264284,13.406032903997216,1340.6032903997216
Haringey,haringey,2013,Violence Against The Person,3886,E09000014,Haringey,haringey,264284,14.703879160297255,1470.3879160297256
Haringey,haringey,2014,Arson And Criminal Damage,2079,E09000014,Haringey,haringey,268439,7.744776280644764,774.4776280644764
Haringey,haringey,2014,Burglary,5758,E09000014,Haringey,haringey,268439,21.449938347259526,2144.9938347259526
Haringey,haringey,2014,Drug Offences,1170,E09000014,Haringey,haringey,268439,4.35853210599056,435.853210599056
Haringey,haringey,2014,Fraud And Forgery,0,E09000014,Haringey,haringey,268439,0.0,0.0
Haringey,haringey,2014,Miscellaneous Crimes Against Society,233,E09000014,Haringey,haringey,268439,0.8679811800818809,86.79811800818808
Haringey,haringey,2014,Possession Of Weapons,130,E09000014,Haringey,haringey,268439,0.48428134511006227,48.42813451100623
Haringey,haringey,2014,Public Order Offences,1050,E09000014,Haringey,haringey,268439,3.911503172042811,391.15031720428107
Haringey,haringey,2014,Robbery,967,E09000014,Haringey,haringey,268439,3.6023081593956165,360.2308159395617
Haringey,haringey,2014,Sexual Offences,427,E09000014,Haringey,haringey,268439,1.590677956630743,159.0677956630743
Haringey,haringey,2014,Theft,5841,E09000014,Haringey,haringey,268439,21.75913335990672,2175.913335990672
Haringey,haringey,2014,Vehicle Offences,3130,E09000014,Haringey,haringey,268439,11.660004693803806,1166.0004693803805
Haringey,haringey,2014,Violence Against The Person,5245,E09000014,Haringey,haringey,268439,19.538889654632897,1953.8889654632897
Haringey,haringey,2015,Arson And Criminal Damage,2083,E09000014,Haringey,haringey,273762,7.608798883701901,760.8798883701902
Haringey,haringey,2015,Burglary,5136,E09000014,Haringey,haringey,273762,18.760821443443575,1876.0821443443574
Haringey,haringey,2015,Drug Offences,1339,E09000014,Haringey,haringey,273762,4.891109796100262,489.1109796100262
Haringey,haringey,2015,Fraud And Forgery,0,E09000014,Haringey,haringey,273762,0.0,0.0
Haringey,haringey,2015,Miscellaneous Crimes Against Society,281,E09000014,Haringey,haringey,273762,1.0264390236775007,102.64390236775009
Haringey,haringey,2015,Possession Of Weapons,202,E09000014,Haringey,haringey,273762,0.7378671985154989,73.78671985154989
Haringey,haringey,2015,Public Order Offences,1246,E09000014,Haringey,haringey,273762,4.551398660150057,455.1398660150057
Haringey,haringey,2015,Robbery,1235,E09000014,Haringey,haringey,273762,4.511217773102183,451.12177731021836
Haringey,haringey,2015,Sexual Offences,513,E09000014,Haringey,haringey,273762,1.8738904595962915,187.38904595962916
Haringey,haringey,2015,Theft,6533,E09000014,Haringey,haringey,273762,23.863794098523535,2386.3794098523535
Haringey,haringey,2015,Vehicle Offences,2856,E09000014,Haringey,haringey,273762,10.432419400793389,1043.241940079339
Haringey,haringey,2015,Violence Against The Person,6316,E09000014,Haringey,haringey,273762,23.07113478130639,2307.113478130639
Haringey,haringey,2016,Arson And Criminal Damage,2174,E09000014,Haringey,haringey,279349,7.7823797471979494,778.2379747197949
Haringey,haringey,2016,Burglary,4946,E09000014,Haringey,haringey,279349,17.705450887599383,1770.5450887599384
Haringey,haringey,2016,Drug Offences,1563,E09000014,Haringey,haringey,279349,5.595151584576999,559.5151584576998
Haringey,haringey,2016,Fraud And Forgery,0,E09000014,Haringey,haringey,279349,0.0,0.0
Haringey,haringey,2016,Miscellaneous Crimes Against Society,343,E09000014,Haringey,haringey,279349,1.2278547623223997,122.78547623223997
Haringey,haringey,2016,Possession Of Weapons,243,E09000014,Haringey,haringey,279349,0.8698796129572686,86.98796129572685
Haringey,haringey,2016,Public Order Offences,1611,E09000014,Haringey,haringey,279349,5.7669796562722615,576.6979656272262
Haringey,haringey,2016,Robbery,1251,E09000014,Haringey,haringey,279349,4.478269118557789,447.8269118557789
Haringey,haringey,2016,Sexual Offences,565,E09000014,Haringey,haringey,279349,2.0225595939129906,202.25595939129906
Haringey,haringey,2016,Theft,7190,E09000014,Haringey,haringey,279349,25.738413239352923,2573.8413239352926
Haringey,haringey,2016,Vehicle Offences,3394,E09000014,Haringey,haringey,279349,12.149676569452549,1214.967656945255
Haringey,haringey,2016,Violence Against The Person,6997,E09000014,Haringey,haringey,279349,25.04752120107822,2504.752120107822
Haringey,haringey,2017,Arson And Criminal Damage,2098,E09000014,Haringey,haringey,282397,7.429257392960974,742.9257392960974
Haringey,haringey,2017,Burglary,4734,E09000014,Haringey,haringey,282397,16.763634174584006,1676.3634174584006
Haringey,haringey,2017,Drug Offences,1357,E09000014,Haringey,haringey,282397,4.80529184091899,480.52918409189897
Haringey,haringey,2017,Fraud And Forgery,0,E09000014,Haringey,haringey,282397,0.0,0.0
Haringey,haringey,2017,Miscellaneous Crimes Against Society,316,E09000014,Haringey,haringey,282397,1.1189920572810617,111.89920572810617
Haringey,haringey,2017,Possession Of Weapons,318,E09000014,Haringey,haringey,282397,1.1260742854917014,112.60742854917014
Haringey,haringey,2017,Public Order Offences,1747,E09000014,Haringey,haringey,282397,6.186326341993718,618.6326341993718
Haringey,haringey,2017,Robbery,1784,E09000014,Haringey,haringey,282397,6.317347563890552,631.7347563890552
Haringey,haringey,2017,Sexual Offences,604,E09000014,Haringey,haringey,282397,2.138832919613169,213.88329196131687
Haringey,haringey,2017,Theft,7713,E09000014,Haringey,haringey,282397,27.31261309433174,2731.261309433174
Haringey,haringey,2017,Vehicle Offences,4114,E09000014,Haringey,haringey,282397,14.568143429285723,1456.8143429285722
Haringey,haringey,2017,Violence Against The Person,7435,E09000014,Haringey,haringey,282397,26.32818337305283,2632.818337305283
Haringey,haringey,2018,Arson And Criminal Damage,2002,E09000014,Haringey,haringey,284288,7.042154434939217,704.2154434939217
Haringey,haringey,2018,Burglary,6360,E09000014,Haringey,haringey,284288,22.371679423683023,2237.1679423683026
Haringey,haringey,2018,Drug Offences,1338,E09000014,Haringey,haringey,284288,4.706494822152184,470.64948221521837
Haringey,haringey,2018,Fraud And Forgery,0,E09000014,Haringey,haringey,284288,0.0,0.0
Haringey,haringey,2018,Miscellaneous Crimes Against Society,367,E09000014,Haringey,haringey,284288,1.2909443944169292,129.09443944169294
Haringey,haringey,2018,Possession Of Weapons,341,E09000014,Haringey,haringey,284288,1.1994878433138225,119.94878433138226
Haringey,haringey,2018,Public Order Offences,1618,E09000014,Haringey,haringey,284288,5.691411526339487,569.1411526339488
Haringey,haringey,2018,Robbery,1813,E09000014,Haringey,haringey,284288,6.377335659612787,637.7335659612787
Haringey,haringey,2018,Sexual Offences,674,E09000014,Haringey,haringey,284288,2.370835209365151,237.0835209365151
Haringey,haringey,2018,Theft,6811,E09000014,Haringey,haringey,284288,23.958098829356146,2395.8098829356145
Haringey,haringey,2018,Vehicle Offences,4746,E09000014,Haringey,haringey,284288,16.694338135974785,1669.4338135974785
Haringey,haringey,2018,Violence Against The Person,7723,E09000014,Haringey,haringey,284288,27.166113237280502,2716.61132372805
Haringey,haringey,2019,Arson And Criminal Damage,1809,E09000014,Haringey,haringey,285949,6.326302942133038,632.6302942133038
Haringey,haringey,2019,Burglary,5660,E09000014,Haringey,haringey,285949,19.79373944304754,1979.3739443047536
Haringey,haringey,2019,Drug Offences,1613,E09000014,Haringey,haringey,285949,5.640866028557539,564.086602855754
Haringey,haringey,2019,Fraud And Forgery,0,E09000014,Haringey,haringey,285949,0.0,0.0
Haringey,haringey,2019,Miscellaneous Crimes Against Society,367,E09000014,Haringey,haringey,285949,1.2834456493990187,128.3445649399019
Haringey,haringey,2019,Possession Of Weapons,292,E09000014,Haringey,haringey,285949,1.0211611161430885,102.11611161430885
Haringey,haringey,2019,Public Order Offences,1670,E09000014,Haringey,haringey,285949,5.840202273832047,584.0202273832048
Haringey,haringey,2019,Robbery,2555,E09000014,Haringey,haringey,285949,8.935159766252024,893.5159766252024
Haringey,haringey,2019,Sexual Offences,645,E09000014,Haringey,haringey,285949,2.255646986001,225.5646986001
Haringey,haringey,2019,Theft,7059,E09000014,Haringey,haringey,285949,24.686220270048157,2468.6220270048157
Haringey,haringey,2019,Vehicle Offences,5381,E09000014,Haringey,haringey,285949,18.818040979335475,1881.8040979335476
Haringey,haringey,2019,Violence Against The Person,7451,E09000014,Haringey,haringey,285949,26.05709409719915,2605.709409719915
Haringey,haringey,2020,Arson And Criminal Damage,1744,E09000014,Haringey,haringey,288913,6.036419268084163,603.6419268084163
Haringey,haringey,2020,Burglary,4002,E09000014,Haringey,haringey,288913,13.8519208204546,1385.19208204546
Haringey,haringey,2020,Drug Offences,1954,E09000014,Haringey,haringey,288913,6.7632816799520965,676.3281679952097
Haringey,haringey,2020,Fraud And Forgery,0,E09000014,Haringey,haringey,288913,0.0,0.0
Haringey,haringey,2020,Miscellaneous Crimes Against Society,348,E09000014,Haringey,haringey,288913,1.2045148539525738,120.4514853952574
Haringey,haringey,2020,Possession Of Weapons,268,E09000014,Haringey,haringey,288913,0.927614887526695,92.7614887526695
Haringey,haringey,2020,Public Order Offences,1689,E09000014,Haringey,haringey,288913,5.846050541166371,584.6050541166371
Haringey,haringey,2020,Robbery,1513,E09000014,Haringey,haringey,288913,5.236870615029439,523.6870615029438
Haringey,haringey,2020,Sexual Offences,652,E09000014,Haringey,haringey,288913,2.2567347263709148,225.67347263709146
Haringey,haringey,2020,Theft,5509,E09000014,Haringey,haringey,288913,19.068023938002096,1906.8023938002095
Haringey,haringey,2020,Vehicle Offences,4904,E09000014,Haringey,haringey,288913,16.973967941906384,1697.3967941906385
Haringey,haringey,2020,Violence Against The Person,7260,E09000014,Haringey,haringey,288913,25.128671953148526,2512.867195314853
Haringey,haringey,2021,Arson And Criminal Damage,1691,E09000014,Haringey,haringey,291330,5.804414238149178,580.4414238149178
Haringey,haringey,2021,Burglary,4456,E09000014,Haringey,haringey,291330,15.29536951223698,1529.5369512236982
Haringey,haringey,2021,Drug Offences,1150,E09000014,Haringey,haringey,291330,3.9474135859678032,394.74135859678034
Haringey,haringey,2021,Fraud And Forgery,0,E09000014,Haringey,haringey,291330,0.0,0.0
Haringey,haringey,2021,Miscellaneous Crimes Against Society,302,E09000014,Haringey,haringey,291330,1.0366251330106753,103.66251330106752
Haringey,haringey,2021,Possession Of Weapons,194,E09000014,Haringey,haringey,291330,0.6659115092850032,66.59115092850033
Haringey,haringey,2021,Public Order Offences,1995,E09000014,Haringey,haringey,291330,6.847904438265884,684.7904438265883
Haringey,haringey,2021,Robbery,1170,E09000014,Haringey,haringey,291330,4.016064257028112,401.6064257028112
Haringey,haringey,2021,Sexual Offences,793,E09000014,Haringey,haringey,291330,2.721999107541276,272.19991075412764
Haringey,haringey,2021,Theft,5709,E09000014,Haringey,haringey,291330,19.596334054165382,1959.6334054165382
Haringey,haringey,2021,Vehicle Offences,5066,E09000014,Haringey,haringey,291330,17.389214979576426,1738.9214979576427
Haringey,haringey,2021,Violence Against The Person,7974,E09000014,Haringey,haringey,291330,27.371022551745444,2737.102255174544
Haringey,haringey,2022,Arson And Criminal Damage,1609,E09000014,Haringey,haringey,293503,5.482056401467788,548.2056401467788
Haringey,haringey,2022,Burglary,3602,E09000014,Haringey,haringey,293503,12.272446959656289,1227.244695965629
Haringey,haringey,2022,Drug Offences,1568,E09000014,Haringey,haringey,293503,5.342364473276253,534.2364473276253
Haringey,haringey,2022,Fraud And Forgery,0,E09000014,Haringey,haringey,293503,0.0,0.0
Haringey,haringey,2022,Miscellaneous Crimes Against Society,324,E09000014,Haringey,haringey,293503,1.1039069447331031,110.39069447331032
Haringey,haringey,2022,Possession Of Weapons,227,E09000014,Haringey,haringey,293503,0.773416285353131,77.34162853531309
Haringey,haringey,2022,Public Order Offences,1870,E09000014,Haringey,haringey,293503,6.371314773613898,637.1314773613898
Haringey,haringey,2022,Robbery,1303,E09000014,Haringey,haringey,293503,4.439477620330968,443.9477620330968
Haringey,haringey,2022,Sexual Offences,755,E09000014,Haringey,haringey,293503,2.572375750844114,257.2375750844114
Haringey,haringey,2022,Theft,6365,E09000014,Haringey,haringey,293503,21.68632007168581,2168.632007168581
Haringey,haringey,2022,Vehicle Offences,4426,E09000014,Haringey,haringey,293503,15.079914004286158,1507.9914004286159
Haringey,haringey,2022,Violence Against The Person,7817,E09000014,Haringey,haringey,293503,26.63345860178601,2663.345860178601
Haringey,haringey,2023,Arson And Criminal Damage,1810,E09000014,Haringey,haringey,295263,6.130128055326946,613.0128055326945
Haringey,haringey,2023,Burglary,2235,E09000014,Haringey,haringey,295263,7.569522764450676,756.9522764450676
Haringey,haringey,2023,Drug Offences,1700,E09000014,Haringey,haringey,295263,5.757578836494921,575.7578836494921
Haringey,haringey,2023,Fraud And Forgery,0,E09000014,Haringey,haringey,295263,0.0,0.0
Haringey,haringey,2023,Miscellaneous Crimes Against Society,314,E09000014,Haringey,haringey,295263,1.063458679211415,106.34586792114149
Haringey,haringey,2023,Possession Of Weapons,259,E09000014,Haringey,haringey,295263,0.8771840697954028,87.71840697954028
Haringey,haringey,2023,Public Order Offences,1875,E09000014,Haringey,haringey,295263,6.350270775545869,635.027077554587
Haringey,haringey,2023,Robbery,1532,E09000014,Haringey,haringey,295263,5.188594575006012,518.8594575006011
Haringey,haringey,2023,Sexual Offences,714,E09000014,Haringey,haringey,295263,2.418183111327867,241.8183111327867
Haringey,haringey,2023,Theft,7790,E09000014,Haringey,haringey,295263,26.383258315467906,2638.3258315467906
Haringey,haringey,2023,Vehicle Offences,4179,E09000014,Haringey,haringey,295263,14.153483504536633,1415.3483504536632
Haringey,haringey,2023,Violence Against The Person,7898,E09000014,Haringey,haringey,295263,26.74903391213935,2674.903391213935
Haringey,haringey,2024,Arson And Criminal Damage,1682,E09000014,Haringey,haringey,296572,5.671472694657621,567.1472694657621
Haringey,haringey,2024,Burglary,1686,E09000014,Haringey,haringey,296572,5.684960144585464,568.4960144585464
Haringey,haringey,2024,Drug Offences,1432,E09000014,Haringey,haringey,296572,4.828507074167487,482.8507074167487
Haringey,haringey,2024,Fraud And Forgery,4,E09000014,Haringey,haringey,296572,0.013487449927842144,1.3487449927842143
Haringey,haringey,2024,Miscellaneous Crimes Against Society,259,E09000014,Haringey,haringey,296572,0.8733123828277787,87.33123828277787
Haringey,haringey,2024,Possession Of Weapons,182,E09000014,Haringey,haringey,296572,0.6136789717168175,61.36789717168175
Haringey,haringey,2024,Public Order Offences,1720,E09000014,Haringey,haringey,296572,5.799603468972121,579.9603468972122
Haringey,haringey,2024,Robbery,1345,E09000014,Haringey,haringey,296572,4.535155038236921,453.51550382369203
Haringey,haringey,2024,Sexual Offences,845,E09000014,Haringey,haringey,296572,2.8492237972566525,284.9223797256653
Haringey,haringey,2024,Theft,8077,E09000014,Haringey,haringey,296572,27.234533266795246,2723.4533266795247
Haringey,haringey,2024,Vehicle Offences,3716,E09000014,Haringey,haringey,296572,12.52984098296535,1252.984098296535
Haringey,haringey,2024,Violence Against The Person,7326,E09000014,Haringey,haringey,296572,24.702264542842883,2470.226454284288
Haringey,haringey,2025,Arson And Criminal Damage,385,E09000014,Haringey,haringey,297410,1.2945092633065467,129.45092633065465
Haringey,haringey,2025,Burglary,383,E09000014,Haringey,haringey,297410,1.287784539860798,128.77845398607982
Haringey,haringey,2025,Drug Offences,524,E09000014,Haringey,haringey,297410,1.761877542786053,176.1877542786053
Haringey,haringey,2025,Fraud And Forgery,1,E09000014,Haringey,haringey,297410,0.0033623617228741467,0.3362361722874147
Haringey,haringey,2025,Miscellaneous Crimes Against Society,99,E09000014,Haringey,haringey,297410,0.3328738105645405,33.28738105645405
Haringey,haringey,2025,Possession Of Weapons,34,E09000014,Haringey,haringey,297410,0.114320298577721,11.432029857772099
Haringey,haringey,2025,Public Order Offences,390,E09000014,Haringey,haringey,297410,1.3113210719209172,131.13210719209172
Haringey,haringey,2025,Robbery,297,E09000014,Haringey,haringey,297410,0.9986214316936217,99.86214316936217
Haringey,haringey,2025,Sexual Offences,224,E09000014,Haringey,haringey,297410,0.753169025923809,75.3169025923809
Haringey,haringey,2025,Theft,1812,E09000014,Haringey,haringey,297410,6.092599441847954,609.2599441847954
Haringey,haringey,2025,Vehicle Offences,794,E09000014,Haringey,haringey,297410,2.6697152079620725,266.97152079620724
Haringey,haringey,2025,Violence Against The Person,1734,E09000014,Haringey,haringey,297410,5.830335227463771,583.0335227463771
Harrow,harrow,2010,Arson And Criminal Damage,1210,E09000015,Harrow,harrow,237451,5.095788183667367,509.57881836673675
Harrow,harrow,2010,Burglary,3502,E09000015,Harrow,harrow,237451,14.74830596628357,1474.830596628357
Harrow,harrow,2010,Drug Offences,682,E09000015,Harrow,harrow,237451,2.872171521703425,287.2171521703425
Harrow,harrow,2010,Fraud And Forgery,497,E09000015,Harrow,harrow,237451,2.0930634109774227,209.30634109774226
Harrow,harrow,2010,Miscellaneous Crimes Against Society,127,E09000015,Harrow,harrow,237451,0.5348471895254179,53.48471895254179
Harrow,harrow,2010,Possession Of Weapons,55,E09000015,Harrow,harrow,237451,0.23162673562124395,23.162673562124397
Harrow,harrow,2010,Public Order Offences,206,E09000015,Harrow,harrow,237451,0.8675474097813864,86.75474097813864
Harrow,harrow,2010,Robbery,324,E09000015,Harrow,harrow,237451,1.3644920425687825,136.44920425687826
Harrow,harrow,2010,Sexual Offences,120,E09000015,Harrow,harrow,237451,0.5053674231736232,50.53674231736232
Harrow,harrow,2010,Theft,2381,E09000015,Harrow,harrow,237451,10.027331954803307,1002.7331954803307
Harrow,harrow,2010,Vehicle Offences,1673,E09000015,Harrow,harrow,237451,7.04566415807893,704.566415807893
Harrow,harrow,2010,Violence Against The Person,2140,E09000015,Harrow,harrow,237451,9.012385713262946,901.2385713262946
Harrow,harrow,2011,Arson And Criminal Damage,1400,E09000015,Harrow,harrow,241063,5.807610458676778,580.7610458676777
Harrow,harrow,2011,Burglary,5166,E09000015,Harrow,harrow,241063,21.43008259251731,2143.008259251731
Harrow,harrow,2011,Drug Offences,688,E09000015,Harrow,harrow,241063,2.8540257111211593,285.40257111211594
Harrow,harrow,2011,Fraud And Forgery,609,E09000015,Harrow,harrow,241063,2.526310549524398,252.63105495243983
Harrow,harrow,2011,Miscellaneous Crimes Against Society,201,E09000015,Harrow,harrow,241063,0.8338069301385945,83.38069301385944
Harrow,harrow,2011,Possession Of Weapons,52,E09000015,Harrow,harrow,241063,0.2157112456079946,21.57112456079946
Harrow,harrow,2011,Public Order Offences,256,E09000015,Harrow,harrow,241063,1.0619630553008965,106.19630553008965
Harrow,harrow,2011,Robbery,633,E09000015,Harrow,harrow,241063,2.625869585958857,262.58695859588573
Harrow,harrow,2011,Sexual Offences,159,E09000015,Harrow,harrow,241063,0.6595786163782912,65.95786163782911
Harrow,harrow,2011,Theft,2734,E09000015,Harrow,harrow,241063,11.341433567158791,1134.1433567158792
Harrow,harrow,2011,Vehicle Offences,1871,E09000015,Harrow,harrow,241063,7.761456548703036,776.1456548703036
Harrow,harrow,2011,Violence Against The Person,2475,E09000015,Harrow,harrow,241063,10.26702563230359,1026.702563230359
Harrow,harrow,2012,Arson And Criminal Damage,1213,E09000015,Harrow,harrow,242941,4.9929818350957635,499.2981835095764
Harrow,harrow,2012,Burglary,5012,E09000015,Harrow,harrow,242941,20.630523460428666,2063.0523460428667
Harrow,harrow,2012,Drug Offences,706,E09000015,Harrow,harrow,242941,2.906055379701244,290.60553797012443
Harrow,harrow,2012,Fraud And Forgery,623,E09000015,Harrow,harrow,242941,2.564408642427585,256.44086424275855
Harrow,harrow,2012,Miscellaneous Crimes Against Society,157,E09000015,Harrow,harrow,242941,0.6462474427947527,64.62474427947527
Harrow,harrow,2012,Possession Of Weapons,61,E09000015,Harrow,harrow,242941,0.251089770767388,25.108977076738796
Harrow,harrow,2012,Public Order Offences,351,E09000015,Harrow,harrow,242941,1.4447952383500522,144.4795238350052
Harrow,harrow,2012,Robbery,649,E09000015,Harrow,harrow,242941,2.6714305119349966,267.1430511934996
Harrow,harrow,2012,Sexual Offences,167,E09000015,Harrow,harrow,242941,0.6874097002976032,68.74097002976032
Harrow,harrow,2012,Theft,2602,E09000015,Harrow,harrow,242941,10.710419402241698,1071.0419402241698
Harrow,harrow,2012,Vehicle Offences,1944,E09000015,Harrow,harrow,242941,8.001942858554134,800.1942858554133
Harrow,harrow,2012,Violence Against The Person,2535,E09000015,Harrow,harrow,242941,10.434632276972598,1043.4632276972598
Harrow,harrow,2013,Arson And Criminal Damage,1094,E09000015,Harrow,harrow,243937,4.484764508869093,448.47645088690933
Harrow,harrow,2013,Burglary,4196,E09000015,Harrow,harrow,243937,17.201162595260254,1720.1162595260253
Harrow,harrow,2013,Drug Offences,899,E09000015,Harrow,harrow,243937,3.685377781968295,368.5377781968295
Harrow,harrow,2013,Fraud And Forgery,88,E09000015,Harrow,harrow,243937,0.3607488818834371,36.074888188343714
Harrow,harrow,2013,Miscellaneous Crimes Against Society,140,E09000015,Harrow,harrow,243937,0.57391867572365,57.391867572364994
Harrow,harrow,2013,Possession Of Weapons,58,E09000015,Harrow,harrow,243937,0.23776630851408354,23.776630851408353
Harrow,harrow,2013,Public Order Offences,416,E09000015,Harrow,harrow,243937,1.7053583507217027,170.53583507217027
Harrow,harrow,2013,Robbery,502,E09000015,Harrow,harrow,243937,2.057908394380516,205.79083943805162
Harrow,harrow,2013,Sexual Offences,201,E09000015,Harrow,harrow,243937,0.8239832415746688,82.39832415746689
Harrow,harrow,2013,Theft,2417,E09000015,Harrow,harrow,243937,9.908295994457585,990.8295994457585
Harrow,harrow,2013,Vehicle Offences,1642,E09000015,Harrow,harrow,243937,6.731246182415952,673.1246182415952
Harrow,harrow,2013,Violence Against The Person,2596,E09000015,Harrow,harrow,243937,10.642092015561396,1064.2092015561395
Harrow,harrow,2014,Arson And Criminal Damage,1137,E09000015,Harrow,harrow,246575,4.6111730710737096,461.117307107371
Harrow,harrow,2014,Burglary,3664,E09000015,Harrow,harrow,246575,14.859576193855824,1485.9576193855826
Harrow,harrow,2014,Drug Offences,938,E09000015,Harrow,harrow,246575,3.8041163946061034,380.4116394606104
Harrow,harrow,2014,Fraud And Forgery,0,E09000015,Harrow,harrow,246575,0.0,0.0
Harrow,harrow,2014,Miscellaneous Crimes Against Society,140,E09000015,Harrow,harrow,246575,0.5677785663591199,56.777856635912
Harrow,harrow,2014,Possession Of Weapons,63,E09000015,Harrow,harrow,246575,0.255500354861604,25.5500354861604
Harrow,harrow,2014,Public Order Offences,531,E09000015,Harrow,harrow,246575,2.1535029909763765,215.35029909763765
Harrow,harrow,2014,Robbery,305,E09000015,Harrow,harrow,246575,1.2369461624252256,123.69461624252257
Harrow,harrow,2014,Sexual Offences,236,E09000015,Harrow,harrow,246575,0.957112440433945,95.7112440433945
Harrow,harrow,2014,Theft,2504,E09000015,Harrow,harrow,246575,10.155125215451688,1015.5125215451689
Harrow,harrow,2014,Vehicle Offences,1488,E09000015,Harrow,harrow,246575,6.034675048159789,603.4675048159789
Harrow,harrow,2014,Violence Against The Person,2945,E09000015,Harrow,harrow,246575,11.943627699482915,1194.3627699482915
Harrow,harrow,2015,Arson And Criminal Damage,1129,E09000015,Harrow,harrow,247694,4.558043392250115,455.80433922501146
Harrow,harrow,2015,Burglary,3344,E09000015,Harrow,harrow,247694,13.500528878374123,1350.0528878374123
Harrow,harrow,2015,Drug Offences,623,E09000015,Harrow,harrow,247694,2.515200206706662,251.5200206706662
Harrow,harrow,2015,Fraud And Forgery,0,E09000015,Harrow,harrow,247694,0.0,0.0
Harrow,harrow,2015,Miscellaneous Crimes Against Society,164,E09000015,Harrow,harrow,247694,0.6621072775279175,66.21072775279175
Harrow,harrow,2015,Possession Of Weapons,82,E09000015,Harrow,harrow,247694,0.33105363876395877,33.10536387639588
Harrow,harrow,2015,Public Order Offences,615,E09000015,Harrow,harrow,247694,2.4829022907296907,248.29022907296908
Harrow,harrow,2015,Robbery,311,E09000015,Harrow,harrow,247694,1.2555814836047703,125.55814836047703
Harrow,harrow,2015,Sexual Offences,245,E09000015,Harrow,harrow,247694,0.9891236767947548,98.91236767947548
Harrow,harrow,2015,Theft,2815,E09000015,Harrow,harrow,247694,11.364829184396877,1136.4829184396876
Harrow,harrow,2015,Vehicle Offences,1615,E09000015,Harrow,harrow,247694,6.520141787851139,652.0141787851138
Harrow,harrow,2015,Violence Against The Person,3578,E09000015,Harrow,harrow,247694,14.445242920700542,1444.5242920700543
Harrow,harrow,2016,Arson And Criminal Damage,1160,E09000015,Harrow,harrow,249316,4.652729868921369,465.27298689213694
Harrow,harrow,2016,Burglary,3990,E09000015,Harrow,harrow,249316,16.003786359479534,1600.3786359479536
Harrow,harrow,2016,Drug Offences,482,E09000015,Harrow,harrow,249316,1.9332894800173275,193.32894800173275
Harrow,harrow,2016,Fraud And Forgery,0,E09000015,Harrow,harrow,249316,0.0,0.0
Harrow,harrow,2016,Miscellaneous Crimes Against Society,215,E09000015,Harrow,harrow,249316,0.8623594153604262,86.23594153604262
Harrow,harrow,2016,Possession Of Weapons,64,E09000015,Harrow,harrow,249316,0.25670233759566174,25.670233759566173
Harrow,harrow,2016,Public Order Offences,585,E09000015,Harrow,harrow,249316,2.3464198045853455,234.64198045853456
Harrow,harrow,2016,Robbery,378,E09000015,Harrow,harrow,249316,1.5161481814243771,151.6148181424377
Harrow,harrow,2016,Sexual Offences,273,E09000015,Harrow,harrow,249316,1.0949959088064944,109.49959088064945
Harrow,harrow,2016,Theft,2978,E09000015,Harrow,harrow,249316,11.944680646248134,1194.4680646248135
Harrow,harrow,2016,Vehicle Offences,1573,E09000015,Harrow,harrow,249316,6.309262141218373,630.9262141218373
Harrow,harrow,2016,Violence Against The Person,3738,E09000015,Harrow,harrow,249316,14.993020905196618,1499.3020905196618
Harrow,harrow,2017,Arson And Criminal Damage,1093,E09000015,Harrow,harrow,252052,4.336406773205529,433.6406773205529
Harrow,harrow,2017,Burglary,4102,E09000015,Harrow,harrow,252052,16.274419564216906,1627.4419564216907
Harrow,harrow,2017,Drug Offences,515,E09000015,Harrow,harrow,252052,2.043229174932157,204.3229174932157
Harrow,harrow,2017,Fraud And Forgery,0,E09000015,Harrow,harrow,252052,0.0,0.0
Harrow,harrow,2017,Miscellaneous Crimes Against Society,175,E09000015,Harrow,harrow,252052,0.6943011759478203,69.43011759478203
Harrow,harrow,2017,Possession Of Weapons,117,E09000015,Harrow,harrow,252052,0.464189929062257,46.4189929062257
Harrow,harrow,2017,Public Order Offences,664,E09000015,Harrow,harrow,252052,2.634377033310587,263.4377033310587
Harrow,harrow,2017,Robbery,310,E09000015,Harrow,harrow,252052,1.2299049402504245,122.99049402504247
Harrow,harrow,2017,Sexual Offences,320,E09000015,Harrow,harrow,252052,1.2695792931617285,126.95792931617285
Harrow,harrow,2017,Theft,2639,E09000015,Harrow,harrow,252052,10.47006173329313,1047.006173329313
Harrow,harrow,2017,Vehicle Offences,1926,E09000015,Harrow,harrow,252052,7.641280370717153,764.1280370717153
Harrow,harrow,2017,Violence Against The Person,3959,E09000015,Harrow,harrow,252052,15.70707631758526,1570.707631758526
Harrow,harrow,2018,Arson And Criminal Damage,1043,E09000015,Harrow,harrow,255369,4.084285876515944,408.4285876515944
Harrow,harrow,2018,Burglary,3878,E09000015,Harrow,harrow,255369,15.185868292549214,1518.5868292549214
Harrow,harrow,2018,Drug Offences,591,E09000015,Harrow,harrow,255369,2.314298133289475,231.42981332894752
Harrow,harrow,2018,Fraud And Forgery,0,E09000015,Harrow,harrow,255369,0.0,0.0
Harrow,harrow,2018,Miscellaneous Crimes Against Society,188,E09000015,Harrow,harrow,255369,0.7361895923154337,73.61895923154337
Harrow,harrow,2018,Possession Of Weapons,100,E09000015,Harrow,harrow,255369,0.3915902086784222,39.159020867842216
Harrow,harrow,2018,Public Order Offences,839,E09000015,Harrow,harrow,255369,3.2854418508119623,328.5441850811962
Harrow,harrow,2018,Robbery,363,E09000015,Harrow,harrow,255369,1.4214724575026727,142.14724575026727
Harrow,harrow,2018,Sexual Offences,294,E09000015,Harrow,harrow,255369,1.1512752135145612,115.12752135145612
Harrow,harrow,2018,Theft,3026,E09000015,Harrow,harrow,255369,11.849519714609055,1184.9519714609055
Harrow,harrow,2018,Vehicle Offences,2019,E09000015,Harrow,harrow,255369,7.9062063132173455,790.6206313217345
Harrow,harrow,2018,Violence Against The Person,4241,E09000015,Harrow,harrow,255369,16.607340750051886,1660.7340750051887
Harrow,harrow,2019,Arson And Criminal Damage,1090,E09000015,Harrow,harrow,258861,4.210754034018256,421.07540340182567
Harrow,harrow,2019,Burglary,4116,E09000015,Harrow,harrow,258861,15.900425324788205,1590.0425324788207
Harrow,harrow,2019,Drug Offences,807,E09000015,Harrow,harrow,258861,3.117503216011682,311.7503216011682
Harrow,harrow,2019,Fraud And Forgery,0,E09000015,Harrow,harrow,258861,0.0,0.0
Harrow,harrow,2019,Miscellaneous Crimes Against Society,187,E09000015,Harrow,harrow,258861,0.722395416845334,72.23954168453339
Harrow,harrow,2019,Possession Of Weapons,92,E09000015,Harrow,harrow,258861,0.3554030927795226,35.54030927795226
Harrow,harrow,2019,Public Order Offences,843,E09000015,Harrow,harrow,258861,3.2565739914471474,325.65739914471476
Harrow,harrow,2019,Robbery,626,E09000015,Harrow,harrow,258861,2.418286261738926,241.82862617389256
Harrow,harrow,2019,Sexual Offences,330,E09000015,Harrow,harrow,258861,1.2748154414917658,127.48154414917657
Harrow,harrow,2019,Theft,3490,E09000015,Harrow,harrow,258861,13.482139063049281,1348.213906304928
Harrow,harrow,2019,Vehicle Offences,2824,E09000015,Harrow,harrow,258861,10.909329717493172,1090.9329717493172
Harrow,harrow,2019,Violence Against The Person,4521,E09000015,Harrow,harrow,258861,17.46497154843719,1746.497154843719
Harrow,harrow,2020,Arson And Criminal Damage,948,E09000015,Harrow,harrow,261348,3.627347444786262,362.7347444786262
Harrow,harrow,2020,Burglary,2670,E09000015,Harrow,harrow,261348,10.216263372973966,1021.6263372973966
Harrow,harrow,2020,Drug Offences,1078,E09000015,Harrow,harrow,261348,4.124768507889863,412.4768507889863
Harrow,harrow,2020,Fraud And Forgery,0,E09000015,Harrow,harrow,261348,0.0,0.0
Harrow,harrow,2020,Miscellaneous Crimes Against Society,225,E09000015,Harrow,harrow,261348,0.860921070756233,86.0921070756233
Harrow,harrow,2020,Possession Of Weapons,110,E09000015,Harrow,harrow,261348,0.42089474570304725,42.08947457030472
Harrow,harrow,2020,Public Order Offences,963,E09000015,Harrow,harrow,261348,3.6847421828366778,368.47421828366777
Harrow,harrow,2020,Robbery,502,E09000015,Harrow,harrow,261348,1.9208105667539066,192.08105667539067
Harrow,harrow,2020,Sexual Offences,304,E09000015,Harrow,harrow,261348,1.1632000244884215,116.32000244884216
Harrow,harrow,2020,Theft,2333,E09000015,Harrow,harrow,261348,8.92679492477463,892.679492477463
Harrow,harrow,2020,Vehicle Offences,2939,E09000015,Harrow,harrow,261348,11.245542342011419,1124.5542342011418
Harrow,harrow,2020,Violence Against The Person,4413,E09000015,Harrow,harrow,261348,16.88553193443225,1688.5531934432252
Harrow,harrow,2021,Arson And Criminal Damage,942,E09000015,Harrow,harrow,263484,3.575169649770005,357.5169649770005
Harrow,harrow,2021,Burglary,2154,E09000015,Harrow,harrow,263484,8.175069453932686,817.5069453932687
Harrow,harrow,2021,Drug Offences,917,E09000015,Harrow,harrow,263484,3.480287228066979,348.02872280669794
Harrow,harrow,2021,Fraud And Forgery,0,E09000015,Harrow,harrow,263484,0.0,0.0
Harrow,harrow,2021,Miscellaneous Crimes Against Society,211,E09000015,Harrow,harrow,263484,0.8008076391735363,80.08076391735362
Harrow,harrow,2021,Possession Of Weapons,86,E09000015,Harrow,harrow,263484,0.3263955306584081,32.63955306584081
Harrow,harrow,2021,Public Order Offences,991,E09000015,Harrow,harrow,263484,3.7611391963079353,376.11391963079353
Harrow,harrow,2021,Robbery,298,E09000015,Harrow,harrow,263484,1.1309984667000654,113.09984667000653
Harrow,harrow,2021,Sexual Offences,426,E09000015,Harrow,harrow,263484,1.6167964658195564,161.67964658195564
Harrow,harrow,2021,Theft,2618,E09000015,Harrow,harrow,263484,9.936087200740841,993.6087200740842
Harrow,harrow,2021,Vehicle Offences,2488,E09000015,Harrow,harrow,263484,9.442698607885108,944.2698607885108
Harrow,harrow,2021,Violence Against The Person,4640,E09000015,Harrow,harrow,263484,17.610177468081552,1761.0177468081554
Harrow,harrow,2022,Arson And Criminal Damage,1026,E09000015,Harrow,harrow,265449,3.865149237706678,386.5149237706678
Harrow,harrow,2022,Burglary,2112,E09000015,Harrow,harrow,265449,7.956330594577489,795.6330594577489
Harrow,harrow,2022,Drug Offences,698,E09000015,Harrow,harrow,265449,2.629506986276083,262.9506986276083
Harrow,harrow,2022,Fraud And Forgery,0,E09000015,Harrow,harrow,265449,0.0,0.0
Harrow,harrow,2022,Miscellaneous Crimes Against Society,245,E09000015,Harrow,harrow,265449,0.9229644865868774,92.29644865868774
Harrow,harrow,2022,Possession Of Weapons,92,E09000015,Harrow,harrow,265449,0.34658258271833764,34.65825827183376
Harrow,harrow,2022,Public Order Offences,959,E09000015,Harrow,harrow,265449,3.6127467046400628,361.2746704640063
Harrow,harrow,2022,Robbery,423,E09000015,Harrow,harrow,265449,1.5935264401071392,159.3526440107139
Harrow,harrow,2022,Sexual Offences,400,E09000015,Harrow,harrow,265449,1.5068807944275548,150.68807944275548
Harrow,harrow,2022,Theft,2926,E09000015,Harrow,harrow,265449,11.022833011237564,1102.2833011237565
Harrow,harrow,2022,Vehicle Offences,2460,E09000015,Harrow,harrow,265449,9.26731688572946,926.7316885729462
Harrow,harrow,2022,Violence Against The Person,4782,E09000015,Harrow,harrow,265449,18.014759897381417,1801.4759897381418
Harrow,harrow,2023,Arson And Criminal Damage,1007,E09000015,Harrow,harrow,267120,3.7698412698412698,376.984126984127
Harrow,harrow,2023,Burglary,1482,E09000015,Harrow,harrow,267120,5.548068283917341,554.806828391734
Harrow,harrow,2023,Drug Offences,607,E09000015,Harrow,harrow,267120,2.272386942198263,227.2386942198263
Harrow,harrow,2023,Fraud And Forgery,0,E09000015,Harrow,harrow,267120,0.0,0.0
Harrow,harrow,2023,Miscellaneous Crimes Against Society,207,E09000015,Harrow,harrow,267120,0.7749326145552561,77.49326145552561
Harrow,harrow,2023,Possession Of Weapons,93,E09000015,Harrow,harrow,267120,0.3481581311769991,34.81581311769991
Harrow,harrow,2023,Public Order Offences,1038,E09000015,Harrow,harrow,267120,3.8858939802336026,388.5893980233603
Harrow,harrow,2023,Robbery,401,E09000015,Harrow,harrow,267120,1.5011979634621144,150.11979634621144
Harrow,harrow,2023,Sexual Offences,364,E09000015,Harrow,harrow,267120,1.3626834381551363,136.26834381551362
Harrow,harrow,2023,Theft,3321,E09000015,Harrow,harrow,267120,12.432614555256064,1243.2614555256064
Harrow,harrow,2023,Vehicle Offences,2499,E09000015,Harrow,harrow,267120,9.355345911949685,935.5345911949685
Harrow,harrow,2023,Violence Against The Person,4723,E09000015,Harrow,harrow,267120,17.681191973644804,1768.1191973644802
Harrow,harrow,2024,Arson And Criminal Damage,994,E09000015,Harrow,harrow,268448,3.70276552628442,370.276552628442
Harrow,harrow,2024,Burglary,1129,E09000015,Harrow,harrow,268448,4.205656216473954,420.56562164739535
Harrow,harrow,2024,Drug Offences,616,E09000015,Harrow,harrow,268448,2.2946715937537254,229.46715937537252
Harrow,harrow,2024,Fraud And Forgery,3,E09000015,Harrow,harrow,268448,0.011175348670878531,1.117534867087853
Harrow,harrow,2024,Miscellaneous Crimes Against Society,215,E09000015,Harrow,harrow,268448,0.8008999880796281,80.08999880796281
Harrow,harrow,2024,Possession Of Weapons,80,E09000015,Harrow,harrow,268448,0.29800929789009417,29.800929789009416
Harrow,harrow,2024,Public Order Offences,1039,E09000015,Harrow,harrow,268448,3.8703957563475977,387.0395756347598
Harrow,harrow,2024,Robbery,499,E09000015,Harrow,harrow,268448,1.8588329955894625,185.88329955894625
Harrow,harrow,2024,Sexual Offences,439,E09000015,Harrow,harrow,268448,1.6353260221718917,163.53260221718918
Harrow,harrow,2024,Theft,4505,E09000015,Harrow,harrow,268448,16.781648587435928,1678.164858743593
Harrow,harrow,2024,Vehicle Offences,2187,E09000015,Harrow,harrow,268448,8.14682918107045,814.682918107045
Harrow,harrow,2024,Violence Against The Person,4828,E09000015,Harrow,harrow,268448,17.984861127667184,1798.4861127667184
Harrow,harrow,2025,Arson And Criminal Damage,210,E09000015,Harrow,harrow,269422,0.7794463703780686,77.94463703780687
Harrow,harrow,2025,Burglary,340,E09000015,Harrow,harrow,269422,1.2619607901359207,126.19607901359205
Harrow,harrow,2025,Drug Offences,195,E09000015,Harrow,harrow,269422,0.723771629636778,72.37716296367779
Harrow,harrow,2025,Fraud And Forgery,1,E09000015,Harrow,harrow,269422,0.0037116493827527076,0.37116493827527075
Harrow,harrow,2025,Miscellaneous Crimes Against Society,47,E09000015,Harrow,harrow,269422,0.17444752098937724,17.444752098937727
Harrow,harrow,2025,Possession Of Weapons,11,E09000015,Harrow,harrow,269422,0.040828143210279784,4.082814321027978
Harrow,harrow,2025,Public Order Offences,185,E09000015,Harrow,harrow,269422,0.6866551358092509,68.6655135809251
Harrow,harrow,2025,Robbery,133,E09000015,Harrow,harrow,269422,0.4936493679061101,49.364936790611004
Harrow,harrow,2025,Sexual Offences,113,E09000015,Harrow,harrow,269422,0.41941638025105593,41.9416380251056
Harrow,harrow,2025,Theft,1046,E09000015,Harrow,harrow,269422,3.882385254359332,388.23852543593324
Harrow,harrow,2025,Vehicle Offences,393,E09000015,Harrow,harrow,269422,1.458678207421814,145.8678207421814
Harrow,harrow,2025,Violence Against The Person,1120,E09000015,Harrow,harrow,269422,4.157047308683032,415.7047308683033
Havering,havering,2010,Arson And Criminal Damage,1628,E09000016,Havering,havering,236234,6.891472015035939,689.1472015035939
Havering,havering,2010,Burglary,3098,E09000016,Havering,havering,236234,13.114115664976252,1311.4115664976252
Havering,havering,2010,Drug Offences,842,E09000016,Havering,havering,236234,3.5642625532311185,356.42625532311183
Havering,havering,2010,Fraud And Forgery,216,E09000016,Havering,havering,236234,0.9143476383585767,91.43476383585767
Havering,havering,2010,Miscellaneous Crimes Against Society,124,E09000016,Havering,havering,236234,0.5249032738725162,52.49032738725162
Havering,havering,2010,Possession Of Weapons,62,E09000016,Havering,havering,236234,0.2624516369362581,26.24516369362581
Havering,havering,2010,Public Order Offences,233,E09000016,Havering,havering,236234,0.9863101839701313,98.63101839701312
Havering,havering,2010,Robbery,272,E09000016,Havering,havering,236234,1.1514007297848743,115.14007297848744
Havering,havering,2010,Sexual Offences,155,E09000016,Havering,havering,236234,0.6561290923406453,65.61290923406453
Havering,havering,2010,Theft,3156,E09000016,Havering,havering,236234,13.359634938239203,1335.9634938239203
Havering,havering,2010,Vehicle Offences,1974,E09000016,Havering,havering,236234,8.356121472776993,835.6121472776993
Havering,havering,2010,Violence Against The Person,2343,E09000016,Havering,havering,236234,9.918132021639561,991.8132021639561
Havering,havering,2011,Arson And Criminal Damage,1801,E09000016,Havering,havering,238281,7.558303011990045,755.8303011990045
Havering,havering,2011,Burglary,5636,E09000016,Havering,havering,238281,23.65274612747135,2365.274612747135
Havering,havering,2011,Drug Offences,1053,E09000016,Havering,havering,238281,4.419152177471137,441.9152177471137
Havering,havering,2011,Fraud And Forgery,313,E09000016,Havering,havering,238281,1.3135751486690086,131.35751486690086
Havering,havering,2011,Miscellaneous Crimes Against Society,185,E09000016,Havering,havering,238281,0.7763942572005321,77.63942572005321
Havering,havering,2011,Possession Of Weapons,93,E09000016,Havering,havering,238281,0.3902954914575648,39.029549145756484
Havering,havering,2011,Public Order Offences,326,E09000016,Havering,havering,238281,1.3681325829587756,136.81325829587757
Havering,havering,2011,Robbery,468,E09000016,Havering,havering,238281,1.9640676344316166,196.40676344316165
Havering,havering,2011,Sexual Offences,197,E09000016,Havering,havering,238281,0.8267549657757017,82.67549657757017
Havering,havering,2011,Theft,4454,E09000016,Havering,havering,238281,18.692216332817136,1869.2216332817136
Havering,havering,2011,Vehicle Offences,2508,E09000016,Havering,havering,238281,10.525388092210457,1052.5388092210458
Havering,havering,2011,Violence Against The Person,2768,E09000016,Havering,havering,238281,11.6165367780058,1161.65367780058
Havering,havering,2012,Arson And Criminal Damage,1545,E09000016,Havering,havering,240087,6.435167251871197,643.5167251871197
Havering,havering,2012,Burglary,5624,E09000016,Havering,havering,240087,23.42484182817062,2342.484182817062
Havering,havering,2012,Drug Offences,1046,E09000016,Havering,havering,240087,4.356754010004706,435.67540100047063
Havering,havering,2012,Fraud And Forgery,472,E09000016,Havering,havering,240087,1.9659540083386438,196.59540083386437
Havering,havering,2012,Miscellaneous Crimes Against Society,168,E09000016,Havering,havering,240087,0.6997463419510428,69.97463419510427
Havering,havering,2012,Possession Of Weapons,96,E09000016,Havering,havering,240087,0.399855052543453,39.9855052543453
Havering,havering,2012,Public Order Offences,462,E09000016,Havering,havering,240087,1.9243024403653675,192.43024403653675
Havering,havering,2012,Robbery,421,E09000016,Havering,havering,240087,1.7535310116749345,175.35310116749343
Havering,havering,2012,Sexual Offences,168,E09000016,Havering,havering,240087,0.6997463419510428,69.97463419510427
Havering,havering,2012,Theft,3800,E09000016,Havering,havering,240087,15.827595829845016,1582.7595829845015
Havering,havering,2012,Vehicle Offences,2682,E09000016,Havering,havering,240087,11.170950530432718,1117.0950530432717
Havering,havering,2012,Violence Against The Person,2761,E09000016,Havering,havering,240087,11.499997917421602,1149.9997917421601
Havering,havering,2013,Arson And Criminal Damage,1450,E09000016,Havering,havering,242434,5.981009264377109,598.1009264377109
Havering,havering,2013,Burglary,4960,E09000016,Havering,havering,242434,20.459176518145142,2045.9176518145143
Havering,havering,2013,Drug Offences,1011,E09000016,Havering,havering,242434,4.1702071491622466,417.0207149162246
Havering,havering,2013,Fraud And Forgery,39,E09000016,Havering,havering,242434,0.16086852504186708,16.08685250418671
Havering,havering,2013,Miscellaneous Crimes Against Society,165,E09000016,Havering,havering,242434,0.6805976059463607,68.05976059463607
Havering,havering,2013,Possession Of Weapons,91,E09000016,Havering,havering,242434,0.3753598917643565,37.53598917643565
Havering,havering,2013,Public Order Offences,520,E09000016,Havering,havering,242434,2.1449136672248943,214.49136672248943
Havering,havering,2013,Robbery,287,E09000016,Havering,havering,242434,1.1838273509491244,118.38273509491243
Havering,havering,2013,Sexual Offences,187,E09000016,Havering,havering,242434,0.7713439534058754,77.13439534058753
Havering,havering,2013,Theft,3674,E09000016,Havering,havering,242434,15.154640025738964,1515.4640025738963
Havering,havering,2013,Vehicle Offences,2605,E09000016,Havering,havering,242434,10.745192506001633,1074.5192506001633
Havering,havering,2013,Violence Against The Person,2717,E09000016,Havering,havering,242434,11.207173911250072,1120.7173911250072
Havering,havering,2014,Arson And Criminal Damage,1516,E09000016,Havering,havering,246328,6.1543957649962655,615.4395764996265
Havering,havering,2014,Burglary,4210,E09000016,Havering,havering,246328,17.091033094085937,1709.1033094085935
Havering,havering,2014,Drug Offences,753,E09000016,Havering,havering,246328,3.056899743431522,305.6899743431522
Havering,havering,2014,Fraud And Forgery,0,E09000016,Havering,havering,246328,0.0,0.0
Havering,havering,2014,Miscellaneous Crimes Against Society,188,E09000016,Havering,havering,246328,0.76321002890455,76.321002890455
Havering,havering,2014,Possession Of Weapons,86,E09000016,Havering,havering,246328,0.3491279919456984,34.91279919456984
Havering,havering,2014,Public Order Offences,682,E09000016,Havering,havering,246328,2.768666168685655,276.8666168685655
Havering,havering,2014,Robbery,284,E09000016,Havering,havering,246328,1.1529342989834692,115.29342989834693
Havering,havering,2014,Sexual Offences,476,E09000016,Havering,havering,246328,1.9323828391413076,193.23828391413076
Havering,havering,2014,Theft,3656,E09000016,Havering,havering,246328,14.841999285505505,1484.1999285505503
Havering,havering,2014,Vehicle Offences,2081,E09000016,Havering,havering,246328,8.448085479523238,844.8085479523238
Havering,havering,2014,Violence Against The Person,3311,E09000016,Havering,havering,246328,13.44142768990939,1344.142768990939
Havering,havering,2015,Arson And Criminal Damage,1612,E09000016,Havering,havering,249439,6.462501854160736,646.2501854160737
Havering,havering,2015,Burglary,3882,E09000016,Havering,havering,249439,15.562923199660037,1556.2923199660038
Havering,havering,2015,Drug Offences,707,E09000016,Havering,havering,249439,2.8343603045233503,283.43603045233505
Havering,havering,2015,Fraud And Forgery,0,E09000016,Havering,havering,249439,0.0,0.0
Havering,havering,2015,Miscellaneous Crimes Against Society,212,E09000016,Havering,havering,249439,0.8499071917382607,84.99071917382607
Havering,havering,2015,Possession Of Weapons,90,E09000016,Havering,havering,249439,0.3608096568700163,36.08096568700163
Havering,havering,2015,Public Order Offences,883,E09000016,Havering,havering,249439,3.5399436335136047,353.99436335136045
Havering,havering,2015,Robbery,323,E09000016,Havering,havering,249439,1.2949057685446141,129.4905768544614
Havering,havering,2015,Sexual Offences,365,E09000016,Havering,havering,249439,1.4632836084172884,146.32836084172885
Havering,havering,2015,Theft,3779,E09000016,Havering,havering,249439,15.14999659235324,1514.999659235324
Havering,havering,2015,Vehicle Offences,2086,E09000016,Havering,havering,249439,8.362766047009488,836.276604700949
Havering,havering,2015,Violence Against The Person,4214,E09000016,Havering,havering,249439,16.893909933891653,1689.3909933891653
Havering,havering,2016,Arson And Criminal Damage,1739,E09000016,Havering,havering,253137,6.869797777488079,686.9797777488079
Havering,havering,2016,Burglary,3656,E09000016,Havering,havering,253137,14.442772095742622,1444.277209574262
Havering,havering,2016,Drug Offences,727,E09000016,Havering,havering,253137,2.871962613130439,287.1962613130439
Havering,havering,2016,Fraud And Forgery,0,E09000016,Havering,havering,253137,0.0,0.0
Havering,havering,2016,Miscellaneous Crimes Against Society,255,E09000016,Havering,havering,253137,1.007359651098022,100.73596510980221
Havering,havering,2016,Possession Of Weapons,113,E09000016,Havering,havering,253137,0.4463985904865745,44.63985904865745
Havering,havering,2016,Public Order Offences,963,E09000016,Havering,havering,253137,3.8042640941466477,380.42640941466476
Havering,havering,2016,Robbery,311,E09000016,Havering,havering,253137,1.2285837313391563,122.85837313391562
Havering,havering,2016,Sexual Offences,332,E09000016,Havering,havering,253137,1.3115427614295816,131.15427614295817
Havering,havering,2016,Theft,3910,E09000016,Havering,havering,253137,15.446181316836338,1544.618131683634
Havering,havering,2016,Vehicle Offences,2033,E09000016,Havering,havering,253137,8.031224198754034,803.1224198754034
Havering,havering,2016,Violence Against The Person,5039,E09000016,Havering,havering,253137,19.906216791697776,1990.6216791697777
Havering,havering,2017,Arson And Criminal Damage,1764,E09000016,Havering,havering,256162,6.886267283984354,688.6267283984354
Havering,havering,2017,Burglary,4512,E09000016,Havering,havering,256162,17.61385373318447,1761.385373318447
Havering,havering,2017,Drug Offences,518,E09000016,Havering,havering,256162,2.0221578532335003,202.21578532335005
Havering,havering,2017,Fraud And Forgery,0,E09000016,Havering,havering,256162,0.0,0.0
Havering,havering,2017,Miscellaneous Crimes Against Society,248,E09000016,Havering,havering,256162,0.9681373505828343,96.81373505828344
Havering,havering,2017,Possession Of Weapons,137,E09000016,Havering,havering,256162,0.5348178106042271,53.4817810604227
Havering,havering,2017,Public Order Offences,998,E09000016,Havering,havering,256162,3.8959720801680184,389.59720801680186
Havering,havering,2017,Robbery,614,E09000016,Havering,havering,256162,2.3969206986204044,239.69206986204046
Havering,havering,2017,Sexual Offences,420,E09000016,Havering,havering,256162,1.6395874485677033,163.95874485677032
Havering,havering,2017,Theft,4043,E09000016,Havering,havering,256162,15.782981082283868,1578.2981082283868
Havering,havering,2017,Vehicle Offences,2577,E09000016,Havering,havering,256162,10.060040130854693,1006.0040130854693
Havering,havering,2017,Violence Against The Person,4960,E09000016,Havering,havering,256162,19.362747011656687,1936.2747011656686
Havering,havering,2018,Arson And Criminal Damage,1433,E09000016,Havering,havering,257511,5.564810823615302,556.4810823615302
Havering,havering,2018,Burglary,3898,E09000016,Havering,havering,257511,15.137217439255023,1513.7217439255023
Havering,havering,2018,Drug Offences,532,E09000016,Havering,havering,257511,2.065931164105611,206.5931164105611
Havering,havering,2018,Fraud And Forgery,0,E09000016,Havering,havering,257511,0.0,0.0
Havering,havering,2018,Miscellaneous Crimes Against Society,225,E09000016,Havering,havering,257511,0.8737490825634633,87.37490825634633
Havering,havering,2018,Possession Of Weapons,173,E09000016,Havering,havering,257511,0.6718159612599074,67.18159612599074
Havering,havering,2018,Public Order Offences,1047,E09000016,Havering,havering,257511,4.065845730861982,406.58457308619825
Havering,havering,2018,Robbery,670,E09000016,Havering,havering,257511,2.601830601411202,260.1830601411202
Havering,havering,2018,Sexual Offences,410,E09000016,Havering,havering,257511,1.592164994893422,159.2164994893422
Havering,havering,2018,Theft,3768,E09000016,Havering,havering,257511,14.632384635996132,1463.2384635996132
Havering,havering,2018,Vehicle Offences,2891,E09000016,Havering,havering,257511,11.226704878626544,1122.6704878626545
Havering,havering,2018,Violence Against The Person,5303,E09000016,Havering,havering,257511,20.593295043706874,2059.329504370687
Havering,havering,2019,Arson And Criminal Damage,1327,E09000016,Havering,havering,258655,5.13038603545263,513.0386035452631
Havering,havering,2019,Burglary,3770,E09000016,Havering,havering,258655,14.575399663644623,1457.5399663644623
Havering,havering,2019,Drug Offences,739,E09000016,Havering,havering,258655,2.857087626374901,285.7087626374901
Havering,havering,2019,Fraud And Forgery,0,E09000016,Havering,havering,258655,0.0,0.0
Havering,havering,2019,Miscellaneous Crimes Against Society,271,E09000016,Havering,havering,258655,1.0477276681293615,104.77276681293615
Havering,havering,2019,Possession Of Weapons,166,E09000016,Havering,havering,258655,0.6417815236511957,64.17815236511957
Havering,havering,2019,Public Order Offences,1066,E09000016,Havering,havering,258655,4.1213199048926175,412.13199048926174
Havering,havering,2019,Robbery,676,E09000016,Havering,havering,258655,2.6135199396880013,261.3519939688001
Havering,havering,2019,Sexual Offences,459,E09000016,Havering,havering,258655,1.774564574433125,177.4564574433125
Havering,havering,2019,Theft,3961,E09000016,Havering,havering,258655,15.313835031219192,1531.3835031219191
Havering,havering,2019,Vehicle Offences,2912,E09000016,Havering,havering,258655,11.258239740194467,1125.8239740194467
Havering,havering,2019,Violence Against The Person,5387,E09000016,Havering,havering,258655,20.826970288608376,2082.6970288608377
Havering,havering,2020,Arson And Criminal Damage,1097,E09000016,Havering,havering,261830,4.189741435282436,418.97414352824353
Havering,havering,2020,Burglary,2524,E09000016,Havering,havering,261830,9.639842645991674,963.9842645991674
Havering,havering,2020,Drug Offences,1163,E09000016,Havering,havering,261830,4.441813390367796,444.18133903677955
Havering,havering,2020,Fraud And Forgery,0,E09000016,Havering,havering,261830,0.0,0.0
Havering,havering,2020,Miscellaneous Crimes Against Society,286,E09000016,Havering,havering,261830,1.0923118053698966,109.23118053698965
Havering,havering,2020,Possession Of Weapons,132,E09000016,Havering,havering,261830,0.5041439101707215,50.41439101707214
Havering,havering,2020,Public Order Offences,1115,E09000016,Havering,havering,261830,4.258488332123897,425.8488332123897
Havering,havering,2020,Robbery,399,E09000016,Havering,havering,261830,1.523889546652408,152.38895466524082
Havering,havering,2020,Sexual Offences,427,E09000016,Havering,havering,261830,1.630829163961349,163.0829163961349
Havering,havering,2020,Theft,3094,E09000016,Havering,havering,261830,11.816827712637972,1181.6827712637971
Havering,havering,2020,Vehicle Offences,2423,E09000016,Havering,havering,261830,9.254096169270138,925.4096169270138
Havering,havering,2020,Violence Against The Person,4995,E09000016,Havering,havering,261830,19.07726387350571,1907.726387350571
Havering,havering,2021,Arson And Criminal Damage,1237,E09000016,Havering,havering,265930,4.651600045124657,465.1600045124657
Havering,havering,2021,Burglary,2094,E09000016,Havering,havering,265930,7.874252622870681,787.425262287068
Havering,havering,2021,Drug Offences,942,E09000016,Havering,havering,265930,3.5422855638701916,354.2285563870191
Havering,havering,2021,Fraud And Forgery,0,E09000016,Havering,havering,265930,0.0,0.0
Havering,havering,2021,Miscellaneous Crimes Against Society,267,E09000016,Havering,havering,265930,1.0040236152370925,100.40236152370926
Havering,havering,2021,Possession Of Weapons,132,E09000016,Havering,havering,265930,0.4963712255104727,49.63712255104727
Havering,havering,2021,Public Order Offences,1260,E09000016,Havering,havering,265930,4.738088970781784,473.80889707817846
Havering,havering,2021,Robbery,330,E09000016,Havering,havering,265930,1.2409280637761817,124.09280637761817
Havering,havering,2021,Sexual Offences,592,E09000016,Havering,havering,265930,2.226149738653029,222.61497386530291
Havering,havering,2021,Theft,3250,E09000016,Havering,havering,265930,12.221261234159364,1222.1261234159365
Havering,havering,2021,Vehicle Offences,2249,E09000016,Havering,havering,265930,8.457112774038281,845.711277403828
Havering,havering,2021,Violence Against The Person,5506,E09000016,Havering,havering,265930,20.70469672470199,2070.469672470199
Havering,havering,2022,Arson And Criminal Damage,1465,E09000016,Havering,havering,271368,5.398573155272545,539.8573155272545
Havering,havering,2022,Burglary,2180,E09000016,Havering,havering,271368,8.033371657675186,803.3371657675186
Havering,havering,2022,Drug Offences,962,E09000016,Havering,havering,271368,3.545001621414463,354.5001621414463
Havering,havering,2022,Fraud And Forgery,0,E09000016,Havering,havering,271368,0.0,0.0
Havering,havering,2022,Miscellaneous Crimes Against Society,300,E09000016,Havering,havering,271368,1.1055098611479615,110.55098611479615
Havering,havering,2022,Possession Of Weapons,188,E09000016,Havering,havering,271368,0.6927861796527225,69.27861796527225
Havering,havering,2022,Public Order Offences,1273,E09000016,Havering,havering,271368,4.6910468441378494,469.104684413785
Havering,havering,2022,Robbery,328,E09000016,Havering,havering,271368,1.2086907815217713,120.86907815217712
Havering,havering,2022,Sexual Offences,590,E09000016,Havering,havering,271368,2.1741693935909905,217.41693935909908
Havering,havering,2022,Theft,3740,E09000016,Havering,havering,271368,13.782022935644585,1378.2022935644586
Havering,havering,2022,Vehicle Offences,3152,E09000016,Havering,havering,271368,11.615223607794581,1161.522360779458
Havering,havering,2022,Violence Against The Person,6098,E09000016,Havering,havering,271368,22.47133044426756,2247.133044426756
Havering,havering,2023,Arson And Criminal Damage,1490,E09000016,Havering,havering,276649,5.385886086701922,538.5886086701922
Havering,havering,2023,Burglary,1457,E09000016,Havering,havering,276649,5.266601361291745,526.6601361291745
Havering,havering,2023,Drug Offences,1131,E09000016,Havering,havering,276649,4.08821286178515,408.82128617851504
Havering,havering,2023,Fraud And Forgery,0,E09000016,Havering,havering,276649,0.0,0.0
Havering,havering,2023,Miscellaneous Crimes Against Society,290,E09000016,Havering,havering,276649,1.0482597081500387,104.82597081500386
Havering,havering,2023,Possession Of Weapons,212,E09000016,Havering,havering,276649,0.7663139935441661,76.63139935441662
Havering,havering,2023,Public Order Offences,1385,E09000016,Havering,havering,276649,5.006343778578632,500.6343778578632
Havering,havering,2023,Robbery,476,E09000016,Havering,havering,276649,1.7205917968255804,172.05917968255804
Havering,havering,2023,Sexual Offences,550,E09000016,Havering,havering,276649,1.9880787568362797,198.80787568362797
Havering,havering,2023,Theft,4594,E09000016,Havering,havering,276649,16.605879652556126,1660.5879652556127
Havering,havering,2023,Vehicle Offences,3202,E09000016,Havering,havering,276649,11.574233053435943,1157.4233053435944
Havering,havering,2023,Violence Against The Person,6527,E09000016,Havering,havering,276649,23.59307281067345,2359.3072810673452
Havering,havering,2024,Arson And Criminal Damage,1596,E09000016,Havering,havering,281728,5.665038618809632,566.5038618809632
Havering,havering,2024,Burglary,1252,E09000016,Havering,havering,281728,4.444002726033621,444.4002726033621
Havering,havering,2024,Drug Offences,1025,E09000016,Havering,havering,281728,3.638261017719219,363.82610177192186
Havering,havering,2024,Fraud And Forgery,1,E09000016,Havering,havering,281728,0.0035495229441163106,0.35495229441163106
Havering,havering,2024,Miscellaneous Crimes Against Society,289,E09000016,Havering,havering,281728,1.0258121308496138,102.58121308496138
Havering,havering,2024,Possession Of Weapons,139,E09000016,Havering,havering,281728,0.49338368923216724,49.33836892321672
Havering,havering,2024,Public Order Offences,1363,E09000016,Havering,havering,281728,4.837999772830531,483.7999772830531
Havering,havering,2024,Robbery,558,E09000016,Havering,havering,281728,1.9806338028169013,198.06338028169014
Havering,havering,2024,Sexual Offences,614,E09000016,Havering,havering,281728,2.179407087687415,217.9407087687415
Havering,havering,2024,Theft,4883,E09000016,Havering,havering,281728,17.332320536119944,1733.2320536119946
Havering,havering,2024,Vehicle Offences,2524,E09000016,Havering,havering,281728,8.958995910949568,895.8995910949568
Havering,havering,2024,Violence Against The Person,6101,E09000016,Havering,havering,281728,21.655639482053612,2165.563948205361
Havering,havering,2025,Arson And Criminal Damage,306,E09000016,Havering,havering,284971,1.0737934737218875,107.37934737218875
Havering,havering,2025,Burglary,197,E09000016,Havering,havering,284971,0.6912984128209536,69.12984128209537
Havering,havering,2025,Drug Offences,270,E09000016,Havering,havering,284971,0.9474648297546066,94.74648297546065
Havering,havering,2025,Fraud And Forgery,0,E09000016,Havering,havering,284971,0.0,0.0
Havering,havering,2025,Miscellaneous Crimes Against Society,72,E09000016,Havering,havering,284971,0.25265728793456177,25.265728793456177
Havering,havering,2025,Possession Of Weapons,19,E09000016,Havering,havering,284971,0.06667345098273157,6.667345098273158
Havering,havering,2025,Public Order Offences,284,E09000016,Havering,havering,284971,0.9965926357418825,99.65926357418824
Havering,havering,2025,Robbery,155,E09000016,Havering,havering,284971,0.543914994859126,54.391499485912604
Havering,havering,2025,Sexual Offences,143,E09000016,Havering,havering,284971,0.5018054468700325,50.18054468700324
Havering,havering,2025,Theft,1031,E09000016,Havering,havering,284971,3.617911998062961,361.7911998062961
Havering,havering,2025,Vehicle Offences,559,E09000016,Havering,havering,284971,1.9616031104919447,196.16031104919446
Havering,havering,2025,Violence Against The Person,1420,E09000016,Havering,havering,284971,4.982963178709412,498.29631787094127
Hillingdon,hillingdon,2010,Arson And Criminal Damage,2330,E09000017,Hillingdon,hillingdon,269465,8.646763030449224,864.6763030449223
Hillingdon,hillingdon,2010,Burglary,3755,E09000017,Hillingdon,hillingdon,269465,13.935019390273318,1393.501939027332
Hillingdon,hillingdon,2010,Drug Offences,990,E09000017,Hillingdon,hillingdon,269465,3.673946523667267,367.3946523667267
Hillingdon,hillingdon,2010,Fraud And Forgery,536,E09000017,Hillingdon,hillingdon,269465,1.9891266027127827,198.91266027127827
Hillingdon,hillingdon,2010,Miscellaneous Crimes Against Society,322,E09000017,Hillingdon,hillingdon,269465,1.194960384465515,119.49603844655151
Hillingdon,hillingdon,2010,Nfib Fraud,0,E09000017,Hillingdon,hillingdon,269465,0.0,0.0
Hillingdon,hillingdon,2010,Possession Of Weapons,172,E09000017,Hillingdon,hillingdon,269465,0.6383018202735049,63.83018202735049
Hillingdon,hillingdon,2010,Public Order Offences,517,E09000017,Hillingdon,hillingdon,269465,1.918616517915128,191.8616517915128
Hillingdon,hillingdon,2010,Robbery,603,E09000017,Hillingdon,hillingdon,269465,2.237767428051881,223.77674280518806
Hillingdon,hillingdon,2010,Sexual Offences,223,E09000017,Hillingdon,hillingdon,269465,0.8275657320987884,82.75657320987884
Hillingdon,hillingdon,2010,Theft,4706,E09000017,Hillingdon,hillingdon,269465,17.464234687250666,1746.4234687250664
Hillingdon,hillingdon,2010,Vehicle Offences,2412,E09000017,Hillingdon,hillingdon,269465,8.951069712207524,895.1069712207523
Hillingdon,hillingdon,2010,Violence Against The Person,3776,E09000017,Hillingdon,hillingdon,269465,14.0129515892602,1401.2951589260201
Hillingdon,hillingdon,2011,Arson And Criminal Damage,2774,E09000017,Hillingdon,hillingdon,276134,10.045847306018093,1004.5847306018093
Hillingdon,hillingdon,2011,Burglary,6286,E09000017,Hillingdon,hillingdon,276134,22.76431008133732,2276.431008133732
Hillingdon,hillingdon,2011,Drug Offences,1576,E09000017,Hillingdon,hillingdon,276134,5.707373956122752,570.7373956122752
Hillingdon,hillingdon,2011,Fraud And Forgery,785,E09000017,Hillingdon,hillingdon,276134,2.8428226875357616,284.28226875357615
Hillingdon,hillingdon,2011,Miscellaneous Crimes Against Society,417,E09000017,Hillingdon,hillingdon,276134,1.5101363830603982,151.01363830603984
Hillingdon,hillingdon,2011,Nfib Fraud,0,E09000017,Hillingdon,hillingdon,276134,0.0,0.0
Hillingdon,hillingdon,2011,Possession Of Weapons,249,E09000017,Hillingdon,hillingdon,276134,0.9017361136259932,90.17361136259932
Hillingdon,hillingdon,2011,Public Order Offences,577,E09000017,Hillingdon,hillingdon,276134,2.089565211093165,208.9565211093165
Hillingdon,hillingdon,2011,Robbery,885,E09000017,Hillingdon,hillingdon,276134,3.204965705056241,320.4965705056241
Hillingdon,hillingdon,2011,Sexual Offences,280,E09000017,Hillingdon,hillingdon,276134,1.0140004490573418,101.40004490573418
Hillingdon,hillingdon,2011,Theft,6042,E09000017,Hillingdon,hillingdon,276134,21.88068111858735,2188.068111858735
Hillingdon,hillingdon,2011,Vehicle Offences,3780,E09000017,Hillingdon,hillingdon,276134,13.689006062274114,1368.9006062274113
Hillingdon,hillingdon,2011,Violence Against The Person,4679,E09000017,Hillingdon,hillingdon,276134,16.94467178978322,1694.4671789783222
Hillingdon,hillingdon,2012,Arson And Criminal Damage,2225,E09000017,Hillingdon,hillingdon,282391,7.879146290072983,787.9146290072983
Hillingdon,hillingdon,2012,Burglary,5762,E09000017,Hillingdon,hillingdon,282391,20.404332999281138,2040.4332999281137
Hillingdon,hillingdon,2012,Drug Offences,1097,E09000017,Hillingdon,hillingdon,282391,3.88468471020677,388.468471020677
Hillingdon,hillingdon,2012,Fraud And Forgery,781,E09000017,Hillingdon,hillingdon,282391,2.7656688775492135,276.56688775492137
Hillingdon,hillingdon,2012,Miscellaneous Crimes Against Society,338,E09000017,Hillingdon,hillingdon,282391,1.1969219982223231,119.6921998222323
Hillingdon,hillingdon,2012,Nfib Fraud,0,E09000017,Hillingdon,hillingdon,282391,0.0,0.0
Hillingdon,hillingdon,2012,Possession Of Weapons,193,E09000017,Hillingdon,hillingdon,282391,0.6834495433636341,68.3449543363634
Hillingdon,hillingdon,2012,Public Order Offences,748,E09000017,Hillingdon,hillingdon,282391,2.6488096292020638,264.8809629202064
Hillingdon,hillingdon,2012,Robbery,818,E09000017,Hillingdon,hillingdon,282391,2.896692883271776,289.6692883271776
Hillingdon,hillingdon,2012,Sexual Offences,259,E09000017,Hillingdon,hillingdon,282391,0.9171680400579338,91.71680400579339
Hillingdon,hillingdon,2012,Theft,5812,E09000017,Hillingdon,hillingdon,282391,20.58139246647379,2058.139246647379
Hillingdon,hillingdon,2012,Vehicle Offences,3121,E09000017,Hillingdon,hillingdon,282391,11.052051942165296,1105.2051942165297
Hillingdon,hillingdon,2012,Violence Against The Person,4279,E09000017,Hillingdon,hillingdon,282391,15.1527492023471,1515.2749202347102
Hillingdon,hillingdon,2013,Arson And Criminal Damage,2094,E09000017,Hillingdon,hillingdon,287443,7.284922575954189,728.4922575954189
Hillingdon,hillingdon,2013,Burglary,4832,E09000017,Hillingdon,hillingdon,287443,16.81028934432218,1681.0289344322177
Hillingdon,hillingdon,2013,Drug Offences,998,E09000017,Hillingdon,hillingdon,287443,3.4719927081195228,347.19927081195226
Hillingdon,hillingdon,2013,Fraud And Forgery,54,E09000017,Hillingdon,hillingdon,287443,0.18786333290426274,18.786333290426274
Hillingdon,hillingdon,2013,Miscellaneous Crimes Against Society,394,E09000017,Hillingdon,hillingdon,287443,1.3707065400792506,137.07065400792507
Hillingdon,hillingdon,2013,Nfib Fraud,0,E09000017,Hillingdon,hillingdon,287443,0.0,0.0
Hillingdon,hillingdon,2013,Possession Of Weapons,183,E09000017,Hillingdon,hillingdon,287443,0.6366479615088905,63.664796150889046
Hillingdon,hillingdon,2013,Public Order Offences,763,E09000017,Hillingdon,hillingdon,287443,2.654439314925046,265.4439314925046
Hillingdon,hillingdon,2013,Robbery,533,E09000017,Hillingdon,hillingdon,287443,1.8542806747772602,185.42806747772602
Hillingdon,hillingdon,2013,Sexual Offences,294,E09000017,Hillingdon,hillingdon,287443,1.0228114791454306,102.28114791454306
Hillingdon,hillingdon,2013,Theft,5663,E09000017,Hillingdon,hillingdon,287443,19.70129730068222,1970.1297300682222
Hillingdon,hillingdon,2013,Vehicle Offences,2532,E09000017,Hillingdon,hillingdon,287443,8.80870294284432,880.870294284432
Hillingdon,hillingdon,2013,Violence Against The Person,4152,E09000017,Hillingdon,hillingdon,287443,14.444602929972202,1444.4602929972202
Hillingdon,hillingdon,2014,Arson And Criminal Damage,2298,E09000017,Hillingdon,hillingdon,293325,7.834313474814626,783.4313474814626
Hillingdon,hillingdon,2014,Burglary,4529,E09000017,Hillingdon,hillingdon,293325,15.440211369641183,1544.0211369641183
Hillingdon,hillingdon,2014,Drug Offences,928,E09000017,Hillingdon,hillingdon,293325,3.1637262422227903,316.37262422227906
Hillingdon,hillingdon,2014,Fraud And Forgery,0,E09000017,Hillingdon,hillingdon,293325,0.0,0.0
Hillingdon,hillingdon,2014,Miscellaneous Crimes Against Society,793,E09000017,Hillingdon,hillingdon,293325,2.7034858944856386,270.34858944856387
Hillingdon,hillingdon,2014,Nfib Fraud,0,E09000017,Hillingdon,hillingdon,293325,0.0,0.0
Hillingdon,hillingdon,2014,Possession Of Weapons,301,E09000017,Hillingdon,hillingdon,293325,1.0261655160657974,102.61655160657975
Hillingdon,hillingdon,2014,Public Order Offences,1243,E09000017,Hillingdon,hillingdon,293325,4.237620386942811,423.7620386942811
Hillingdon,hillingdon,2014,Robbery,498,E09000017,Hillingdon,hillingdon,293325,1.697775504985937,169.7775504985937
Hillingdon,hillingdon,2014,Sexual Offences,408,E09000017,Hillingdon,hillingdon,293325,1.3909486064945027,139.09486064945028
Hillingdon,hillingdon,2014,Theft,5981,E09000017,Hillingdon,hillingdon,293325,20.390351998636323,2039.0351998636324
Hillingdon,hillingdon,2014,Vehicle Offences,2989,E09000017,Hillingdon,hillingdon,293325,10.190062217676639,1019.0062217676639
Hillingdon,hillingdon,2014,Violence Against The Person,5500,E09000017,Hillingdon,hillingdon,293325,18.75053268558766,1875.053268558766
Hillingdon,hillingdon,2015,Arson And Criminal Damage,2228,E09000017,Hillingdon,hillingdon,298370,7.4672386634044985,746.7238663404498
Hillingdon,hillingdon,2015,Burglary,3688,E09000017,Hillingdon,hillingdon,298370,12.360492006569025,1236.0492006569025
Hillingdon,hillingdon,2015,Drug Offences,1113,E09000017,Hillingdon,hillingdon,298370,3.73026778831652,373.026778831652
Hillingdon,hillingdon,2015,Fraud And Forgery,0,E09000017,Hillingdon,hillingdon,298370,0.0,0.0
Hillingdon,hillingdon,2015,Miscellaneous Crimes Against Society,1107,E09000017,Hillingdon,hillingdon,298370,3.710158528002145,371.0158528002145
Hillingdon,hillingdon,2015,Nfib Fraud,0,E09000017,Hillingdon,hillingdon,298370,0.0,0.0
Hillingdon,hillingdon,2015,Possession Of Weapons,113,E09000017,Hillingdon,hillingdon,298370,0.3787244025873915,37.87244025873915
Hillingdon,hillingdon,2015,Public Order Offences,1385,E09000017,Hillingdon,hillingdon,298370,4.641887589234842,464.1887589234842
Hillingdon,hillingdon,2015,Robbery,322,E09000017,Hillingdon,hillingdon,298370,1.0791969702047792,107.91969702047793
Hillingdon,hillingdon,2015,Sexual Offences,421,E09000017,Hillingdon,hillingdon,298370,1.410999765391963,141.0999765391963
Hillingdon,hillingdon,2015,Theft,6264,E09000017,Hillingdon,hillingdon,298370,20.99406776820726,2099.406776820726
Hillingdon,hillingdon,2015,Vehicle Offences,2784,E09000017,Hillingdon,hillingdon,298370,9.330696785869893,933.0696785869893
Hillingdon,hillingdon,2015,Violence Against The Person,6131,E09000017,Hillingdon,hillingdon,298370,20.548312497905286,2054.8312497905285
Hillingdon,hillingdon,2016,Arson And Criminal Damage,2373,E09000017,Hillingdon,hillingdon,303106,7.82894432970644,782.8944329706441
Hillingdon,hillingdon,2016,Burglary,3742,E09000017,Hillingdon,hillingdon,303106,12.345516090080697,1234.5516090080698
Hillingdon,hillingdon,2016,Drug Offences,1061,E09000017,Hillingdon,hillingdon,303106,3.500425593686697,350.04255936866974
Hillingdon,hillingdon,2016,Fraud And Forgery,0,E09000017,Hillingdon,hillingdon,303106,0.0,0.0
Hillingdon,hillingdon,2016,Miscellaneous Crimes Against Society,1261,E09000017,Hillingdon,hillingdon,303106,4.160260766860438,416.0260766860439
Hillingdon,hillingdon,2016,Nfib Fraud,0,E09000017,Hillingdon,hillingdon,303106,0.0,0.0
Hillingdon,hillingdon,2016,Possession Of Weapons,124,E09000017,Hillingdon,hillingdon,303106,0.40909780736771956,40.90978073677195
Hillingdon,hillingdon,2016,Public Order Offences,1482,E09000017,Hillingdon,hillingdon,303106,4.889378633217422,488.93786332174227
Hillingdon,hillingdon,2016,Robbery,422,E09000017,Hillingdon,hillingdon,303106,1.392252215396594,139.22522153965937
Hillingdon,hillingdon,2016,Sexual Offences,449,E09000017,Hillingdon,hillingdon,303106,1.481329963775049,148.1329963775049
Hillingdon,hillingdon,2016,Theft,6161,E09000017,Hillingdon,hillingdon,303106,20.326222509617097,2032.6222509617096
Hillingdon,hillingdon,2016,Vehicle Offences,2998,E09000017,Hillingdon,hillingdon,303106,9.890929245874382,989.0929245874381
Hillingdon,hillingdon,2016,Violence Against The Person,6425,E09000017,Hillingdon,hillingdon,303106,21.197204938206436,2119.7204938206437
Hillingdon,hillingdon,2017,Arson And Criminal Damage,2552,E09000017,Hillingdon,hillingdon,307040,8.311620635747785,831.1620635747785
Hillingdon,hillingdon,2017,Burglary,4150,E09000017,Hillingdon,hillingdon,307040,13.516154247003648,1351.6154247003647
Hillingdon,hillingdon,2017,Drug Offences,809,E09000017,Hillingdon,hillingdon,307040,2.6348358520062534,263.4835852006253
Hillingdon,hillingdon,2017,Fraud And Forgery,0,E09000017,Hillingdon,hillingdon,307040,0.0,0.0
Hillingdon,hillingdon,2017,Miscellaneous Crimes Against Society,1353,E09000017,Hillingdon,hillingdon,307040,4.406591974986973,440.65919749869727
Hillingdon,hillingdon,2017,Nfib Fraud,0,E09000017,Hillingdon,hillingdon,307040,0.0,0.0
Hillingdon,hillingdon,2017,Possession Of Weapons,188,E09000017,Hillingdon,hillingdon,307040,0.6122980719124544,61.22980719124544
Hillingdon,hillingdon,2017,Public Order Offences,1531,E09000017,Hillingdon,hillingdon,307040,4.986321000521105,498.6321000521105
Hillingdon,hillingdon,2017,Robbery,515,E09000017,Hillingdon,hillingdon,307040,1.6773058884835852,167.7305888483585
Hillingdon,hillingdon,2017,Sexual Offences,550,E09000017,Hillingdon,hillingdon,307040,1.7912975508077125,179.12975508077125
Hillingdon,hillingdon,2017,Theft,6464,E09000017,Hillingdon,hillingdon,307040,21.052631578947366,2105.2631578947367
Hillingdon,hillingdon,2017,Vehicle Offences,4331,E09000017,Hillingdon,hillingdon,307040,14.105653986451278,1410.5653986451277
Hillingdon,hillingdon,2017,Violence Against The Person,6537,E09000017,Hillingdon,hillingdon,307040,21.29038561750912,2129.038561750912
Hillingdon,hillingdon,2018,Arson And Criminal Damage,2068,E09000017,Hillingdon,hillingdon,309926,6.672560546711151,667.2560546711151
Hillingdon,hillingdon,2018,Burglary,3681,E09000017,Hillingdon,hillingdon,309926,11.87702871007918,1187.702871007918
Hillingdon,hillingdon,2018,Drug Offences,946,E09000017,Hillingdon,hillingdon,309926,3.0523415266870155,305.2341526687016
Hillingdon,hillingdon,2018,Fraud And Forgery,0,E09000017,Hillingdon,hillingdon,309926,0.0,0.0
Hillingdon,hillingdon,2018,Miscellaneous Crimes Against Society,1205,E09000017,Hillingdon,hillingdon,309926,3.888024883359254,388.8024883359254
Hillingdon,hillingdon,2018,Nfib Fraud,0,E09000017,Hillingdon,hillingdon,309926,0.0,0.0
Hillingdon,hillingdon,2018,Possession Of Weapons,220,E09000017,Hillingdon,hillingdon,309926,0.7098468666713991,70.9846866671399
Hillingdon,hillingdon,2018,Public Order Offences,1608,E09000017,Hillingdon,hillingdon,309926,5.188335280034589,518.8335280034589
Hillingdon,hillingdon,2018,Robbery,566,E09000017,Hillingdon,hillingdon,309926,1.8262423933455083,182.62423933455082
Hillingdon,hillingdon,2018,Sexual Offences,554,E09000017,Hillingdon,hillingdon,309926,1.7875234733452503,178.752347334525
Hillingdon,hillingdon,2018,Theft,6519,E09000017,Hillingdon,hillingdon,309926,21.03405329014023,2103.4053290140228
Hillingdon,hillingdon,2018,Vehicle Offences,4696,E09000017,Hillingdon,hillingdon,309926,15.15200402676768,1515.2004026767681
Hillingdon,hillingdon,2018,Violence Against The Person,6872,E09000017,Hillingdon,hillingdon,309926,22.173034853481155,2217.3034853481154
Hillingdon,hillingdon,2019,Arson And Criminal Damage,2240,E09000017,Hillingdon,hillingdon,312567,7.166463510223409,716.6463510223408
Hillingdon,hillingdon,2019,Burglary,5105,E09000017,Hillingdon,hillingdon,312567,16.332498312361828,1633.249831236183
Hillingdon,hillingdon,2019,Drug Offences,1398,E09000017,Hillingdon,hillingdon,312567,4.472641065755502,447.2641065755502
Hillingdon,hillingdon,2019,Fraud And Forgery,0,E09000017,Hillingdon,hillingdon,312567,0.0,0.0
Hillingdon,hillingdon,2019,Miscellaneous Crimes Against Society,1306,E09000017,Hillingdon,hillingdon,312567,4.178304171585612,417.8304171585612
Hillingdon,hillingdon,2019,Nfib Fraud,0,E09000017,Hillingdon,hillingdon,312567,0.0,0.0
Hillingdon,hillingdon,2019,Possession Of Weapons,196,E09000017,Hillingdon,hillingdon,312567,0.6270655571445481,62.706555714454815
Hillingdon,hillingdon,2019,Public Order Offences,1690,E09000017,Hillingdon,hillingdon,312567,5.406840773338196,540.6840773338196
Hillingdon,hillingdon,2019,Robbery,795,E09000017,Hillingdon,hillingdon,312567,2.543454683315897,254.3454683315897
Hillingdon,hillingdon,2019,Sexual Offences,521,E09000017,Hillingdon,hillingdon,312567,1.6668426289403553,166.68426289403553
Hillingdon,hillingdon,2019,Theft,6833,E09000017,Hillingdon,hillingdon,312567,21.860913020248457,2186.091302024846
Hillingdon,hillingdon,2019,Vehicle Offences,4657,E09000017,Hillingdon,hillingdon,312567,14.899205610317148,1489.920561031715
Hillingdon,hillingdon,2019,Violence Against The Person,7520,E09000017,Hillingdon,hillingdon,312567,24.05884178432144,2405.8841784321444
Hillingdon,hillingdon,2020,Arson And Criminal Damage,1878,E09000017,Hillingdon,hillingdon,316253,5.938283589404685,593.8283589404685
Hillingdon,hillingdon,2020,Burglary,3403,E09000017,Hillingdon,hillingdon,316253,10.76037223362308,1076.037223362308
Hillingdon,hillingdon,2020,Drug Offences,1718,E09000017,Hillingdon,hillingdon,316253,5.432359534929313,543.2359534929313
Hillingdon,hillingdon,2020,Fraud And Forgery,0,E09000017,Hillingdon,hillingdon,316253,0.0,0.0
Hillingdon,hillingdon,2020,Miscellaneous Crimes Against Society,841,E09000017,Hillingdon,hillingdon,316253,2.659263311336177,265.92633113361774
Hillingdon,hillingdon,2020,Nfib Fraud,0,E09000017,Hillingdon,hillingdon,316253,0.0,0.0
Hillingdon,hillingdon,2020,Possession Of Weapons,209,E09000017,Hillingdon,hillingdon,316253,0.6608632961584554,66.08632961584554
Hillingdon,hillingdon,2020,Public Order Offences,1837,E09000017,Hillingdon,hillingdon,316253,5.808640550445371,580.864055044537
Hillingdon,hillingdon,2020,Robbery,517,E09000017,Hillingdon,hillingdon,316253,1.6347671010235476,163.47671010235476
Hillingdon,hillingdon,2020,Sexual Offences,508,E09000017,Hillingdon,hillingdon,316253,1.6063088729593078,160.6308872959308
Hillingdon,hillingdon,2020,Theft,4812,E09000017,Hillingdon,hillingdon,316253,15.215665938346831,1521.566593834683
Hillingdon,hillingdon,2020,Vehicle Offences,4091,E09000017,Hillingdon,hillingdon,316253,12.935845667867182,1293.5845667867184
Hillingdon,hillingdon,2020,Violence Against The Person,7434,E09000017,Hillingdon,hillingdon,316253,23.506496381061996,2350.6496381061997
Hillingdon,hillingdon,2021,Arson And Criminal Damage,1655,E09000017,Hillingdon,hillingdon,319467,5.180503776602904,518.0503776602903
Hillingdon,hillingdon,2021,Burglary,2300,E09000017,Hillingdon,hillingdon,319467,7.199491653285003,719.9491653285003
Hillingdon,hillingdon,2021,Drug Offences,1520,E09000017,Hillingdon,hillingdon,319467,4.757924918692698,475.7924918692698
Hillingdon,hillingdon,2021,Fraud And Forgery,0,E09000017,Hillingdon,hillingdon,319467,0.0,0.0
Hillingdon,hillingdon,2021,Miscellaneous Crimes Against Society,959,E09000017,Hillingdon,hillingdon,319467,3.0018749980436166,300.18749980436166
Hillingdon,hillingdon,2021,Nfib Fraud,0,E09000017,Hillingdon,hillingdon,319467,0.0,0.0
Hillingdon,hillingdon,2021,Possession Of Weapons,183,E09000017,Hillingdon,hillingdon,319467,0.5728291185005024,57.28291185005025
Hillingdon,hillingdon,2021,Public Order Offences,1926,E09000017,Hillingdon,hillingdon,319467,6.028791706185616,602.8791706185616
Hillingdon,hillingdon,2021,Robbery,405,E09000017,Hillingdon,hillingdon,319467,1.26773657373062,126.77365737306201
Hillingdon,hillingdon,2021,Sexual Offences,648,E09000017,Hillingdon,hillingdon,319467,2.028378517968992,202.83785179689923
Hillingdon,hillingdon,2021,Theft,4542,E09000017,Hillingdon,hillingdon,319467,14.217430908356732,1421.7430908356732
Hillingdon,hillingdon,2021,Vehicle Offences,3591,E09000017,Hillingdon,hillingdon,319467,11.240597620411497,1124.0597620411497
Hillingdon,hillingdon,2021,Violence Against The Person,7716,E09000017,Hillingdon,hillingdon,319467,24.152729389890034,2415.2729389890033
Hillingdon,hillingdon,2022,Arson And Criminal Damage,1769,E09000017,Hillingdon,hillingdon,322492,5.485407389950758,548.5407389950759
Hillingdon,hillingdon,2022,Burglary,2361,E09000017,Hillingdon,hillingdon,322492,7.321111841534053,732.1111841534054
Hillingdon,hillingdon,2022,Drug Offences,1162,E09000017,Hillingdon,hillingdon,322492,3.6031901566550486,360.3190156655049
Hillingdon,hillingdon,2022,Fraud And Forgery,0,E09000017,Hillingdon,hillingdon,322492,0.0,0.0
Hillingdon,hillingdon,2022,Miscellaneous Crimes Against Society,1710,E09000017,Hillingdon,hillingdon,322492,5.302457115215261,530.2457115215261
Hillingdon,hillingdon,2022,Nfib Fraud,0,E09000017,Hillingdon,hillingdon,322492,0.0,0.0
Hillingdon,hillingdon,2022,Possession Of Weapons,148,E09000017,Hillingdon,hillingdon,322492,0.4589261128958238,45.892611289582376
Hillingdon,hillingdon,2022,Public Order Offences,1925,E09000017,Hillingdon,hillingdon,322492,5.96914031975987,596.914031975987
Hillingdon,hillingdon,2022,Robbery,444,E09000017,Hillingdon,hillingdon,322492,1.3767783386874712,137.67783386874711
Hillingdon,hillingdon,2022,Sexual Offences,704,E09000017,Hillingdon,hillingdon,322492,2.182999888369324,218.29998883693239
Hillingdon,hillingdon,2022,Theft,5530,E09000017,Hillingdon,hillingdon,322492,17.14771219131017,1714.7712191310172
Hillingdon,hillingdon,2022,Vehicle Offences,3914,E09000017,Hillingdon,hillingdon,322492,12.136735174826041,1213.6735174826042
Hillingdon,hillingdon,2022,Violence Against The Person,7997,E09000017,Hillingdon,hillingdon,322492,24.79751435694529,2479.751435694529
Hillingdon,hillingdon,2023,Arson And Criminal Damage,1858,E09000017,Hillingdon,hillingdon,325182,5.713723391823655,571.3723391823655
Hillingdon,hillingdon,2023,Burglary,1579,E09000017,Hillingdon,hillingdon,325182,4.8557423227607925,485.5742322760793
Hillingdon,hillingdon,2023,Drug Offences,854,E09000017,Hillingdon,hillingdon,325182,2.6262216235831013,262.6221623583101
Hillingdon,hillingdon,2023,Fraud And Forgery,0,E09000017,Hillingdon,hillingdon,325182,0.0,0.0
Hillingdon,hillingdon,2023,Miscellaneous Crimes Against Society,678,E09000017,Hillingdon,hillingdon,325182,2.0849862538516892,208.49862538516894
Hillingdon,hillingdon,2023,Nfib Fraud,0,E09000017,Hillingdon,hillingdon,325182,0.0,0.0
Hillingdon,hillingdon,2023,Possession Of Weapons,139,E09000017,Hillingdon,hillingdon,325182,0.4274529340492401,42.74529340492401
Hillingdon,hillingdon,2023,Public Order Offences,1815,E09000017,Hillingdon,hillingdon,325182,5.5814897503551855,558.1489750355186
Hillingdon,hillingdon,2023,Robbery,482,E09000017,Hillingdon,hillingdon,325182,1.4822468648326168,148.22468648326168
Hillingdon,hillingdon,2023,Sexual Offences,598,E09000017,Hillingdon,hillingdon,325182,1.8389701767010473,183.89701767010473
Hillingdon,hillingdon,2023,Theft,5150,E09000017,Hillingdon,hillingdon,325182,15.837284966572565,1583.7284966572565
Hillingdon,hillingdon,2023,Vehicle Offences,3669,E09000017,Hillingdon,hillingdon,325182,11.28291233832131,1128.291233832131
Hillingdon,hillingdon,2023,Violence Against The Person,7607,E09000017,Hillingdon,hillingdon,325182,23.393053736061653,2339.305373606165
Hillingdon,hillingdon,2024,Arson And Criminal Damage,2426,E09000017,Hillingdon,hillingdon,327456,7.4086289455682595,740.862894556826
Hillingdon,hillingdon,2024,Burglary,1471,E09000017,Hillingdon,hillingdon,327456,4.492206586533764,449.22065865337635
Hillingdon,hillingdon,2024,Drug Offences,950,E09000017,Hillingdon,hillingdon,327456,2.9011531320238446,290.11531320238447
Hillingdon,hillingdon,2024,Fraud And Forgery,2,E09000017,Hillingdon,hillingdon,327456,0.0061076908042607255,0.6107690804260725
Hillingdon,hillingdon,2024,Miscellaneous Crimes Against Society,1346,E09000017,Hillingdon,hillingdon,327456,4.110475911267469,411.04759112674685
Hillingdon,hillingdon,2024,Nfib Fraud,1,E09000017,Hillingdon,hillingdon,327456,0.0030538454021303628,0.30538454021303624
Hillingdon,hillingdon,2024,Possession Of Weapons,143,E09000017,Hillingdon,hillingdon,327456,0.4366998925046418,43.669989250464184
Hillingdon,hillingdon,2024,Public Order Offences,1952,E09000017,Hillingdon,hillingdon,327456,5.961106224958468,596.1106224958468
Hillingdon,hillingdon,2024,Robbery,709,E09000017,Hillingdon,hillingdon,327456,2.165176390110427,216.5176390110427
Hillingdon,hillingdon,2024,Sexual Offences,796,E09000017,Hillingdon,hillingdon,327456,2.4308609400957684,243.08609400957687
Hillingdon,hillingdon,2024,Theft,7380,E09000017,Hillingdon,hillingdon,327456,22.537379067722075,2253.737906772207
Hillingdon,hillingdon,2024,Vehicle Offences,3648,E09000017,Hillingdon,hillingdon,327456,11.140428026971563,1114.0428026971563
Hillingdon,hillingdon,2024,Violence Against The Person,8065,E09000017,Hillingdon,hillingdon,327456,24.629263168181375,2462.9263168181374
Hillingdon,hillingdon,2025,Arson And Criminal Damage,586,E09000017,Hillingdon,hillingdon,329302,1.779521533425245,177.9521533425245
Hillingdon,hillingdon,2025,Burglary,455,E09000017,Hillingdon,hillingdon,329302,1.3817104056458813,138.1710405645881
Hillingdon,hillingdon,2025,Drug Offences,271,E09000017,Hillingdon,hillingdon,329302,0.8229527910550194,82.29527910550193
Hillingdon,hillingdon,2025,Fraud And Forgery,0,E09000017,Hillingdon,hillingdon,329302,0.0,0.0
Hillingdon,hillingdon,2025,Miscellaneous Crimes Against Society,341,E09000017,Hillingdon,hillingdon,329302,1.0355236226928475,103.55236226928474
Hillingdon,hillingdon,2025,Nfib Fraud,0,E09000017,Hillingdon,hillingdon,329302,0.0,0.0
Hillingdon,hillingdon,2025,Possession Of Weapons,37,E09000017,Hillingdon,hillingdon,329302,0.11235886815142332,11.235886815142331
Hillingdon,hillingdon,2025,Public Order Offences,451,E09000017,Hillingdon,hillingdon,329302,1.3695635009808627,136.95635009808626
Hillingdon,hillingdon,2025,Robbery,166,E09000017,Hillingdon,hillingdon,329302,0.5040965435982776,50.40965435982776
Hillingdon,hillingdon,2025,Sexual Offences,221,E09000017,Hillingdon,hillingdon,329302,0.6711164827422852,67.11164827422851
Hillingdon,hillingdon,2025,Theft,1787,E09000017,Hillingdon,hillingdon,329302,5.42662965909712,542.662965909712
Hillingdon,hillingdon,2025,Vehicle Offences,870,E09000017,Hillingdon,hillingdon,329302,2.6419517646415756,264.19517646415756
Hillingdon,hillingdon,2025,Violence Against The Person,1990,E09000017,Hillingdon,hillingdon,329302,6.043085070846821,604.3085070846821
Hounslow,hounslow,2010,Arson And Criminal Damage,2089,E09000018,Hounslow,hounslow,249236,8.381614213035034,838.1614213035035
Hounslow,hounslow,2010,Burglary,3580,E09000018,Hounslow,hounslow,249236,14.363896066378853,1436.3896066378852
Hounslow,hounslow,2010,Drug Offences,1341,E09000018,Hounslow,hounslow,249236,5.380442632685487,538.0442632685487
Hounslow,hounslow,2010,Fraud And Forgery,486,E09000018,Hounslow,hounslow,249236,1.9499590749329951,194.9959074932995
Hounslow,hounslow,2010,Miscellaneous Crimes Against Society,194,E09000018,Hounslow,hounslow,249236,0.7783787253847758,77.83787253847758
Hounslow,hounslow,2010,Possession Of Weapons,78,E09000018,Hounslow,hounslow,249236,0.31295639474233256,31.295639474233255
Hounslow,hounslow,2010,Public Order Offences,459,E09000018,Hounslow,hounslow,249236,1.8416280152144955,184.16280152144955
Hounslow,hounslow,2010,Robbery,444,E09000018,Hounslow,hounslow,249236,1.7814440931486624,178.14440931486624
Hounslow,hounslow,2010,Sexual Offences,229,E09000018,Hounslow,hounslow,249236,0.9188078768717199,91.880787687172
Hounslow,hounslow,2010,Theft,4590,E09000018,Hounslow,hounslow,249236,18.416280152144957,1841.6280152144957
Hounslow,hounslow,2010,Vehicle Offences,2185,E09000018,Hounslow,hounslow,249236,8.766791314256366,876.6791314256367
Hounslow,hounslow,2010,Violence Against The Person,3602,E09000018,Hounslow,hounslow,249236,14.452165818742076,1445.2165818742076
Hounslow,hounslow,2011,Arson And Criminal Damage,2581,E09000018,Hounslow,hounslow,255334,10.108328698880682,1010.8328698880682
Hounslow,hounslow,2011,Burglary,5444,E09000018,Hounslow,hounslow,255334,21.321093156414733,2132.1093156414736
Hounslow,hounslow,2011,Drug Offences,1742,E09000018,Hounslow,hounslow,255334,6.822436494943878,682.2436494943878
Hounslow,hounslow,2011,Fraud And Forgery,616,E09000018,Hounslow,hounslow,255334,2.412526338051337,241.25263380513368
Hounslow,hounslow,2011,Miscellaneous Crimes Against Society,294,E09000018,Hounslow,hounslow,255334,1.1514330249790472,115.14330249790471
Hounslow,hounslow,2011,Possession Of Weapons,172,E09000018,Hounslow,hounslow,255334,0.6736274840013472,67.36274840013472
Hounslow,hounslow,2011,Public Order Offences,566,E09000018,Hounslow,hounslow,255334,2.2167043950276892,221.67043950276891
Hounslow,hounslow,2011,Robbery,645,E09000018,Hounslow,hounslow,255334,2.526103065005052,252.6103065005052
Hounslow,hounslow,2011,Sexual Offences,264,E09000018,Hounslow,hounslow,255334,1.0339398591648585,103.39398591648586
Hounslow,hounslow,2011,Theft,6242,E09000018,Hounslow,hounslow,255334,24.446411367072148,2444.6411367072146
Hounslow,hounslow,2011,Vehicle Offences,3356,E09000018,Hounslow,hounslow,255334,13.143568815747217,1314.3568815747217
Hounslow,hounslow,2011,Violence Against The Person,4496,E09000018,Hounslow,hounslow,255334,17.608309116686378,1760.8309116686378
Hounslow,hounslow,2012,Arson And Criminal Damage,2204,E09000018,Hounslow,hounslow,259459,8.49459837585129,849.459837585129
Hounslow,hounslow,2012,Burglary,5862,E09000018,Hounslow,hounslow,259459,22.593165008729702,2259.31650087297
Hounslow,hounslow,2012,Drug Offences,1605,E09000018,Hounslow,hounslow,259459,6.185948454283721,618.5948454283721
Hounslow,hounslow,2012,Fraud And Forgery,798,E09000018,Hounslow,hounslow,259459,3.075630446428916,307.56304464289155
Hounslow,hounslow,2012,Miscellaneous Crimes Against Society,288,E09000018,Hounslow,hounslow,259459,1.1100019656284807,111.00019656284809
Hounslow,hounslow,2012,Possession Of Weapons,108,E09000018,Hounslow,hounslow,259459,0.4162507371106803,41.625073711068026
Hounslow,hounslow,2012,Public Order Offences,765,E09000018,Hounslow,hounslow,259459,2.948442721200652,294.8442721200652
Hounslow,hounslow,2012,Robbery,747,E09000018,Hounslow,hounslow,259459,2.8790675983488723,287.9067598348872
Hounslow,hounslow,2012,Sexual Offences,288,E09000018,Hounslow,hounslow,259459,1.1100019656284807,111.00019656284809
Hounslow,hounslow,2012,Theft,6086,E09000018,Hounslow,hounslow,259459,23.45649987088519,2345.649987088519
Hounslow,hounslow,2012,Vehicle Offences,3302,E09000018,Hounslow,hounslow,259459,12.726480869809874,1272.6480869809873
Hounslow,hounslow,2012,Violence Against The Person,4510,E09000018,Hounslow,hounslow,259459,17.38232244786267,1738.2322447862668
Hounslow,hounslow,2013,Arson And Criminal Damage,1942,E09000018,Hounslow,hounslow,262814,7.389256280106843,738.9256280106844
Hounslow,hounslow,2013,Burglary,4940,E09000018,Hounslow,hounslow,262814,18.796563348984453,1879.656334898445
Hounslow,hounslow,2013,Drug Offences,1498,E09000018,Hounslow,hounslow,262814,5.699848562100954,569.9848562100954
Hounslow,hounslow,2013,Fraud And Forgery,55,E09000018,Hounslow,hounslow,262814,0.20927347858181072,20.927347858181072
Hounslow,hounslow,2013,Miscellaneous Crimes Against Society,230,E09000018,Hounslow,hounslow,262814,0.8751436377057539,87.51436377057539
Hounslow,hounslow,2013,Possession Of Weapons,108,E09000018,Hounslow,hounslow,262814,0.41093701248791925,41.09370124879192
Hounslow,hounslow,2013,Public Order Offences,771,E09000018,Hounslow,hounslow,262814,2.933633672483201,293.3633672483201
Hounslow,hounslow,2013,Robbery,474,E09000018,Hounslow,hounslow,262814,1.8035568881414232,180.35568881414233
Hounslow,hounslow,2013,Sexual Offences,307,E09000018,Hounslow,hounslow,262814,1.1681265077202887,116.81265077202887
Hounslow,hounslow,2013,Theft,5484,E09000018,Hounslow,hounslow,262814,20.866468300775452,2086.646830077545
Hounslow,hounslow,2013,Vehicle Offences,2416,E09000018,Hounslow,hounslow,262814,9.192813168248268,919.2813168248267
Hounslow,hounslow,2013,Violence Against The Person,4220,E09000018,Hounslow,hounslow,262814,16.05698326573166,1605.698326573166
Hounslow,hounslow,2014,Arson And Criminal Damage,1868,E09000018,Hounslow,hounslow,265975,7.023216467713131,702.3216467713131
Hounslow,hounslow,2014,Burglary,3788,E09000018,Hounslow,hounslow,265975,14.24194003195789,1424.194003195789
Hounslow,hounslow,2014,Drug Offences,1514,E09000018,Hounslow,hounslow,265975,5.692264310555503,569.2264310555503
Hounslow,hounslow,2014,Fraud And Forgery,0,E09000018,Hounslow,hounslow,265975,0.0,0.0
Hounslow,hounslow,2014,Miscellaneous Crimes Against Society,346,E09000018,Hounslow,hounslow,265975,1.3008741423066077,130.08741423066078
Hounslow,hounslow,2014,Possession Of Weapons,120,E09000018,Hounslow,hounslow,265975,0.4511702227652975,45.11702227652975
Hounslow,hounslow,2014,Public Order Offences,1108,E09000018,Hounslow,hounslow,265975,4.165805056866247,416.5805056866247
Hounslow,hounslow,2014,Robbery,390,E09000018,Hounslow,hounslow,265975,1.4663032239872167,146.6303223987217
Hounslow,hounslow,2014,Sexual Offences,439,E09000018,Hounslow,hounslow,265975,1.6505310649497134,165.05310649497133
Hounslow,hounslow,2014,Theft,5261,E09000018,Hounslow,hounslow,265975,19.780054516401915,1978.0054516401915
Hounslow,hounslow,2014,Vehicle Offences,2441,E09000018,Hounslow,hounslow,265975,9.177554281417427,917.7554281417426
Hounslow,hounslow,2014,Violence Against The Person,4930,E09000018,Hounslow,hounslow,265975,18.53557665194097,1853.5576651940971
Hounslow,hounslow,2015,Arson And Criminal Damage,2092,E09000018,Hounslow,hounslow,269177,7.771837861332878,777.1837861332878
Hounslow,hounslow,2015,Burglary,3562,E09000018,Hounslow,hounslow,269177,13.232928519152825,1323.2928519152824
Hounslow,hounslow,2015,Drug Offences,1097,E09000018,Hounslow,hounslow,269177,4.075385341243866,407.53853412438656
Hounslow,hounslow,2015,Fraud And Forgery,0,E09000018,Hounslow,hounslow,269177,0.0,0.0
Hounslow,hounslow,2015,Miscellaneous Crimes Against Society,375,E09000018,Hounslow,hounslow,269177,1.3931353718928439,139.31353718928438
Hounslow,hounslow,2015,Possession Of Weapons,83,E09000018,Hounslow,hounslow,269177,0.3083472956456161,30.834729564561606
Hounslow,hounslow,2015,Public Order Offences,1295,E09000018,Hounslow,hounslow,269177,4.810960817603287,481.0960817603287
Hounslow,hounslow,2015,Robbery,379,E09000018,Hounslow,hounslow,269177,1.4079954825263674,140.79954825263673
Hounslow,hounslow,2015,Sexual Offences,477,E09000018,Hounslow,hounslow,269177,1.7720681930476974,177.20681930476974
Hounslow,hounslow,2015,Theft,5456,E09000018,Hounslow,hounslow,269177,20.26919090412628,2026.919090412628
Hounslow,hounslow,2015,Vehicle Offences,2799,E09000018,Hounslow,hounslow,269177,10.398362415808187,1039.8362415808185
Hounslow,hounslow,2015,Violence Against The Person,5915,E09000018,Hounslow,hounslow,269177,21.974388599323124,2197.4388599323124
Hounslow,hounslow,2016,Arson And Criminal Damage,2147,E09000018,Hounslow,hounslow,271546,7.906579364085642,790.6579364085642
Hounslow,hounslow,2016,Burglary,3614,E09000018,Hounslow,hounslow,271546,13.308978957524692,1330.8978957524691
Hounslow,hounslow,2016,Drug Offences,1131,E09000018,Hounslow,hounslow,271546,4.165040177354849,416.504017735485
Hounslow,hounslow,2016,Fraud And Forgery,0,E09000018,Hounslow,hounslow,271546,0.0,0.0
Hounslow,hounslow,2016,Miscellaneous Crimes Against Society,521,E09000018,Hounslow,hounslow,271546,1.9186436183924638,191.86436183924638
Hounslow,hounslow,2016,Possession Of Weapons,129,E09000018,Hounslow,hounslow,271546,0.475057632960898,47.505763296089796
Hounslow,hounslow,2016,Public Order Offences,1371,E09000018,Hounslow,hounslow,271546,5.048868331700707,504.88683317007064
Hounslow,hounslow,2016,Robbery,393,E09000018,Hounslow,hounslow,271546,1.4472686027413404,144.72686027413403
Hounslow,hounslow,2016,Sexual Offences,513,E09000018,Hounslow,hounslow,271546,1.8891826799142686,188.91826799142686
Hounslow,hounslow,2016,Theft,5479,E09000018,Hounslow,hounslow,271546,20.17706024025395,2017.7060240253952
Hounslow,hounslow,2016,Vehicle Offences,3238,E09000018,Hounslow,hounslow,271546,11.924314849049516,1192.4314849049517
Hounslow,hounslow,2016,Violence Against The Person,6083,E09000018,Hounslow,hounslow,271546,22.401361095357693,2240.1361095357693
Hounslow,hounslow,2017,Arson And Criminal Damage,2033,E09000018,Hounslow,hounslow,274970,7.393533840055278,739.3533840055279
Hounslow,hounslow,2017,Burglary,4558,E09000018,Hounslow,hounslow,274970,16.576353784049168,1657.6353784049168
Hounslow,hounslow,2017,Drug Offences,1205,E09000018,Hounslow,hounslow,274970,4.382296250500055,438.22962505000544
Hounslow,hounslow,2017,Fraud And Forgery,0,E09000018,Hounslow,hounslow,274970,0.0,0.0
Hounslow,hounslow,2017,Miscellaneous Crimes Against Society,526,E09000018,Hounslow,hounslow,274970,1.9129359566498163,191.29359566498164
Hounslow,hounslow,2017,Possession Of Weapons,196,E09000018,Hounslow,hounslow,274970,0.7128050332763575,71.28050332763574
Hounslow,hounslow,2017,Public Order Offences,1492,E09000018,Hounslow,hounslow,274970,5.426046477797578,542.6046477797578
Hounslow,hounslow,2017,Robbery,467,E09000018,Hounslow,hounslow,274970,1.6983670945921374,169.83670945921375
Hounslow,hounslow,2017,Sexual Offences,506,E09000018,Hounslow,hounslow,274970,1.840200749172637,184.0200749172637
Hounslow,hounslow,2017,Theft,5898,E09000018,Hounslow,hounslow,274970,21.44961268502018,2144.9612685020184
Hounslow,hounslow,2017,Vehicle Offences,3575,E09000018,Hounslow,hounslow,274970,13.001418336545806,1300.1418336545805
Hounslow,hounslow,2017,Violence Against The Person,6568,E09000018,Hounslow,hounslow,274970,23.886242135505693,2388.624213550569
Hounslow,hounslow,2018,Arson And Criminal Damage,1928,E09000018,Hounslow,hounslow,278264,6.92867205243941,692.867205243941
Hounslow,hounslow,2018,Burglary,4500,E09000018,Hounslow,hounslow,278264,16.17169306845298,1617.169306845298
Hounslow,hounslow,2018,Drug Offences,1261,E09000018,Hounslow,hounslow,278264,4.531667768737602,453.16677687376017
Hounslow,hounslow,2018,Fraud And Forgery,0,E09000018,Hounslow,hounslow,278264,0.0,0.0
Hounslow,hounslow,2018,Miscellaneous Crimes Against Society,507,E09000018,Hounslow,hounslow,278264,1.8220107523790359,182.20107523790358
Hounslow,hounslow,2018,Possession Of Weapons,232,E09000018,Hounslow,hounslow,278264,0.8337406204180202,83.37406204180202
Hounslow,hounslow,2018,Public Order Offences,1494,E09000018,Hounslow,hounslow,278264,5.36900209872639,536.9002098726389
Hounslow,hounslow,2018,Robbery,661,E09000018,Hounslow,hounslow,278264,2.3754420262772045,237.54420262772047
Hounslow,hounslow,2018,Sexual Offences,582,E09000018,Hounslow,hounslow,278264,2.0915389701865856,209.15389701865857
Hounslow,hounslow,2018,Theft,5460,E09000018,Hounslow,hounslow,278264,19.62165425638962,1962.1654256389618
Hounslow,hounslow,2018,Vehicle Offences,3937,E09000018,Hounslow,hounslow,278264,14.148434580110974,1414.8434580110975
Hounslow,hounslow,2018,Violence Against The Person,7119,E09000018,Hounslow,hounslow,278264,25.583618434292614,2558.3618434292616
Hounslow,hounslow,2019,Arson And Criminal Damage,1881,E09000018,Hounslow,hounslow,281339,6.685884289060528,668.5884289060529
Hounslow,hounslow,2019,Burglary,4440,E09000018,Hounslow,hounslow,281339,15.781672644034419,1578.167264403442
Hounslow,hounslow,2019,Drug Offences,1691,E09000018,Hounslow,hounslow,281339,6.010542441680677,601.0542441680677
Hounslow,hounslow,2019,Fraud And Forgery,0,E09000018,Hounslow,hounslow,281339,0.0,0.0
Hounslow,hounslow,2019,Miscellaneous Crimes Against Society,431,E09000018,Hounslow,hounslow,281339,1.5319596643195574,153.19596643195575
Hounslow,hounslow,2019,Possession Of Weapons,222,E09000018,Hounslow,hounslow,281339,0.7890836322017211,78.9083632201721
Hounslow,hounslow,2019,Public Order Offences,1671,E09000018,Hounslow,hounslow,281339,5.939453826167009,593.9453826167008
Hounslow,hounslow,2019,Robbery,740,E09000018,Hounslow,hounslow,281339,2.630278774005737,263.0278774005737
Hounslow,hounslow,2019,Sexual Offences,523,E09000018,Hounslow,hounslow,281339,1.858967295682433,185.8967295682433
Hounslow,hounslow,2019,Theft,5561,E09000018,Hounslow,hounslow,281339,19.766189543575546,1976.6189543575545
Hounslow,hounslow,2019,Vehicle Offences,4230,E09000018,Hounslow,hounslow,281339,15.035242181140902,1503.5242181140902
Hounslow,hounslow,2019,Violence Against The Person,7567,E09000018,Hounslow,hounslow,281339,26.8963776795965,2689.63776795965
Hounslow,hounslow,2020,Arson And Criminal Damage,1638,E09000018,Hounslow,hounslow,284358,5.760344354651531,576.0344354651531
Hounslow,hounslow,2020,Burglary,3478,E09000018,Hounslow,hounslow,284358,12.231060845835179,1223.106084583518
Hounslow,hounslow,2020,Drug Offences,1680,E09000018,Hounslow,hounslow,284358,5.908045491950287,590.8045491950288
Hounslow,hounslow,2020,Fraud And Forgery,0,E09000018,Hounslow,hounslow,284358,0.0,0.0
Hounslow,hounslow,2020,Miscellaneous Crimes Against Society,441,E09000018,Hounslow,hounslow,284358,1.5508619416369507,155.08619416369507
Hounslow,hounslow,2020,Possession Of Weapons,205,E09000018,Hounslow,hounslow,284358,0.7209222177677435,72.09222177677434
Hounslow,hounslow,2020,Public Order Offences,1606,E09000018,Hounslow,hounslow,284358,5.6478101548048585,564.7810154804858
Hounslow,hounslow,2020,Robbery,585,E09000018,Hounslow,hounslow,284358,2.0572658409469753,205.72658409469753
Hounslow,hounslow,2020,Sexual Offences,495,E09000018,Hounslow,hounslow,284358,1.74076340387821,174.076340387821
Hounslow,hounslow,2020,Theft,4111,E09000018,Hounslow,hounslow,284358,14.457127986552162,1445.7127986552164
Hounslow,hounslow,2020,Vehicle Offences,3688,E09000018,Hounslow,hounslow,284358,12.969566532328965,1296.9566532328965
Hounslow,hounslow,2020,Violence Against The Person,7598,E09000018,Hounslow,hounslow,284358,26.71983907609422,2671.983907609422
Hounslow,hounslow,2021,Arson And Criminal Damage,1643,E09000018,Hounslow,hounslow,286947,5.725796052929636,572.5796052929636
Hounslow,hounslow,2021,Burglary,2876,E09000018,Hounslow,hounslow,286947,10.022756815718582,1002.2756815718582
Hounslow,hounslow,2021,Drug Offences,1323,E09000018,Hounslow,hounslow,286947,4.61060753379544,461.06075337954394
Hounslow,hounslow,2021,Fraud And Forgery,0,E09000018,Hounslow,hounslow,286947,0.0,0.0
Hounslow,hounslow,2021,Miscellaneous Crimes Against Society,382,E09000018,Hounslow,hounslow,286947,1.331256294716446,133.1256294716446
Hounslow,hounslow,2021,Possession Of Weapons,153,E09000018,Hounslow,hounslow,286947,0.5331995107110372,53.319951071103716
Hounslow,hounslow,2021,Public Order Offences,1844,E09000018,Hounslow,hounslow,286947,6.426273841510802,642.6273841510802
Hounslow,hounslow,2021,Robbery,376,E09000018,Hounslow,hounslow,286947,1.3103465099826799,131.03465099826798
Hounslow,hounslow,2021,Sexual Offences,642,E09000018,Hounslow,hounslow,286947,2.23734696651298,223.73469665129798
Hounslow,hounslow,2021,Theft,4327,E09000018,Hounslow,hounslow,286947,15.0794397571677,1507.94397571677
Hounslow,hounslow,2021,Vehicle Offences,3048,E09000018,Hounslow,hounslow,286947,10.622170644753213,1062.2170644753212
Hounslow,hounslow,2021,Violence Against The Person,7956,E09000018,Hounslow,hounslow,286947,27.726374556973937,2772.6374556973938
Hounslow,hounslow,2022,Arson And Criminal Damage,1686,E09000018,Hounslow,hounslow,289358,5.826692194444253,582.6692194444253
Hounslow,hounslow,2022,Burglary,3008,E09000018,Hounslow,hounslow,289358,10.395427117964596,1039.5427117964598
Hounslow,hounslow,2022,Drug Offences,1150,E09000018,Hounslow,hounslow,289358,3.974315553743114,397.43155537431136
Hounslow,hounslow,2022,Fraud And Forgery,0,E09000018,Hounslow,hounslow,289358,0.0,0.0
Hounslow,hounslow,2022,Miscellaneous Crimes Against Society,374,E09000018,Hounslow,hounslow,289358,1.2925165366086302,129.251653660863
Hounslow,hounslow,2022,Possession Of Weapons,165,E09000018,Hounslow,hounslow,289358,0.570227883797925,57.0227883797925
Hounslow,hounslow,2022,Public Order Offences,1903,E09000018,Hounslow,hounslow,289358,6.576628259802736,657.6628259802736
Hounslow,hounslow,2022,Robbery,401,E09000018,Hounslow,hounslow,289358,1.3858265539573815,138.58265539573813
Hounslow,hounslow,2022,Sexual Offences,615,E09000018,Hounslow,hounslow,289358,2.1253948396104483,212.5394839610448
Hounslow,hounslow,2022,Theft,5121,E09000018,Hounslow,hounslow,289358,17.69779995714651,1769.7799957146512
Hounslow,hounslow,2022,Vehicle Offences,3140,E09000018,Hounslow,hounslow,289358,10.851609425002938,1085.1609425002937
Hounslow,hounslow,2022,Violence Against The Person,8213,E09000018,Hounslow,hounslow,289358,28.383524906862778,2838.352490686278
Hounslow,hounslow,2023,Arson And Criminal Damage,2001,E09000018,Hounslow,hounslow,291460,6.8654360804226995,686.54360804227
Hounslow,hounslow,2023,Burglary,2246,E09000018,Hounslow,hounslow,291460,7.70603170246346,770.603170246346
Hounslow,hounslow,2023,Drug Offences,973,E09000018,Hounslow,hounslow,291460,3.3383654703904484,333.83654703904483
Hounslow,hounslow,2023,Fraud And Forgery,0,E09000018,Hounslow,hounslow,291460,0.0,0.0
Hounslow,hounslow,2023,Miscellaneous Crimes Against Society,370,E09000018,Hounslow,hounslow,291460,1.269470939408495,126.94709394084951
Hounslow,hounslow,2023,Possession Of Weapons,193,E09000018,Hounslow,hounslow,291460,0.6621834900157826,66.21834900157826
Hounslow,hounslow,2023,Public Order Offences,1966,E09000018,Hounslow,hounslow,291460,6.745350991559733,674.5350991559733
Hounslow,hounslow,2023,Robbery,615,E09000018,Hounslow,hounslow,291460,2.1100665614492553,211.00665614492553
Hounslow,hounslow,2023,Sexual Offences,676,E09000018,Hounslow,hounslow,291460,2.3193577163247103,231.93577163247102
Hounslow,hounslow,2023,Theft,5878,E09000018,Hounslow,hounslow,291460,20.167432923900364,2016.7432923900365
Hounslow,hounslow,2023,Vehicle Offences,3876,E09000018,Hounslow,hounslow,291460,13.298565840938721,1329.8565840938722
Hounslow,hounslow,2023,Violence Against The Person,8791,E09000018,Hounslow,hounslow,291460,30.161943319838056,3016.1943319838056
Hounslow,hounslow,2024,Arson And Criminal Damage,1903,E09000018,Hounslow,hounslow,293167,6.49118079456419,649.1180794564191
Hounslow,hounslow,2024,Burglary,1528,E09000018,Hounslow,hounslow,293167,5.212046376297469,521.2046376297469
Hounslow,hounslow,2024,Drug Offences,1037,E09000018,Hounslow,hounslow,293167,3.5372330446469076,353.7233044646908
Hounslow,hounslow,2024,Fraud And Forgery,2,E09000018,Hounslow,hounslow,293167,0.006822050230755849,0.682205023075585
Hounslow,hounslow,2024,Miscellaneous Crimes Against Society,342,E09000018,Hounslow,hounslow,293167,1.1665705894592502,116.65705894592502
Hounslow,hounslow,2024,Possession Of Weapons,133,E09000018,Hounslow,hounslow,293167,0.45366634034526393,45.36663403452639
Hounslow,hounslow,2024,Public Order Offences,1843,E09000018,Hounslow,hounslow,293167,6.286519287641514,628.6519287641514
Hounslow,hounslow,2024,Robbery,682,E09000018,Hounslow,hounslow,293167,2.3263191286877443,232.63191286877444
Hounslow,hounslow,2024,Sexual Offences,734,E09000018,Hounslow,hounslow,293167,2.5036924346873963,250.36924346873963
Hounslow,hounslow,2024,Theft,6763,E09000018,Hounslow,hounslow,293167,23.068762855300903,2306.87628553009
Hounslow,hounslow,2024,Vehicle Offences,3296,E09000018,Hounslow,hounslow,293167,11.242738780285638,1124.2738780285638
Hounslow,hounslow,2024,Violence Against The Person,8349,E09000018,Hounslow,hounslow,293167,28.478648688290292,2847.864868829029
Hounslow,hounslow,2025,Arson And Criminal Damage,479,E09000018,Hounslow,hounslow,294459,1.626712038008687,162.6712038008687
Hounslow,hounslow,2025,Burglary,289,E09000018,Hounslow,hounslow,294459,0.9814609164603562,98.14609164603561
Hounslow,hounslow,2025,Drug Offences,256,E09000018,Hounslow,hounslow,294459,0.8693909848230145,86.93909848230145
Hounslow,hounslow,2025,Fraud And Forgery,0,E09000018,Hounslow,hounslow,294459,0.0,0.0
Hounslow,hounslow,2025,Miscellaneous Crimes Against Society,76,E09000018,Hounslow,hounslow,294459,0.2581004486193324,25.810044861933243
Hounslow,hounslow,2025,Possession Of Weapons,30,E09000018,Hounslow,hounslow,294459,0.101881756033947,10.1881756033947
Hounslow,hounslow,2025,Public Order Offences,437,E09000018,Hounslow,hounslow,294459,1.4840775795611614,148.40775795611614
Hounslow,hounslow,2025,Robbery,135,E09000018,Hounslow,hounslow,294459,0.4584679021527615,45.84679021527615
Hounslow,hounslow,2025,Sexual Offences,163,E09000018,Hounslow,hounslow,294459,0.5535575411177787,55.35575411177787
Hounslow,hounslow,2025,Theft,1378,E09000018,Hounslow,hounslow,294459,4.679768660492632,467.9768660492632
Hounslow,hounslow,2025,Vehicle Offences,829,E09000018,Hounslow,hounslow,294459,2.815332525071402,281.5332525071402
Hounslow,hounslow,2025,Violence Against The Person,1967,E09000018,Hounslow,hounslow,294459,6.680047137292458,668.0047137292459
Islington,islington,2010,Arson And Criminal Damage,1626,E09000019,Islington,islington,200129,8.124759530103084,812.4759530103083
Islington,islington,2010,Burglary,3988,E09000019,Islington,islington,200129,19.92714699019133,1992.7146990191327
Islington,islington,2010,Drug Offences,1319,E09000019,Islington,islington,200129,6.5907489669163395,659.074896691634
Islington,islington,2010,Fraud And Forgery,433,E09000019,Islington,islington,200129,2.163604475113552,216.36044751135518
Islington,islington,2010,Miscellaneous Crimes Against Society,185,E09000019,Islington,islington,200129,0.924403759575074,92.4403759575074
Islington,islington,2010,Nfib Fraud,0,E09000019,Islington,islington,200129,0.0,0.0
Islington,islington,2010,Possession Of Weapons,124,E09000019,Islington,islington,200129,0.6196003577692388,61.96003577692388
Islington,islington,2010,Public Order Offences,690,E09000019,Islington,islington,200129,3.447776184361087,344.7776184361087
Islington,islington,2010,Robbery,675,E09000019,Islington,islington,200129,3.3728245281793243,337.28245281793244
Islington,islington,2010,Sexual Offences,199,E09000019,Islington,islington,200129,0.9943586386780526,99.43586386780525
Islington,islington,2010,Theft,7139,E09000019,Islington,islington,200129,35.671991565440294,3567.1991565440294
Islington,islington,2010,Vehicle Offences,2439,E09000019,Islington,islington,200129,12.187139295154626,1218.7139295154625
Islington,islington,2010,Violence Against The Person,3462,E09000019,Islington,islington,200129,17.298842246750848,1729.8842246750846
Islington,islington,2011,Arson And Criminal Damage,1985,E09000019,Islington,islington,206639,9.606124690886038,960.6124690886038
Islington,islington,2011,Burglary,5606,E09000019,Islington,islington,206639,27.129438295771855,2712.943829577185
Islington,islington,2011,Drug Offences,1741,E09000019,Islington,islington,206639,8.425321454323724,842.5321454323724
Islington,islington,2011,Fraud And Forgery,490,E09000019,Islington,islington,206639,2.3712851881784176,237.12851881784175
Islington,islington,2011,Miscellaneous Crimes Against Society,293,E09000019,Islington,islington,206639,1.4179317553801556,141.79317553801556
Islington,islington,2011,Nfib Fraud,0,E09000019,Islington,islington,206639,0.0,0.0
Islington,islington,2011,Possession Of Weapons,162,E09000019,Islington,islington,206639,0.7839759193569462,78.39759193569462
Islington,islington,2011,Public Order Offences,998,E09000019,Islington,islington,206639,4.829678811840941,482.96788118409404
Islington,islington,2011,Robbery,1119,E09000019,Islington,islington,206639,5.415241072595202,541.5241072595202
Islington,islington,2011,Sexual Offences,275,E09000019,Islington,islington,206639,1.3308233198960506,133.08233198960508
Islington,islington,2011,Theft,10115,E09000019,Islington,islington,206639,48.95010138454019,4895.0101384540185
Islington,islington,2011,Vehicle Offences,2668,E09000019,Islington,islington,206639,12.911405881755138,1291.1405881755138
Islington,islington,2011,Violence Against The Person,3918,E09000019,Islington,islington,206639,18.960602790373553,1896.060279037355
Islington,islington,2012,Arson And Criminal Damage,1823,E09000019,Islington,islington,211400,8.623462630085147,862.3462630085147
Islington,islington,2012,Burglary,4802,E09000019,Islington,islington,211400,22.715231788079468,2271.523178807947
Islington,islington,2012,Drug Offences,1673,E09000019,Islington,islington,211400,7.913907284768212,791.3907284768212
Islington,islington,2012,Fraud And Forgery,807,E09000019,Islington,islington,211400,3.8174077578051087,381.7407757805109
Islington,islington,2012,Miscellaneous Crimes Against Society,259,E09000019,Islington,islington,211400,1.2251655629139073,122.51655629139074
Islington,islington,2012,Nfib Fraud,0,E09000019,Islington,islington,211400,0.0,0.0
Islington,islington,2012,Possession Of Weapons,145,E09000019,Islington,islington,211400,0.6859035004730369,68.59035004730369
Islington,islington,2012,Public Order Offences,1122,E09000019,Islington,islington,211400,5.307473982970672,530.7473982970672
Islington,islington,2012,Robbery,1155,E09000019,Islington,islington,211400,5.4635761589403975,546.3576158940398
Islington,islington,2012,Sexual Offences,279,E09000019,Islington,islington,211400,1.3197729422894986,131.97729422894986
Islington,islington,2012,Theft,11121,E09000019,Islington,islington,211400,52.60643330179754,5260.643330179754
Islington,islington,2012,Vehicle Offences,2331,E09000019,Islington,islington,211400,11.026490066225167,1102.6490066225165
Islington,islington,2012,Violence Against The Person,4007,E09000019,Islington,islington,211400,18.954588457899717,1895.4588457899715
Islington,islington,2013,Arson And Criminal Damage,1556,E09000019,Islington,islington,216024,7.202903381105803,720.2903381105804
Islington,islington,2013,Burglary,4778,E09000019,Islington,islington,216024,22.11791282450098,2211.791282450098
Islington,islington,2013,Drug Offences,1403,E09000019,Islington,islington,216024,6.49464874273229,649.4648742732289
Islington,islington,2013,Fraud And Forgery,59,E09000019,Islington,islington,216024,0.2731178017257342,27.311780172573418
Islington,islington,2013,Miscellaneous Crimes Against Society,299,E09000019,Islington,islington,216024,1.384105469762619,138.4105469762619
Islington,islington,2013,Nfib Fraud,0,E09000019,Islington,islington,216024,0.0,0.0
Islington,islington,2013,Possession Of Weapons,129,E09000019,Islington,islington,216024,0.5971558715698255,59.71558715698256
Islington,islington,2013,Public Order Offences,953,E09000019,Islington,islington,216024,4.41154686516313,441.154686516313
Islington,islington,2013,Robbery,939,E09000019,Islington,islington,216024,4.346739251194312,434.67392511943115
Islington,islington,2013,Sexual Offences,284,E09000019,Islington,islington,216024,1.3146687405103137,131.46687405103137
Islington,islington,2013,Theft,9877,E09000019,Islington,islington,216024,45.7217716550013,4572.177165500129
Islington,islington,2013,Vehicle Offences,2233,E09000019,Islington,islington,216024,10.336814428026514,1033.6814428026514
Islington,islington,2013,Violence Against The Person,3880,E09000019,Islington,islington,216024,17.96096729992964,1796.096729992964
Islington,islington,2014,Arson And Criminal Damage,1906,E09000019,Islington,islington,221383,8.609513828975125,860.9513828975124
Islington,islington,2014,Burglary,4702,E09000019,Islington,islington,221383,21.23920987609708,2123.9209876097084
Islington,islington,2014,Drug Offences,1312,E09000019,Islington,islington,221383,5.926380977762521,592.638097776252
Islington,islington,2014,Fraud And Forgery,0,E09000019,Islington,islington,221383,0.0,0.0
Islington,islington,2014,Miscellaneous Crimes Against Society,255,E09000019,Islington,islington,221383,1.1518499613791484,115.18499613791484
Islington,islington,2014,Nfib Fraud,0,E09000019,Islington,islington,221383,0.0,0.0
Islington,islington,2014,Possession Of Weapons,166,E09000019,Islington,islington,221383,0.7498317395644651,74.98317395644652
Islington,islington,2014,Public Order Offences,1493,E09000019,Islington,islington,221383,6.743968597408112,674.3968597408112
Islington,islington,2014,Robbery,834,E09000019,Islington,islington,221383,3.7672269325106265,376.72269325106265
Islington,islington,2014,Sexual Offences,372,E09000019,Islington,islington,221383,1.6803458260119342,168.03458260119342
Islington,islington,2014,Theft,8864,E09000019,Islington,islington,221383,40.03920806927361,4003.9208069273614
Islington,islington,2014,Vehicle Offences,2393,E09000019,Islington,islington,221383,10.809321402275694,1080.9321402275693
Islington,islington,2014,Violence Against The Person,4993,E09000019,Islington,islington,221383,22.55367394967093,2255.3673949670933
Islington,islington,2015,Arson And Criminal Damage,1927,E09000019,Islington,islington,228045,8.450086605713784,845.0086605713784
Islington,islington,2015,Burglary,4688,E09000019,Islington,islington,228045,20.557346137823675,2055.734613782368
Islington,islington,2015,Drug Offences,1388,E09000019,Islington,islington,228045,6.086518011795918,608.6518011795918
Islington,islington,2015,Fraud And Forgery,0,E09000019,Islington,islington,228045,0.0,0.0
Islington,islington,2015,Miscellaneous Crimes Against Society,314,E09000019,Islington,islington,228045,1.376921221688702,137.69212216887018
Islington,islington,2015,Nfib Fraud,0,E09000019,Islington,islington,228045,0.0,0.0
Islington,islington,2015,Possession Of Weapons,169,E09000019,Islington,islington,228045,0.7410818040299063,74.10818040299063
Islington,islington,2015,Public Order Offences,1740,E09000019,Islington,islington,228045,7.630073011905545,763.0073011905546
Islington,islington,2015,Robbery,978,E09000019,Islington,islington,228045,4.288627244622772,428.86272446227713
Islington,islington,2015,Sexual Offences,447,E09000019,Islington,islington,228045,1.9601394461619417,196.01394461619415
Islington,islington,2015,Theft,9988,E09000019,Islington,islington,228045,43.79837312811068,4379.837312811068
Islington,islington,2015,Vehicle Offences,2440,E09000019,Islington,islington,228045,10.69964261439628,1069.964261439628
Islington,islington,2015,Violence Against The Person,5716,E09000019,Islington,islington,228045,25.065228354052927,2506.522835405293
Islington,islington,2016,Arson And Criminal Damage,1844,E09000019,Islington,islington,233218,7.906765344012897,790.6765344012898
Islington,islington,2016,Burglary,4104,E09000019,Islington,islington,233218,17.59726950749942,1759.726950749942
Islington,islington,2016,Drug Offences,1793,E09000019,Islington,islington,233218,7.6880858252793525,768.8085825279353
Islington,islington,2016,Fraud And Forgery,0,E09000019,Islington,islington,233218,0.0,0.0
Islington,islington,2016,Miscellaneous Crimes Against Society,295,E09000019,Islington,islington,233218,1.2649109416940374,126.49109416940374
Islington,islington,2016,Nfib Fraud,0,E09000019,Islington,islington,233218,0.0,0.0
Islington,islington,2016,Possession Of Weapons,211,E09000019,Islington,islington,233218,0.904732910838786,90.4732910838786
Islington,islington,2016,Public Order Offences,1810,E09000019,Islington,islington,233218,7.760978998190534,776.0978998190535
Islington,islington,2016,Robbery,934,E09000019,Islington,islington,233218,4.0048366764143415,400.4836676414342
Islington,islington,2016,Sexual Offences,482,E09000019,Islington,islington,233218,2.066735843717037,206.67358437170373
Islington,islington,2016,Theft,9672,E09000019,Islington,islington,233218,41.47192755276179,4147.192755276179
Islington,islington,2016,Vehicle Offences,2388,E09000019,Islington,islington,233218,10.239346877170716,1023.9346877170716
Islington,islington,2016,Violence Against The Person,6064,E09000019,Islington,islington,233218,26.00142356078862,2600.142356078862
Islington,islington,2017,Arson And Criminal Damage,1761,E09000019,Islington,islington,235370,7.481837107532821,748.1837107532821
Islington,islington,2017,Burglary,4742,E09000019,Islington,islington,235370,20.147002591664187,2014.7002591664186
Islington,islington,2017,Drug Offences,1422,E09000019,Islington,islington,235370,6.041551599609126,604.1551599609127
Islington,islington,2017,Fraud And Forgery,0,E09000019,Islington,islington,235370,0.0,0.0
Islington,islington,2017,Miscellaneous Crimes Against Society,299,E09000019,Islington,islington,235370,1.2703403152483324,127.03403152483324
Islington,islington,2017,Nfib Fraud,0,E09000019,Islington,islington,235370,0.0,0.0
Islington,islington,2017,Possession Of Weapons,267,E09000019,Islington,islington,235370,1.1343841611080427,113.43841611080427
Islington,islington,2017,Public Order Offences,1699,E09000019,Islington,islington,235370,7.218422058886009,721.8422058886009
Islington,islington,2017,Robbery,1789,E09000019,Islington,islington,235370,7.6007987424055745,760.0798742405574
Islington,islington,2017,Sexual Offences,617,E09000019,Islington,islington,235370,2.6214045970174618,262.1404597017462
Islington,islington,2017,Theft,12644,E09000019,Islington,islington,235370,53.71967540468199,5371.967540468199
Islington,islington,2017,Vehicle Offences,2993,E09000019,Islington,islington,235370,12.716149041933976,1271.6149041933977
Islington,islington,2017,Violence Against The Person,6126,E09000019,Islington,islington,235370,26.027106258231722,2602.710625823172
Islington,islington,2018,Arson And Criminal Damage,1626,E09000019,Islington,islington,238267,6.8242769665962975,682.4276966596298
Islington,islington,2018,Burglary,5478,E09000019,Islington,islington,238267,22.991014282296753,2299.101428229675
Islington,islington,2018,Drug Offences,1270,E09000019,Islington,islington,238267,5.330154826308301,533.0154826308301
Islington,islington,2018,Fraud And Forgery,0,E09000019,Islington,islington,238267,0.0,0.0
Islington,islington,2018,Miscellaneous Crimes Against Society,325,E09000019,Islington,islington,238267,1.3640159988584235,136.40159988584236
Islington,islington,2018,Nfib Fraud,0,E09000019,Islington,islington,238267,0.0,0.0
Islington,islington,2018,Possession Of Weapons,238,E09000019,Islington,islington,238267,0.998879408394784,99.88794083947839
Islington,islington,2018,Public Order Offences,1614,E09000019,Islington,islington,238267,6.77391329894614,677.3913298946139
Islington,islington,2018,Robbery,1496,E09000019,Islington,islington,238267,6.278670567052928,627.8670567052928
Islington,islington,2018,Sexual Offences,559,E09000019,Islington,islington,238267,2.3461075180364883,234.61075180364884
Islington,islington,2018,Theft,9224,E09000019,Islington,islington,238267,38.712872533754144,3871.287253375415
Islington,islington,2018,Vehicle Offences,2771,E09000019,Islington,islington,238267,11.629810254882129,1162.981025488213
Islington,islington,2018,Violence Against The Person,6443,E09000019,Islington,islington,238267,27.041092555830225,2704.1092555830223
Islington,islington,2019,Arson And Criminal Damage,1507,E09000019,Islington,islington,241589,6.237866790292605,623.7866790292604
Islington,islington,2019,Burglary,5306,E09000019,Islington,islington,241589,21.962920497208067,2196.2920497208065
Islington,islington,2019,Drug Offences,1323,E09000019,Islington,islington,241589,5.476242709726022,547.6242709726022
Islington,islington,2019,Fraud And Forgery,0,E09000019,Islington,islington,241589,0.0,0.0
Islington,islington,2019,Miscellaneous Crimes Against Society,307,E09000019,Islington,islington,241589,1.2707532213801125,127.07532213801124
Islington,islington,2019,Nfib Fraud,0,E09000019,Islington,islington,241589,0.0,0.0
Islington,islington,2019,Possession Of Weapons,252,E09000019,Islington,islington,241589,1.0430938494716233,104.30938494716234
Islington,islington,2019,Public Order Offences,1694,E09000019,Islington,islington,241589,7.011908654781467,701.1908654781467
Islington,islington,2019,Robbery,1567,E09000019,Islington,islington,241589,6.486222468738228,648.6222468738229
Islington,islington,2019,Sexual Offences,603,E09000019,Islington,islington,241589,2.4959745683785273,249.59745683785272
Islington,islington,2019,Theft,10553,E09000019,Islington,islington,241589,43.68162457727794,4368.1624577277935
Islington,islington,2019,Vehicle Offences,3077,E09000019,Islington,islington,241589,12.736507042953114,1273.6507042953115
Islington,islington,2019,Violence Against The Person,6315,E09000019,Islington,islington,241589,26.139435156401987,2613.9435156401987
Islington,islington,2020,Arson And Criminal Damage,1409,E09000019,Islington,islington,242827,5.80248489665482,580.248489665482
Islington,islington,2020,Burglary,4174,E09000019,Islington,islington,242827,17.18919230563323,1718.919230563323
Islington,islington,2020,Drug Offences,1519,E09000019,Islington,islington,242827,6.255482298096999,625.5482298096999
Islington,islington,2020,Fraud And Forgery,0,E09000019,Islington,islington,242827,0.0,0.0
Islington,islington,2020,Miscellaneous Crimes Against Society,286,E09000019,Islington,islington,242827,1.1777932437496652,117.77932437496654
Islington,islington,2020,Nfib Fraud,0,E09000019,Islington,islington,242827,0.0,0.0
Islington,islington,2020,Possession Of Weapons,187,E09000019,Islington,islington,242827,0.7700955824517043,77.00955824517044
Islington,islington,2020,Public Order Offences,1855,E09000019,Islington,islington,242827,7.639183451593109,763.9183451593109
Islington,islington,2020,Robbery,1165,E09000019,Islington,islington,242827,4.797654297092169,479.76542970921685
Islington,islington,2020,Sexual Offences,462,E09000019,Islington,islington,242827,1.9025890860571517,190.25890860571516
Islington,islington,2020,Theft,7378,E09000019,Islington,islington,242827,30.383771162185425,3038.3771162185426
Islington,islington,2020,Vehicle Offences,2545,E09000019,Islington,islington,242827,10.480712606094052,1048.071260609405
Islington,islington,2020,Violence Against The Person,5866,E09000019,Islington,islington,242827,24.157115971452928,2415.7115971452927
Islington,islington,2021,Arson And Criminal Damage,1486,E09000019,Islington,islington,244372,6.080893064671893,608.0893064671893
Islington,islington,2021,Burglary,3552,E09000019,Islington,islington,244372,14.535216800615457,1453.5216800615456
Islington,islington,2021,Drug Offences,1162,E09000019,Islington,islington,244372,4.755045586237376,475.5045586237376
Islington,islington,2021,Fraud And Forgery,0,E09000019,Islington,islington,244372,0.0,0.0
Islington,islington,2021,Miscellaneous Crimes Against Society,272,E09000019,Islington,islington,244372,1.1130571423894717,111.30571423894717
Islington,islington,2021,Nfib Fraud,0,E09000019,Islington,islington,244372,0.0,0.0
Islington,islington,2021,Possession Of Weapons,174,E09000019,Islington,islington,244372,0.7120292013815003,71.20292013815003
Islington,islington,2021,Public Order Offences,1910,E09000019,Islington,islington,244372,7.8159527278084235,781.5952727808424
Islington,islington,2021,Robbery,1002,E09000019,Islington,islington,244372,4.100306090714157,410.0306090714157
Islington,islington,2021,Sexual Offences,578,E09000019,Islington,islington,244372,2.3652464275776275,236.52464275776276
Islington,islington,2021,Theft,7199,E09000019,Islington,islington,244372,29.459185176697822,2945.918517669782
Islington,islington,2021,Vehicle Offences,2261,E09000019,Islington,islington,244372,9.252287496112483,925.2287496112484
Islington,islington,2021,Violence Against The Person,6513,E09000019,Islington,islington,244372,26.65198958964202,2665.198958964202
Islington,islington,2022,Arson And Criminal Damage,1538,E09000019,Islington,islington,245839,6.2561269774120465,625.6126977412047
Islington,islington,2022,Burglary,3396,E09000019,Islington,islington,245839,13.81391886559903,1381.391886559903
Islington,islington,2022,Drug Offences,1191,E09000019,Islington,islington,245839,4.844634089790472,484.46340897904724
Islington,islington,2022,Fraud And Forgery,0,E09000019,Islington,islington,245839,0.0,0.0
Islington,islington,2022,Miscellaneous Crimes Against Society,336,E09000019,Islington,islington,245839,1.366748156313685,136.6748156313685
Islington,islington,2022,Nfib Fraud,0,E09000019,Islington,islington,245839,0.0,0.0
Islington,islington,2022,Possession Of Weapons,181,E09000019,Islington,islington,245839,0.7362542151570743,73.62542151570743
Islington,islington,2022,Public Order Offences,2005,E09000019,Islington,islington,245839,8.155744206574221,815.574420657422
Islington,islington,2022,Robbery,1042,E09000019,Islington,islington,245839,4.238546365710892,423.8546365710892
Islington,islington,2022,Sexual Offences,639,E09000019,Islington,islington,245839,2.5992621187037046,259.9262118703705
Islington,islington,2022,Theft,8995,E09000019,Islington,islington,245839,36.588987101314274,3658.8987101314274
Islington,islington,2022,Vehicle Offences,2488,E09000019,Islington,islington,245839,10.120444681275144,1012.0444681275143
Islington,islington,2022,Violence Against The Person,6977,E09000019,Islington,islington,245839,28.38036275773982,2838.036275773982
Islington,islington,2023,Arson And Criminal Damage,1565,E09000019,Islington,islington,247009,6.335801529498925,633.5801529498925
Islington,islington,2023,Burglary,2377,E09000019,Islington,islington,247009,9.623131140970573,962.3131140970572
Islington,islington,2023,Drug Offences,1205,E09000019,Islington,islington,247009,4.878364755940067,487.8364755940067
Islington,islington,2023,Fraud And Forgery,0,E09000019,Islington,islington,247009,0.0,0.0
Islington,islington,2023,Miscellaneous Crimes Against Society,407,E09000019,Islington,islington,247009,1.6477132412179314,164.77132412179313
Islington,islington,2023,Nfib Fraud,0,E09000019,Islington,islington,247009,0.0,0.0
Islington,islington,2023,Possession Of Weapons,227,E09000019,Islington,islington,247009,0.9189948544385023,91.89948544385022
Islington,islington,2023,Public Order Offences,1953,E09000019,Islington,islington,247009,7.906594496556806,790.6594496556805
Islington,islington,2023,Robbery,1283,E09000019,Islington,islington,247009,5.194142723544486,519.4142723544486
Islington,islington,2023,Sexual Offences,713,E09000019,Islington,islington,247009,2.8865344987429604,288.6534498742961
Islington,islington,2023,Theft,9998,E09000019,Islington,islington,247009,40.476257950115176,4047.6257950115178
Islington,islington,2023,Vehicle Offences,2244,E09000019,Islington,islington,247009,9.084689221850216,908.4689221850215
Islington,islington,2023,Violence Against The Person,7061,E09000019,Islington,islington,247009,28.58600293916416,2858.600293916416
Islington,islington,2024,Arson And Criminal Damage,1655,E09000019,Islington,islington,247841,6.677668343817205,667.7668343817205
Islington,islington,2024,Burglary,1799,E09000019,Islington,islington,247841,7.258686012403113,725.8686012403114
Islington,islington,2024,Drug Offences,1146,E09000019,Islington,islington,247841,4.623932279162851,462.39322791628507
Islington,islington,2024,Fraud And Forgery,4,E09000019,Islington,islington,247841,0.016139379682941886,1.6139379682941886
Islington,islington,2024,Miscellaneous Crimes Against Society,239,E09000019,Islington,islington,247841,0.9643279360557777,96.43279360557777
Islington,islington,2024,Nfib Fraud,3,E09000019,Islington,islington,247841,0.012104534762206414,1.2104534762206414
Islington,islington,2024,Possession Of Weapons,155,E09000019,Islington,islington,247841,0.625400962713998,62.540096271399804
Islington,islington,2024,Public Order Offences,1873,E09000019,Islington,islington,247841,7.557264536537539,755.7264536537539
Islington,islington,2024,Robbery,1248,E09000019,Islington,islington,247841,5.035486461077868,503.5486461077868
Islington,islington,2024,Sexual Offences,714,E09000019,Islington,islington,247841,2.8808792734051263,288.08792734051264
Islington,islington,2024,Theft,12374,E09000019,Islington,islington,247841,49.92717104918072,4992.717104918072
Islington,islington,2024,Vehicle Offences,2510,E09000019,Islington,islington,247841,10.127460751046033,1012.7460751046034
Islington,islington,2024,Violence Against The Person,6787,E09000019,Islington,islington,247841,27.384492477031646,2738.4492477031645
Islington,islington,2025,Arson And Criminal Damage,469,E09000019,Islington,islington,248352,1.8884486535240306,188.84486535240305
Islington,islington,2025,Burglary,391,E09000019,Islington,islington,248352,1.5743783017652364,157.43783017652365
Islington,islington,2025,Drug Offences,392,E09000019,Islington,islington,248352,1.578404844736503,157.8404844736503
Islington,islington,2025,Fraud And Forgery,0,E09000019,Islington,islington,248352,0.0,0.0
Islington,islington,2025,Miscellaneous Crimes Against Society,84,E09000019,Islington,islington,248352,0.33822960958639353,33.82296095863935
Islington,islington,2025,Nfib Fraud,0,E09000019,Islington,islington,248352,0.0,0.0
Islington,islington,2025,Possession Of Weapons,38,E09000019,Islington,islington,248352,0.15300863290813038,15.300863290813039
Islington,islington,2025,Public Order Offences,498,E09000019,Islington,islington,248352,2.0052183996907615,200.52183996907615
Islington,islington,2025,Robbery,303,E09000019,Islington,islington,248352,1.2200425202937766,122.00425202937765
Islington,islington,2025,Sexual Offences,195,E09000019,Islington,islington,248352,0.785175879396985,78.5175879396985
Islington,islington,2025,Theft,2809,E09000019,Islington,islington,248352,11.310559206287849,1131.0559206287849
Islington,islington,2025,Vehicle Offences,687,E09000019,Islington,islington,248352,2.766235021260147,276.62350212601467
Islington,islington,2025,Violence Against The Person,1685,E09000019,Islington,islington,248352,6.784724906584203,678.4724906584204
Kensington And Chelsea,kensington and chelsea,2010,Arson And Criminal Damage,875,E09000020,Kensington and Chelsea,kensington and chelsea,160463,5.452970466711952,545.2970466711953
Kensington And Chelsea,kensington and chelsea,2010,Burglary,2534,E09000020,Kensington and Chelsea,kensington and chelsea,160463,15.791802471597814,1579.1802471597814
Kensington And Chelsea,kensington and chelsea,2010,Drug Offences,1665,E09000020,Kensington and Chelsea,kensington and chelsea,160463,10.376223802371886,1037.6223802371887
Kensington And Chelsea,kensington and chelsea,2010,Fraud And Forgery,486,E09000020,Kensington and Chelsea,kensington and chelsea,160463,3.02873559636801,302.873559636801
Kensington And Chelsea,kensington and chelsea,2010,Miscellaneous Crimes Against Society,124,E09000020,Kensington and Chelsea,kensington and chelsea,160463,0.7727638147111795,77.27638147111794
Kensington And Chelsea,kensington and chelsea,2010,Possession Of Weapons,112,E09000020,Kensington and Chelsea,kensington and chelsea,160463,0.6979802197391298,69.79802197391298
Kensington And Chelsea,kensington and chelsea,2010,Public Order Offences,238,E09000020,Kensington and Chelsea,kensington and chelsea,160463,1.483207966945651,148.3207966945651
Kensington And Chelsea,kensington and chelsea,2010,Robbery,369,E09000020,Kensington and Chelsea,kensington and chelsea,160463,2.299595545390526,229.95955453905265
Kensington And Chelsea,kensington and chelsea,2010,Sexual Offences,107,E09000020,Kensington and Chelsea,kensington and chelsea,160463,0.6668203885007759,66.68203885007759
Kensington And Chelsea,kensington and chelsea,2010,Theft,6905,E09000020,Kensington and Chelsea,kensington and chelsea,160463,43.0317269401669,4303.172694016689
Kensington And Chelsea,kensington and chelsea,2010,Vehicle Offences,1508,E09000020,Kensington and Chelsea,kensington and chelsea,160463,9.39780510148757,939.780510148757
Kensington And Chelsea,kensington and chelsea,2010,Violence Against The Person,1835,E09000020,Kensington and Chelsea,kensington and chelsea,160463,11.435658064475922,1143.5658064475922
Kensington And Chelsea,kensington and chelsea,2011,Arson And Criminal Damage,1107,E09000020,Kensington and Chelsea,kensington and chelsea,158652,6.977535738597686,697.7535738597686
Kensington And Chelsea,kensington and chelsea,2011,Burglary,3448,E09000020,Kensington and Chelsea,kensington and chelsea,158652,21.733101379119077,2173.310137911908
Kensington And Chelsea,kensington and chelsea,2011,Drug Offences,1622,E09000020,Kensington and Chelsea,kensington and chelsea,158652,10.223634117439428,1022.3634117439427
Kensington And Chelsea,kensington and chelsea,2011,Fraud And Forgery,625,E09000020,Kensington and Chelsea,kensington and chelsea,158652,3.9394397801477443,393.9439780147745
Kensington And Chelsea,kensington and chelsea,2011,Miscellaneous Crimes Against Society,212,E09000020,Kensington and Chelsea,kensington and chelsea,158652,1.336257973426115,133.62579734261152
Kensington And Chelsea,kensington and chelsea,2011,Possession Of Weapons,92,E09000020,Kensington and Chelsea,kensington and chelsea,158652,0.579885535637748,57.98855356377481
Kensington And Chelsea,kensington and chelsea,2011,Public Order Offences,288,E09000020,Kensington and Chelsea,kensington and chelsea,158652,1.8152938506920808,181.52938506920808
Kensington And Chelsea,kensington and chelsea,2011,Robbery,554,E09000020,Kensington and Chelsea,kensington and chelsea,158652,3.4919194211229607,349.1919421122961
Kensington And Chelsea,kensington and chelsea,2011,Sexual Offences,160,E09000020,Kensington and Chelsea,kensington and chelsea,158652,1.0084965837178226,100.84965837178225
Kensington And Chelsea,kensington and chelsea,2011,Theft,9124,E09000020,Kensington and Chelsea,kensington and chelsea,158652,57.509517686508836,5750.951768650884
Kensington And Chelsea,kensington and chelsea,2011,Vehicle Offences,2025,E09000020,Kensington and Chelsea,kensington and chelsea,158652,12.763784887678693,1276.3784887678694
Kensington And Chelsea,kensington and chelsea,2011,Violence Against The Person,2294,E09000020,Kensington and Chelsea,kensington and chelsea,158652,14.459319769054282,1445.9319769054282
Kensington And Chelsea,kensington and chelsea,2012,Arson And Criminal Damage,1025,E09000020,Kensington and Chelsea,kensington and chelsea,156331,6.556601058011527,655.6601058011527
Kensington And Chelsea,kensington and chelsea,2012,Burglary,3544,E09000020,Kensington and Chelsea,kensington and chelsea,156331,22.66984795082229,2266.984795082229
Kensington And Chelsea,kensington and chelsea,2012,Drug Offences,1343,E09000020,Kensington and Chelsea,kensington and chelsea,156331,8.59074655698486,859.0746556984859
Kensington And Chelsea,kensington and chelsea,2012,Fraud And Forgery,900,E09000020,Kensington and Chelsea,kensington and chelsea,156331,5.7570155631320725,575.7015563132072
Kensington And Chelsea,kensington and chelsea,2012,Miscellaneous Crimes Against Society,192,E09000020,Kensington and Chelsea,kensington and chelsea,156331,1.228163320134842,122.8163320134842
Kensington And Chelsea,kensington and chelsea,2012,Possession Of Weapons,75,E09000020,Kensington and Chelsea,kensington and chelsea,156331,0.4797512969276727,47.97512969276727
Kensington And Chelsea,kensington and chelsea,2012,Public Order Offences,396,E09000020,Kensington and Chelsea,kensington and chelsea,156331,2.533086847778112,253.3086847778112
Kensington And Chelsea,kensington and chelsea,2012,Robbery,635,E09000020,Kensington and Chelsea,kensington and chelsea,156331,4.061894313987629,406.1894313987629
Kensington And Chelsea,kensington and chelsea,2012,Sexual Offences,186,E09000020,Kensington and Chelsea,kensington and chelsea,156331,1.1897832163806283,118.97832163806282
Kensington And Chelsea,kensington and chelsea,2012,Theft,9764,E09000020,Kensington and Chelsea,kensington and chelsea,156331,62.457222176023954,6245.722217602395
Kensington And Chelsea,kensington and chelsea,2012,Vehicle Offences,2218,E09000020,Kensington and Chelsea,kensington and chelsea,156331,14.187845021141042,1418.784502114104
Kensington And Chelsea,kensington and chelsea,2012,Violence Against The Person,2187,E09000020,Kensington and Chelsea,kensington and chelsea,156331,13.989547818410935,1398.9547818410936
Kensington And Chelsea,kensington and chelsea,2013,Arson And Criminal Damage,812,E09000020,Kensington and Chelsea,kensington and chelsea,155995,5.205295041507741,520.5295041507741
Kensington And Chelsea,kensington and chelsea,2013,Burglary,3488,E09000020,Kensington and Chelsea,kensington and chelsea,155995,22.359691015737685,2235.9691015737685
Kensington And Chelsea,kensington and chelsea,2013,Drug Offences,1096,E09000020,Kensington and Chelsea,kensington and chelsea,155995,7.025866213660694,702.5866213660695
Kensington And Chelsea,kensington and chelsea,2013,Fraud And Forgery,96,E09000020,Kensington and Chelsea,kensington and chelsea,155995,0.6154043398826886,61.54043398826886
Kensington And Chelsea,kensington and chelsea,2013,Miscellaneous Crimes Against Society,209,E09000020,Kensington and Chelsea,kensington and chelsea,155995,1.3397865316196031,133.9786531619603
Kensington And Chelsea,kensington and chelsea,2013,Possession Of Weapons,60,E09000020,Kensington and Chelsea,kensington and chelsea,155995,0.3846277124266803,38.46277124266803
Kensington And Chelsea,kensington and chelsea,2013,Public Order Offences,432,E09000020,Kensington and Chelsea,kensington and chelsea,155995,2.7693195294720985,276.9319529472099
Kensington And Chelsea,kensington and chelsea,2013,Robbery,534,E09000020,Kensington and Chelsea,kensington and chelsea,155995,3.4231866405974554,342.3186640597455
Kensington And Chelsea,kensington and chelsea,2013,Sexual Offences,210,E09000020,Kensington and Chelsea,kensington and chelsea,155995,1.346196993493381,134.6196993493381
Kensington And Chelsea,kensington and chelsea,2013,Theft,8630,E09000020,Kensington and Chelsea,kensington and chelsea,155995,55.322285970704186,5532.228597070419
Kensington And Chelsea,kensington and chelsea,2013,Vehicle Offences,2043,E09000020,Kensington and Chelsea,kensington and chelsea,155995,13.096573608128466,1309.6573608128467
Kensington And Chelsea,kensington and chelsea,2013,Violence Against The Person,2051,E09000020,Kensington and Chelsea,kensington and chelsea,155995,13.147857303118691,1314.785730311869
Kensington And Chelsea,kensington and chelsea,2014,Arson And Criminal Damage,942,E09000020,Kensington and Chelsea,kensington and chelsea,156591,6.015671398739392,601.5671398739391
Kensington And Chelsea,kensington and chelsea,2014,Burglary,3140,E09000020,Kensington and Chelsea,kensington and chelsea,156591,20.05223799579797,2005.2237995797968
Kensington And Chelsea,kensington and chelsea,2014,Drug Offences,782,E09000020,Kensington and Chelsea,kensington and chelsea,156591,4.993901309781533,499.3901309781533
Kensington And Chelsea,kensington and chelsea,2014,Fraud And Forgery,0,E09000020,Kensington and Chelsea,kensington and chelsea,156591,0.0,0.0
Kensington And Chelsea,kensington and chelsea,2014,Miscellaneous Crimes Against Society,186,E09000020,Kensington and Chelsea,kensington and chelsea,156591,1.1878077284135105,118.78077284135104
Kensington And Chelsea,kensington and chelsea,2014,Possession Of Weapons,55,E09000020,Kensington and Chelsea,kensington and chelsea,156591,0.3512334680792638,35.12334680792638
Kensington And Chelsea,kensington and chelsea,2014,Public Order Offences,743,E09000020,Kensington and Chelsea,kensington and chelsea,156591,4.744844850598055,474.4844850598054
Kensington And Chelsea,kensington and chelsea,2014,Robbery,457,E09000020,Kensington and Chelsea,kensington and chelsea,156591,2.918430816585883,291.84308165858835
Kensington And Chelsea,kensington and chelsea,2014,Sexual Offences,238,E09000020,Kensington and Chelsea,kensington and chelsea,156591,1.5198830073248142,151.98830073248143
Kensington And Chelsea,kensington and chelsea,2014,Theft,7905,E09000020,Kensington and Chelsea,kensington and chelsea,156591,50.481828457574196,5048.182845757419
Kensington And Chelsea,kensington and chelsea,2014,Vehicle Offences,2295,E09000020,Kensington and Chelsea,kensington and chelsea,156591,14.65601471348928,1465.6014713489283
Kensington And Chelsea,kensington and chelsea,2014,Violence Against The Person,2829,E09000020,Kensington and Chelsea,kensington and chelsea,156591,18.066172385386135,1806.6172385386135
Kensington And Chelsea,kensington and chelsea,2015,Arson And Criminal Damage,1026,E09000020,Kensington and Chelsea,kensington and chelsea,158112,6.4890710382513666,648.9071038251367
Kensington And Chelsea,kensington and chelsea,2015,Burglary,3180,E09000020,Kensington and Chelsea,kensington and chelsea,158112,20.11232544019429,2011.232544019429
Kensington And Chelsea,kensington and chelsea,2015,Drug Offences,1028,E09000020,Kensington and Chelsea,kensington and chelsea,158112,6.501720299534507,650.1720299534508
Kensington And Chelsea,kensington and chelsea,2015,Fraud And Forgery,0,E09000020,Kensington and Chelsea,kensington and chelsea,158112,0.0,0.0
Kensington And Chelsea,kensington and chelsea,2015,Miscellaneous Crimes Against Society,203,E09000020,Kensington and Chelsea,kensington and chelsea,158112,1.2839000202388182,128.3900020238818
Kensington And Chelsea,kensington and chelsea,2015,Possession Of Weapons,152,E09000020,Kensington and Chelsea,kensington and chelsea,158112,0.9613438575187209,96.13438575187209
Kensington And Chelsea,kensington and chelsea,2015,Public Order Offences,1054,E09000020,Kensington and Chelsea,kensington and chelsea,158112,6.666160696215341,666.6160696215342
Kensington And Chelsea,kensington and chelsea,2015,Robbery,408,E09000020,Kensington and Chelsea,kensington and chelsea,158112,2.580449301760777,258.04493017607774
Kensington And Chelsea,kensington and chelsea,2015,Sexual Offences,267,E09000020,Kensington and Chelsea,kensington and chelsea,158112,1.688676381299332,168.8676381299332
Kensington And Chelsea,kensington and chelsea,2015,Theft,7710,E09000020,Kensington and Chelsea,kensington and chelsea,158112,48.7629022465088,4876.29022465088
Kensington And Chelsea,kensington and chelsea,2015,Vehicle Offences,2467,E09000020,Kensington and Chelsea,kensington and chelsea,158112,15.602863792754503,1560.2863792754501
Kensington And Chelsea,kensington and chelsea,2015,Violence Against The Person,3398,E09000020,Kensington and Chelsea,kensington and chelsea,158112,21.491094920056668,2149.1094920056667
Kensington And Chelsea,kensington and chelsea,2016,Arson And Criminal Damage,1025,E09000020,Kensington and Chelsea,kensington and chelsea,157127,6.523385541631928,652.3385541631928
Kensington And Chelsea,kensington and chelsea,2016,Burglary,2894,E09000020,Kensington and Chelsea,kensington and chelsea,157127,18.418222202422243,1841.8222202422244
Kensington And Chelsea,kensington and chelsea,2016,Drug Offences,1685,E09000020,Kensington and Chelsea,kensington and chelsea,157127,10.72380940258517,1072.3809402585168
Kensington And Chelsea,kensington and chelsea,2016,Fraud And Forgery,0,E09000020,Kensington and Chelsea,kensington and chelsea,157127,0.0,0.0
Kensington And Chelsea,kensington and chelsea,2016,Miscellaneous Crimes Against Society,252,E09000020,Kensington and Chelsea,kensington and chelsea,157127,1.6037982014548742,160.3798201454874
Kensington And Chelsea,kensington and chelsea,2016,Possession Of Weapons,197,E09000020,Kensington and Chelsea,kensington and chelsea,157127,1.2537628797087705,125.37628797087706
Kensington And Chelsea,kensington and chelsea,2016,Public Order Offences,1184,E09000020,Kensington and Chelsea,kensington and chelsea,157127,7.535305835407027,753.5305835407028
Kensington And Chelsea,kensington and chelsea,2016,Robbery,522,E09000020,Kensington and Chelsea,kensington and chelsea,157127,3.3221534172993823,332.2153417299382
Kensington And Chelsea,kensington and chelsea,2016,Sexual Offences,314,E09000020,Kensington and Chelsea,kensington and chelsea,157127,1.9983834732413908,199.83834732413908
Kensington And Chelsea,kensington and chelsea,2016,Theft,6885,E09000020,Kensington and Chelsea,kensington and chelsea,157127,43.81805800403495,4381.805800403496
Kensington And Chelsea,kensington and chelsea,2016,Vehicle Offences,2965,E09000020,Kensington and Chelsea,kensington and chelsea,157127,18.870085981403577,1887.008598140358
Kensington And Chelsea,kensington and chelsea,2016,Violence Against The Person,3415,E09000020,Kensington and Chelsea,kensington and chelsea,157127,21.734011341144427,2173.401134114443
Kensington And Chelsea,kensington and chelsea,2017,Arson And Criminal Damage,1086,E09000020,Kensington and Chelsea,kensington and chelsea,157954,6.875419425908809,687.5419425908809
Kensington And Chelsea,kensington and chelsea,2017,Burglary,3590,E09000020,Kensington and Chelsea,kensington and chelsea,157954,22.72813603960647,2272.8136039606466
Kensington And Chelsea,kensington and chelsea,2017,Drug Offences,1587,E09000020,Kensington and Chelsea,kensington and chelsea,157954,10.04722894007116,1004.722894007116
Kensington And Chelsea,kensington and chelsea,2017,Fraud And Forgery,0,E09000020,Kensington and Chelsea,kensington and chelsea,157954,0.0,0.0
Kensington And Chelsea,kensington and chelsea,2017,Miscellaneous Crimes Against Society,275,E09000020,Kensington and Chelsea,kensington and chelsea,157954,1.74101320637654,174.101320637654
Kensington And Chelsea,kensington and chelsea,2017,Possession Of Weapons,182,E09000020,Kensington and Chelsea,kensington and chelsea,157954,1.1522341947655645,115.22341947655646
Kensington And Chelsea,kensington and chelsea,2017,Public Order Offences,1091,E09000020,Kensington and Chelsea,kensington and chelsea,157954,6.907074211479292,690.7074211479292
Kensington And Chelsea,kensington and chelsea,2017,Robbery,658,E09000020,Kensington and Chelsea,kensington and chelsea,157954,4.165769781075503,416.57697810755025
Kensington And Chelsea,kensington and chelsea,2017,Sexual Offences,326,E09000020,Kensington and Chelsea,kensington and chelsea,157954,2.063892019195462,206.3892019195462
Kensington And Chelsea,kensington and chelsea,2017,Theft,7012,E09000020,Kensington and Chelsea,kensington and chelsea,157954,44.39267128404472,4439.267128404472
Kensington And Chelsea,kensington and chelsea,2017,Vehicle Offences,3105,E09000020,Kensington and Chelsea,kensington and chelsea,157954,19.657621839269662,1965.7621839269661
Kensington And Chelsea,kensington and chelsea,2017,Violence Against The Person,3802,E09000020,Kensington and Chelsea,kensington and chelsea,157954,24.070298947794925,2407.0298947794927
Kensington And Chelsea,kensington and chelsea,2018,Arson And Criminal Damage,1055,E09000020,Kensington and Chelsea,kensington and chelsea,159301,6.622682845682073,662.2682845682074
Kensington And Chelsea,kensington and chelsea,2018,Burglary,4104,E09000020,Kensington and Chelsea,kensington and chelsea,159301,25.76255014092818,2576.255014092818
Kensington And Chelsea,kensington and chelsea,2018,Drug Offences,1472,E09000020,Kensington and Chelsea,kensington and chelsea,159301,9.24036886146352,924.0368861463519
Kensington And Chelsea,kensington and chelsea,2018,Fraud And Forgery,0,E09000020,Kensington and Chelsea,kensington and chelsea,159301,0.0,0.0
Kensington And Chelsea,kensington and chelsea,2018,Miscellaneous Crimes Against Society,215,E09000020,Kensington and Chelsea,kensington and chelsea,159301,1.3496462671295222,134.96462671295222
Kensington And Chelsea,kensington and chelsea,2018,Possession Of Weapons,181,E09000020,Kensington and Chelsea,kensington and chelsea,159301,1.1362138341881092,113.62138341881092
Kensington And Chelsea,kensington and chelsea,2018,Public Order Offences,1162,E09000020,Kensington and Chelsea,kensington and chelsea,159301,7.294367266997696,729.4367266997696
Kensington And Chelsea,kensington and chelsea,2018,Robbery,715,E09000020,Kensington and Chelsea,kensington and chelsea,159301,4.488358516267946,448.8358516267946
Kensington And Chelsea,kensington and chelsea,2018,Sexual Offences,379,E09000020,Kensington and Chelsea,kensington and chelsea,159301,2.379143884846925,237.91438848469252
Kensington And Chelsea,kensington and chelsea,2018,Theft,7058,E09000020,Kensington and Chelsea,kensington and chelsea,159301,44.306062108837985,4430.606210883799
Kensington And Chelsea,kensington and chelsea,2018,Vehicle Offences,2863,E09000020,Kensington and Chelsea,kensington and chelsea,159301,17.972266338566612,1797.2266338566612
Kensington And Chelsea,kensington and chelsea,2018,Violence Against The Person,4085,E09000020,Kensington and Chelsea,kensington and chelsea,159301,25.64327907546092,2564.327907546092
Kensington And Chelsea,kensington and chelsea,2019,Arson And Criminal Damage,1031,E09000020,Kensington and Chelsea,kensington and chelsea,160531,6.4224355420448385,642.2435542044839
Kensington And Chelsea,kensington and chelsea,2019,Burglary,4304,E09000020,Kensington and Chelsea,kensington and chelsea,160531,26.811020924307456,2681.1020924307454
Kensington And Chelsea,kensington and chelsea,2019,Drug Offences,1344,E09000020,Kensington and Chelsea,kensington and chelsea,160531,8.372214712423146,837.2214712423146
Kensington And Chelsea,kensington and chelsea,2019,Fraud And Forgery,0,E09000020,Kensington and Chelsea,kensington and chelsea,160531,0.0,0.0
Kensington And Chelsea,kensington and chelsea,2019,Miscellaneous Crimes Against Society,145,E09000020,Kensington and Chelsea,kensington and chelsea,160531,0.9032523313254138,90.32523313254138
Kensington And Chelsea,kensington and chelsea,2019,Possession Of Weapons,128,E09000020,Kensington and Chelsea,kensington and chelsea,160531,0.7973537821355376,79.73537821355376
Kensington And Chelsea,kensington and chelsea,2019,Public Order Offences,1201,E09000020,Kensington and Chelsea,kensington and chelsea,160531,7.4814210339436,748.14210339436
Kensington And Chelsea,kensington and chelsea,2019,Robbery,970,E09000020,Kensington and Chelsea,kensington and chelsea,160531,6.0424466302458715,604.2446630245872
Kensington And Chelsea,kensington and chelsea,2019,Sexual Offences,366,E09000020,Kensington and Chelsea,kensington and chelsea,160531,2.279933470793803,227.9933470793803
Kensington And Chelsea,kensington and chelsea,2019,Theft,9088,E09000020,Kensington and Chelsea,kensington and chelsea,160531,56.61211853162318,5661.211853162318
Kensington And Chelsea,kensington and chelsea,2019,Vehicle Offences,3757,E09000020,Kensington and Chelsea,kensington and chelsea,160531,23.403579370962618,2340.357937096262
Kensington And Chelsea,kensington and chelsea,2019,Violence Against The Person,4206,E09000020,Kensington and Chelsea,kensington and chelsea,160531,26.200546934859933,2620.0546934859935
Kensington And Chelsea,kensington and chelsea,2020,Arson And Criminal Damage,839,E09000020,Kensington and Chelsea,kensington and chelsea,160794,5.217856387676156,521.7856387676156
Kensington And Chelsea,kensington and chelsea,2020,Burglary,3178,E09000020,Kensington and Chelsea,kensington and chelsea,160794,19.76441907036332,1976.4419070363322
Kensington And Chelsea,kensington and chelsea,2020,Drug Offences,1111,E09000020,Kensington and Chelsea,kensington and chelsea,160794,6.909461795838153,690.9461795838153
Kensington And Chelsea,kensington and chelsea,2020,Fraud And Forgery,0,E09000020,Kensington and Chelsea,kensington and chelsea,160794,0.0,0.0
Kensington And Chelsea,kensington and chelsea,2020,Miscellaneous Crimes Against Society,173,E09000020,Kensington and Chelsea,kensington and chelsea,160794,1.0759107926912697,107.59107926912696
Kensington And Chelsea,kensington and chelsea,2020,Possession Of Weapons,139,E09000020,Kensington and Chelsea,kensington and chelsea,160794,0.86446011667102,86.446011667102
Kensington And Chelsea,kensington and chelsea,2020,Public Order Offences,1089,E09000020,Kensington and Chelsea,kensington and chelsea,160794,6.772640770177992,677.2640770177992
Kensington And Chelsea,kensington and chelsea,2020,Robbery,573,E09000020,Kensington and Chelsea,kensington and chelsea,160794,3.5635658046942047,356.35658046942046
Kensington And Chelsea,kensington and chelsea,2020,Sexual Offences,369,E09000020,Kensington and Chelsea,kensington and chelsea,160794,2.294861748572708,229.48617485727078
Kensington And Chelsea,kensington and chelsea,2020,Theft,5268,E09000020,Kensington and Chelsea,kensington and chelsea,160794,32.76241650807866,3276.241650807866
Kensington And Chelsea,kensington and chelsea,2020,Vehicle Offences,2495,E09000020,Kensington and Chelsea,kensington and chelsea,160794,15.51674813736831,1551.674813736831
Kensington And Chelsea,kensington and chelsea,2020,Violence Against The Person,3821,E09000020,Kensington and Chelsea,kensington and chelsea,160794,23.76332450215804,2376.332450215804
Kensington And Chelsea,kensington and chelsea,2021,Arson And Criminal Damage,981,E09000020,Kensington and Chelsea,kensington and chelsea,161552,6.072348222244231,607.234822224423
Kensington And Chelsea,kensington and chelsea,2021,Burglary,2742,E09000020,Kensington and Chelsea,kensington and chelsea,161552,16.972863226700998,1697.2863226701
Kensington And Chelsea,kensington and chelsea,2021,Drug Offences,1080,E09000020,Kensington and Chelsea,kensington and chelsea,161552,6.685154006140437,668.5154006140438
Kensington And Chelsea,kensington and chelsea,2021,Fraud And Forgery,0,E09000020,Kensington and Chelsea,kensington and chelsea,161552,0.0,0.0
Kensington And Chelsea,kensington and chelsea,2021,Miscellaneous Crimes Against Society,194,E09000020,Kensington and Chelsea,kensington and chelsea,161552,1.2008517381400416,120.08517381400416
Kensington And Chelsea,kensington and chelsea,2021,Possession Of Weapons,115,E09000020,Kensington and Chelsea,kensington and chelsea,161552,0.7118451025056948,71.18451025056947
Kensington And Chelsea,kensington and chelsea,2021,Public Order Offences,1348,E09000020,Kensington and Chelsea,kensington and chelsea,161552,8.344062592849362,834.4062592849361
Kensington And Chelsea,kensington and chelsea,2021,Robbery,458,E09000020,Kensington and Chelsea,kensington and chelsea,161552,2.835000495196593,283.50004951965934
Kensington And Chelsea,kensington and chelsea,2021,Sexual Offences,420,E09000020,Kensington and Chelsea,kensington and chelsea,161552,2.5997821134990593,259.9782113499059
Kensington And Chelsea,kensington and chelsea,2021,Theft,5595,E09000020,Kensington and Chelsea,kensington and chelsea,161552,34.632811726255326,3463.2811726255327
Kensington And Chelsea,kensington and chelsea,2021,Vehicle Offences,2307,E09000020,Kensington and Chelsea,kensington and chelsea,161552,14.280231752005545,1428.0231752005545
Kensington And Chelsea,kensington and chelsea,2021,Violence Against The Person,4256,E09000020,Kensington and Chelsea,kensington and chelsea,161552,26.3444587501238,2634.44587501238
Kensington And Chelsea,kensington and chelsea,2022,Arson And Criminal Damage,1105,E09000020,Kensington and Chelsea,kensington and chelsea,162446,6.802260443470446,680.2260443470445
Kensington And Chelsea,kensington and chelsea,2022,Burglary,2678,E09000020,Kensington and Chelsea,kensington and chelsea,162446,16.485478251234255,1648.5478251234256
Kensington And Chelsea,kensington and chelsea,2022,Drug Offences,906,E09000020,Kensington and Chelsea,kensington and chelsea,162446,5.57723797446536,557.7237974465361
Kensington And Chelsea,kensington and chelsea,2022,Fraud And Forgery,0,E09000020,Kensington and Chelsea,kensington and chelsea,162446,0.0,0.0
Kensington And Chelsea,kensington and chelsea,2022,Miscellaneous Crimes Against Society,165,E09000020,Kensington and Chelsea,kensington and chelsea,162446,1.0157221476675327,101.57221476675326
Kensington And Chelsea,kensington and chelsea,2022,Possession Of Weapons,95,E09000020,Kensington and Chelsea,kensington and chelsea,162446,0.584809721384337,58.4809721384337
Kensington And Chelsea,kensington and chelsea,2022,Public Order Offences,1264,E09000020,Kensington and Chelsea,kensington and chelsea,162446,7.781047240313704,778.1047240313704
Kensington And Chelsea,kensington and chelsea,2022,Robbery,591,E09000020,Kensington and Chelsea,kensington and chelsea,162446,3.6381320561909805,363.813205619098
Kensington And Chelsea,kensington and chelsea,2022,Sexual Offences,524,E09000020,Kensington and Chelsea,kensington and chelsea,162446,3.225687305319922,322.5687305319922
Kensington And Chelsea,kensington and chelsea,2022,Theft,7763,E09000020,Kensington and Chelsea,kensington and chelsea,162446,47.7881880748064,4778.81880748064
Kensington And Chelsea,kensington and chelsea,2022,Vehicle Offences,2702,E09000020,Kensington and Chelsea,kensington and chelsea,162446,16.633219654531352,1663.3219654531351
Kensington And Chelsea,kensington and chelsea,2022,Violence Against The Person,4362,E09000020,Kensington and Chelsea,kensington and chelsea,162446,26.852000049247135,2685.2000049247135
Kensington And Chelsea,kensington and chelsea,2023,Arson And Criminal Damage,1147,E09000020,Kensington and Chelsea,kensington and chelsea,163255,7.025818504793115,702.5818504793115
Kensington And Chelsea,kensington and chelsea,2023,Burglary,1916,E09000020,Kensington and Chelsea,kensington and chelsea,163255,11.73624085020367,1173.624085020367
Kensington And Chelsea,kensington and chelsea,2023,Drug Offences,829,E09000020,Kensington and Chelsea,kensington and chelsea,163255,5.077945545312548,507.7945545312548
Kensington And Chelsea,kensington and chelsea,2023,Fraud And Forgery,0,E09000020,Kensington and Chelsea,kensington and chelsea,163255,0.0,0.0
Kensington And Chelsea,kensington and chelsea,2023,Miscellaneous Crimes Against Society,147,E09000020,Kensington and Chelsea,kensington and chelsea,163255,0.9004318397598848,90.04318397598848
Kensington And Chelsea,kensington and chelsea,2023,Possession Of Weapons,142,E09000020,Kensington and Chelsea,kensington and chelsea,163255,0.8698049064347186,86.98049064347187
Kensington And Chelsea,kensington and chelsea,2023,Public Order Offences,1305,E09000020,Kensington and Chelsea,kensington and chelsea,163255,7.993629597868367,799.3629597868367
Kensington And Chelsea,kensington and chelsea,2023,Robbery,687,E09000020,Kensington and Chelsea,kensington and chelsea,163255,4.208140638877829,420.81406388778294
Kensington And Chelsea,kensington and chelsea,2023,Sexual Offences,495,E09000020,Kensington and Chelsea,kensington and chelsea,163255,3.0320663991914487,303.2066399191449
Kensington And Chelsea,kensington and chelsea,2023,Theft,9171,E09000020,Kensington and Chelsea,kensington and chelsea,163255,56.175921105019754,5617.592110501975
Kensington And Chelsea,kensington and chelsea,2023,Vehicle Offences,2822,E09000020,Kensington and Chelsea,kensington and chelsea,163255,17.285841168723774,1728.5841168723775
Kensington And Chelsea,kensington and chelsea,2023,Violence Against The Person,4495,E09000020,Kensington and Chelsea,kensington and chelsea,163255,27.53361305932437,2753.361305932437
Kensington And Chelsea,kensington and chelsea,2024,Arson And Criminal Damage,1181,E09000020,Kensington and Chelsea,kensington and chelsea,164020,7.200341421777832,720.0341421777832
Kensington And Chelsea,kensington and chelsea,2024,Burglary,1511,E09000020,Kensington and Chelsea,kensington and chelsea,164020,9.212291184001952,921.2291184001951
Kensington And Chelsea,kensington and chelsea,2024,Drug Offences,895,E09000020,Kensington and Chelsea,kensington and chelsea,164020,5.456651627850262,545.6651627850262
Kensington And Chelsea,kensington and chelsea,2024,Fraud And Forgery,8,E09000020,Kensington and Chelsea,kensington and chelsea,164020,0.04877453969028167,4.877453969028167
Kensington And Chelsea,kensington and chelsea,2024,Miscellaneous Crimes Against Society,148,E09000020,Kensington and Chelsea,kensington and chelsea,164020,0.902328984270211,90.2328984270211
Kensington And Chelsea,kensington and chelsea,2024,Possession Of Weapons,130,E09000020,Kensington and Chelsea,kensington and chelsea,164020,0.7925862699670772,79.25862699670772
Kensington And Chelsea,kensington and chelsea,2024,Public Order Offences,1151,E09000020,Kensington and Chelsea,kensington and chelsea,164020,7.017436897939276,701.7436897939276
Kensington And Chelsea,kensington and chelsea,2024,Robbery,684,E09000020,Kensington and Chelsea,kensington and chelsea,164020,4.170223143519083,417.0223143519083
Kensington And Chelsea,kensington and chelsea,2024,Sexual Offences,560,E09000020,Kensington and Chelsea,kensington and chelsea,164020,3.414217778319717,341.4217778319717
Kensington And Chelsea,kensington and chelsea,2024,Theft,9608,E09000020,Kensington and Chelsea,kensington and chelsea,164020,58.57822216802829,5857.82221680283
Kensington And Chelsea,kensington and chelsea,2024,Vehicle Offences,2707,E09000020,Kensington and Chelsea,kensington and chelsea,164020,16.50408486769906,1650.4084867699062
Kensington And Chelsea,kensington and chelsea,2024,Violence Against The Person,4491,E09000020,Kensington and Chelsea,kensington and chelsea,164020,27.380807218631873,2738.080721863187
Kensington And Chelsea,kensington and chelsea,2025,Arson And Criminal Damage,268,E09000020,Kensington and Chelsea,kensington and chelsea,164730,1.626904631821769,162.6904631821769
Kensington And Chelsea,kensington and chelsea,2025,Burglary,314,E09000020,Kensington and Chelsea,kensington and chelsea,164730,1.9061494566866994,190.61494566866995
Kensington And Chelsea,kensington and chelsea,2025,Drug Offences,154,E09000020,Kensington and Chelsea,kensington and chelsea,164730,0.9348631093304195,93.48631093304195
Kensington And Chelsea,kensington and chelsea,2025,Fraud And Forgery,0,E09000020,Kensington and Chelsea,kensington and chelsea,164730,0.0,0.0
Kensington And Chelsea,kensington and chelsea,2025,Miscellaneous Crimes Against Society,49,E09000020,Kensington and Chelsea,kensington and chelsea,164730,0.29745644387786074,29.745644387786072
Kensington And Chelsea,kensington and chelsea,2025,Possession Of Weapons,23,E09000020,Kensington and Chelsea,kensington and chelsea,164730,0.13962241243246523,13.962241243246524
Kensington And Chelsea,kensington and chelsea,2025,Public Order Offences,265,E09000020,Kensington and Chelsea,kensington and chelsea,164730,1.6086930128088386,160.86930128088386
Kensington And Chelsea,kensington and chelsea,2025,Robbery,172,E09000020,Kensington and Chelsea,kensington and chelsea,164730,1.044132823408001,104.4132823408001
Kensington And Chelsea,kensington and chelsea,2025,Sexual Offences,129,E09000020,Kensington and Chelsea,kensington and chelsea,164730,0.7830996175560007,78.30996175560007
Kensington And Chelsea,kensington and chelsea,2025,Theft,1987,E09000020,Kensington and Chelsea,kensington and chelsea,164730,12.062162326230803,1206.2162326230803
Kensington And Chelsea,kensington and chelsea,2025,Vehicle Offences,764,E09000020,Kensington and Chelsea,kensington and chelsea,164730,4.6378923086262365,463.7892308626237
Kensington And Chelsea,kensington and chelsea,2025,Violence Against The Person,1059,E09000020,Kensington and Chelsea,kensington and chelsea,164730,6.428701511564378,642.8701511564378
Kingston Upon Thames,kingston upon thames,2010,Arson And Criminal Damage,1006,E09000021,Kingston upon Thames,kingston upon thames,158648,6.341082144117795,634.1082144117795
Kingston Upon Thames,kingston upon thames,2010,Burglary,1782,E09000021,Kingston upon Thames,kingston upon thames,158648,11.232413897433311,1123.2413897433312
Kingston Upon Thames,kingston upon thames,2010,Drug Offences,376,E09000021,Kingston upon Thames,kingston upon thames,158648,2.3700267258332914,237.00267258332914
Kingston Upon Thames,kingston upon thames,2010,Fraud And Forgery,230,E09000021,Kingston upon Thames,kingston upon thames,158648,1.4497503908022793,144.97503908022793
Kingston Upon Thames,kingston upon thames,2010,Miscellaneous Crimes Against Society,50,E09000021,Kingston upon Thames,kingston upon thames,158648,0.3151631284352781,31.516312843527814
Kingston Upon Thames,kingston upon thames,2010,Possession Of Weapons,39,E09000021,Kingston upon Thames,kingston upon thames,158648,0.2458272401795169,24.58272401795169
Kingston Upon Thames,kingston upon thames,2010,Public Order Offences,121,E09000021,Kingston upon Thames,kingston upon thames,158648,0.762694770813373,76.2694770813373
Kingston Upon Thames,kingston upon thames,2010,Robbery,164,E09000021,Kingston upon Thames,kingston upon thames,158648,1.033735061267712,103.3735061267712
Kingston Upon Thames,kingston upon thames,2010,Sexual Offences,120,E09000021,Kingston upon Thames,kingston upon thames,158648,0.7563915082446674,75.63915082446674
Kingston Upon Thames,kingston upon thames,2010,Theft,3025,E09000021,Kingston upon Thames,kingston upon thames,158648,19.067369270334325,1906.7369270334325
Kingston Upon Thames,kingston upon thames,2010,Vehicle Offences,720,E09000021,Kingston upon Thames,kingston upon thames,158648,4.538349049468005,453.83490494680046
Kingston Upon Thames,kingston upon thames,2010,Violence Against The Person,1550,E09000021,Kingston upon Thames,kingston upon thames,158648,9.770056981493621,977.0056981493622
Kingston Upon Thames,kingston upon thames,2011,Arson And Criminal Damage,1126,E09000021,Kingston upon Thames,kingston upon thames,160469,7.016931619191245,701.6931619191246
Kingston Upon Thames,kingston upon thames,2011,Burglary,2640,E09000021,Kingston upon Thames,kingston upon thames,160469,16.451775732384448,1645.1775732384447
Kingston Upon Thames,kingston upon thames,2011,Drug Offences,668,E09000021,Kingston upon Thames,kingston upon thames,160469,4.162797798951822,416.27977989518223
Kingston Upon Thames,kingston upon thames,2011,Fraud And Forgery,361,E09000021,Kingston upon Thames,kingston upon thames,160469,2.249655696738934,224.9655696738934
Kingston Upon Thames,kingston upon thames,2011,Miscellaneous Crimes Against Society,77,E09000021,Kingston upon Thames,kingston upon thames,160469,0.47984345886121305,47.984345886121304
Kingston Upon Thames,kingston upon thames,2011,Possession Of Weapons,65,E09000021,Kingston upon Thames,kingston upon thames,160469,0.4050626600776474,40.506266007764744
Kingston Upon Thames,kingston upon thames,2011,Public Order Offences,142,E09000021,Kingston upon Thames,kingston upon thames,160469,0.8849061189388605,88.49061189388604
Kingston Upon Thames,kingston upon thames,2011,Robbery,226,E09000021,Kingston upon Thames,kingston upon thames,160469,1.40837171042382,140.837171042382
Kingston Upon Thames,kingston upon thames,2011,Sexual Offences,163,E09000021,Kingston upon Thames,kingston upon thames,160469,1.0157725168101004,101.57725168101004
Kingston Upon Thames,kingston upon thames,2011,Theft,3865,E09000021,Kingston upon Thames,kingston upon thames,160469,24.08564894154011,2408.564894154011
Kingston Upon Thames,kingston upon thames,2011,Vehicle Offences,814,E09000021,Kingston upon Thames,kingston upon thames,160469,5.072630850818538,507.2630850818538
Kingston Upon Thames,kingston upon thames,2011,Violence Against The Person,1970,E09000021,Kingston upon Thames,kingston upon thames,160469,12.276514466968699,1227.65144669687
Kingston Upon Thames,kingston upon thames,2012,Arson And Criminal Damage,1045,E09000021,Kingston upon Thames,kingston upon thames,163939,6.374322156411836,637.4322156411836
Kingston Upon Thames,kingston upon thames,2012,Burglary,2744,E09000021,Kingston upon Thames,kingston upon thames,163939,16.737933011668975,1673.7933011668974
Kingston Upon Thames,kingston upon thames,2012,Drug Offences,415,E09000021,Kingston upon Thames,kingston upon thames,163939,2.5314293731204898,253.14293731204899
Kingston Upon Thames,kingston upon thames,2012,Fraud And Forgery,340,E09000021,Kingston upon Thames,kingston upon thames,163939,2.0739421370143774,207.39421370143774
Kingston Upon Thames,kingston upon thames,2012,Miscellaneous Crimes Against Society,106,E09000021,Kingston upon Thames,kingston upon thames,163939,0.6465819603633058,64.65819603633058
Kingston Upon Thames,kingston upon thames,2012,Possession Of Weapons,33,E09000021,Kingston upon Thames,kingston upon thames,163939,0.20129438388668955,20.129438388668955
Kingston Upon Thames,kingston upon thames,2012,Public Order Offences,330,E09000021,Kingston upon Thames,kingston upon thames,163939,2.012943838866896,201.2943838866896
Kingston Upon Thames,kingston upon thames,2012,Robbery,233,E09000021,Kingston upon Thames,kingston upon thames,163939,1.4212603468363232,142.12603468363233
Kingston Upon Thames,kingston upon thames,2012,Sexual Offences,154,E09000021,Kingston upon Thames,kingston upon thames,163939,0.9393737914712179,93.9373791471218
Kingston Upon Thames,kingston upon thames,2012,Theft,3568,E09000021,Kingston upon Thames,kingston upon thames,163939,21.764192779021464,2176.4192779021464
Kingston Upon Thames,kingston upon thames,2012,Vehicle Offences,868,E09000021,Kingston upon Thames,kingston upon thames,163939,5.294652279201411,529.465227920141
Kingston Upon Thames,kingston upon thames,2012,Violence Against The Person,1889,E09000021,Kingston upon Thames,kingston upon thames,163939,11.522578520059291,1152.2578520059292
Kingston Upon Thames,kingston upon thames,2013,Arson And Criminal Damage,922,E09000021,Kingston upon Thames,kingston upon thames,166826,5.526716459065134,552.6716459065134
Kingston Upon Thames,kingston upon thames,2013,Burglary,2370,E09000021,Kingston upon Thames,kingston upon thames,166826,14.206418663757448,1420.641866375745
Kingston Upon Thames,kingston upon thames,2013,Drug Offences,587,E09000021,Kingston upon Thames,kingston upon thames,166826,3.518636183808279,351.8636183808279
Kingston Upon Thames,kingston upon thames,2013,Fraud And Forgery,27,E09000021,Kingston upon Thames,kingston upon thames,166826,0.16184527591622408,16.18452759162241
Kingston Upon Thames,kingston upon thames,2013,Miscellaneous Crimes Against Society,78,E09000021,Kingston upon Thames,kingston upon thames,166826,0.46755301931353627,46.75530193135363
Kingston Upon Thames,kingston upon thames,2013,Possession Of Weapons,35,E09000021,Kingston upon Thames,kingston upon thames,166826,0.20979943174325344,20.979943174325346
Kingston Upon Thames,kingston upon thames,2013,Public Order Offences,319,E09000021,Kingston upon Thames,kingston upon thames,166826,1.9121719636027956,191.21719636027956
Kingston Upon Thames,kingston upon thames,2013,Robbery,153,E09000021,Kingston upon Thames,kingston upon thames,166826,0.9171232301919365,91.71232301919365
Kingston Upon Thames,kingston upon thames,2013,Sexual Offences,131,E09000021,Kingston upon Thames,kingston upon thames,166826,0.7852493016676058,78.52493016676057
Kingston Upon Thames,kingston upon thames,2013,Theft,3385,E09000021,Kingston upon Thames,kingston upon thames,166826,20.290602184311798,2029.0602184311797
Kingston Upon Thames,kingston upon thames,2013,Vehicle Offences,745,E09000021,Kingston upon Thames,kingston upon thames,166826,4.465730761392109,446.5730761392109
Kingston Upon Thames,kingston upon thames,2013,Violence Against The Person,1711,E09000021,Kingston upon Thames,kingston upon thames,166826,10.256195077505904,1025.6195077505904
Kingston Upon Thames,kingston upon thames,2014,Arson And Criminal Damage,952,E09000021,Kingston upon Thames,kingston upon thames,169991,5.600296486284568,560.0296486284568
Kingston Upon Thames,kingston upon thames,2014,Burglary,1972,E09000021,Kingston upon Thames,kingston upon thames,169991,11.600614150160892,1160.061415016089
Kingston Upon Thames,kingston upon thames,2014,Drug Offences,750,E09000021,Kingston upon Thames,kingston upon thames,169991,4.411998282262002,441.1998282262002
Kingston Upon Thames,kingston upon thames,2014,Fraud And Forgery,0,E09000021,Kingston upon Thames,kingston upon thames,169991,0.0,0.0
Kingston Upon Thames,kingston upon thames,2014,Miscellaneous Crimes Against Society,100,E09000021,Kingston upon Thames,kingston upon thames,169991,0.5882664376349337,58.826643763493365
Kingston Upon Thames,kingston upon thames,2014,Possession Of Weapons,44,E09000021,Kingston upon Thames,kingston upon thames,169991,0.2588372325593708,25.883723255937078
Kingston Upon Thames,kingston upon thames,2014,Public Order Offences,429,E09000021,Kingston upon Thames,kingston upon thames,169991,2.5236630174538655,252.36630174538655
Kingston Upon Thames,kingston upon thames,2014,Robbery,106,E09000021,Kingston upon Thames,kingston upon thames,169991,0.6235624238930296,62.35624238930296
Kingston Upon Thames,kingston upon thames,2014,Sexual Offences,188,E09000021,Kingston upon Thames,kingston upon thames,169991,1.105940902753675,110.5940902753675
Kingston Upon Thames,kingston upon thames,2014,Theft,3167,E09000021,Kingston upon Thames,kingston upon thames,169991,18.63039807989835,1863.0398079898348
Kingston Upon Thames,kingston upon thames,2014,Vehicle Offences,741,E09000021,Kingston upon Thames,kingston upon thames,169991,4.359054302874858,435.90543028748584
Kingston Upon Thames,kingston upon thames,2014,Violence Against The Person,1956,E09000021,Kingston upon Thames,kingston upon thames,169991,11.506491520139303,1150.6491520139302
Kingston Upon Thames,kingston upon thames,2015,Arson And Criminal Damage,1000,E09000021,Kingston upon Thames,kingston upon thames,173558,5.761762638426347,576.1762638426347
Kingston Upon Thames,kingston upon thames,2015,Burglary,1854,E09000021,Kingston upon Thames,kingston upon thames,173558,10.682307931642448,1068.2307931642447
Kingston Upon Thames,kingston upon thames,2015,Drug Offences,901,E09000021,Kingston upon Thames,kingston upon thames,173558,5.191348137222139,519.134813722214
Kingston Upon Thames,kingston upon thames,2015,Fraud And Forgery,0,E09000021,Kingston upon Thames,kingston upon thames,173558,0.0,0.0
Kingston Upon Thames,kingston upon thames,2015,Miscellaneous Crimes Against Society,119,E09000021,Kingston upon Thames,kingston upon thames,173558,0.6856497539727353,68.56497539727354
Kingston Upon Thames,kingston upon thames,2015,Possession Of Weapons,55,E09000021,Kingston upon Thames,kingston upon thames,173558,0.31689694511344907,31.689694511344907
Kingston Upon Thames,kingston upon thames,2015,Public Order Offences,572,E09000021,Kingston upon Thames,kingston upon thames,173558,3.2957282291798706,329.5728229179871
Kingston Upon Thames,kingston upon thames,2015,Robbery,109,E09000021,Kingston upon Thames,kingston upon thames,173558,0.6280321275884718,62.80321275884719
Kingston Upon Thames,kingston upon thames,2015,Sexual Offences,225,E09000021,Kingston upon Thames,kingston upon thames,173558,1.2963965936459283,129.63965936459283
Kingston Upon Thames,kingston upon thames,2015,Theft,2876,E09000021,Kingston upon Thames,kingston upon thames,173558,16.570829348114174,1657.0829348114175
Kingston Upon Thames,kingston upon thames,2015,Vehicle Offences,698,E09000021,Kingston upon Thames,kingston upon thames,173558,4.021710321621591,402.17103216215907
Kingston Upon Thames,kingston upon thames,2015,Violence Against The Person,2476,E09000021,Kingston upon Thames,kingston upon thames,173558,14.266124292743637,1426.6124292743636
Kingston Upon Thames,kingston upon thames,2016,Arson And Criminal Damage,1037,E09000021,Kingston upon Thames,kingston upon thames,176140,5.887362325422958,588.7362325422959
Kingston Upon Thames,kingston upon thames,2016,Burglary,1760,E09000021,Kingston upon Thames,kingston upon thames,176140,9.992051776995572,999.2051776995572
Kingston Upon Thames,kingston upon thames,2016,Drug Offences,747,E09000021,Kingston upon Thames,kingston upon thames,176140,4.240944703077098,424.09447030770974
Kingston Upon Thames,kingston upon thames,2016,Fraud And Forgery,0,E09000021,Kingston upon Thames,kingston upon thames,176140,0.0,0.0
Kingston Upon Thames,kingston upon thames,2016,Miscellaneous Crimes Against Society,124,E09000021,Kingston upon Thames,kingston upon thames,176140,0.7039854661065063,70.39854661065063
Kingston Upon Thames,kingston upon thames,2016,Possession Of Weapons,55,E09000021,Kingston upon Thames,kingston upon thames,176140,0.3122516180311116,31.225161803111163
Kingston Upon Thames,kingston upon thames,2016,Public Order Offences,610,E09000021,Kingston upon Thames,kingston upon thames,176140,3.463154309072329,346.3154309072329
Kingston Upon Thames,kingston upon thames,2016,Robbery,120,E09000021,Kingston upon Thames,kingston upon thames,176140,0.6812762575224254,68.12762575224254
Kingston Upon Thames,kingston upon thames,2016,Sexual Offences,245,E09000021,Kingston upon Thames,kingston upon thames,176140,1.3909390257749517,139.0939025774952
Kingston Upon Thames,kingston upon thames,2016,Theft,2972,E09000021,Kingston upon Thames,kingston upon thames,176140,16.87294197797207,1687.2941977972066
Kingston Upon Thames,kingston upon thames,2016,Vehicle Offences,838,E09000021,Kingston upon Thames,kingston upon thames,176140,4.757579198364937,475.75791983649367
Kingston Upon Thames,kingston upon thames,2016,Violence Against The Person,2594,E09000021,Kingston upon Thames,kingston upon thames,176140,14.726921766776428,1472.6921766776427
Kingston Upon Thames,kingston upon thames,2017,Arson And Criminal Damage,969,E09000021,Kingston upon Thames,kingston upon thames,178419,5.431035932271787,543.1035932271787
Kingston Upon Thames,kingston upon thames,2017,Burglary,2286,E09000021,Kingston upon Thames,kingston upon thames,178419,12.812536781396599,1281.25367813966
Kingston Upon Thames,kingston upon thames,2017,Drug Offences,585,E09000021,Kingston upon Thames,kingston upon thames,178419,3.278798782640862,327.8798782640862
Kingston Upon Thames,kingston upon thames,2017,Fraud And Forgery,0,E09000021,Kingston upon Thames,kingston upon thames,178419,0.0,0.0
Kingston Upon Thames,kingston upon thames,2017,Miscellaneous Crimes Against Society,151,E09000021,Kingston upon Thames,kingston upon thames,178419,0.8463224208184106,84.63224208184106
Kingston Upon Thames,kingston upon thames,2017,Possession Of Weapons,82,E09000021,Kingston upon Thames,kingston upon thames,178419,0.4595923079941038,45.95923079941038
Kingston Upon Thames,kingston upon thames,2017,Public Order Offences,694,E09000021,Kingston upon Thames,kingston upon thames,178419,3.8897202652183904,388.97202652183904
Kingston Upon Thames,kingston upon thames,2017,Robbery,177,E09000021,Kingston upon Thames,kingston upon thames,178419,0.9920468111580044,99.20468111580044
Kingston Upon Thames,kingston upon thames,2017,Sexual Offences,309,E09000021,Kingston upon Thames,kingston upon thames,178419,1.7318783313436348,173.1878331343635
Kingston Upon Thames,kingston upon thames,2017,Theft,3010,E09000021,Kingston upon Thames,kingston upon thames,178419,16.870400573929906,1687.0400573929908
Kingston Upon Thames,kingston upon thames,2017,Vehicle Offences,1358,E09000021,Kingston upon Thames,kingston upon thames,178419,7.611297003121865,761.1297003121865
Kingston Upon Thames,kingston upon thames,2017,Violence Against The Person,2862,E09000021,Kingston upon Thames,kingston upon thames,178419,16.040892505842987,1604.0892505842987
Kingston Upon Thames,kingston upon thames,2018,Arson And Criminal Damage,913,E09000021,Kingston upon Thames,kingston upon thames,179581,5.0840567766077704,508.40567766077703
Kingston Upon Thames,kingston upon thames,2018,Burglary,1950,E09000021,Kingston upon Thames,kingston upon thames,179581,10.858609763839159,1085.8609763839158
Kingston Upon Thames,kingston upon thames,2018,Drug Offences,423,E09000021,Kingston upon Thames,kingston upon thames,179581,2.355483041078956,235.5483041078956
Kingston Upon Thames,kingston upon thames,2018,Fraud And Forgery,0,E09000021,Kingston upon Thames,kingston upon thames,179581,0.0,0.0
Kingston Upon Thames,kingston upon thames,2018,Miscellaneous Crimes Against Society,130,E09000021,Kingston upon Thames,kingston upon thames,179581,0.7239073175892772,72.39073175892773
Kingston Upon Thames,kingston upon thames,2018,Possession Of Weapons,88,E09000021,Kingston upon Thames,kingston upon thames,179581,0.4900295688296646,49.00295688296646
Kingston Upon Thames,kingston upon thames,2018,Public Order Offences,714,E09000021,Kingston upon Thames,kingston upon thames,179581,3.975921728913415,397.59217289134153
Kingston Upon Thames,kingston upon thames,2018,Robbery,241,E09000021,Kingston upon Thames,kingston upon thames,179581,1.3420127964539679,134.2012796453968
Kingston Upon Thames,kingston upon thames,2018,Sexual Offences,287,E09000021,Kingston upon Thames,kingston upon thames,179581,1.5981646165240198,159.81646165240198
Kingston Upon Thames,kingston upon thames,2018,Theft,3600,E09000021,Kingston upon Thames,kingston upon thames,179581,20.046664179395368,2004.6664179395368
Kingston Upon Thames,kingston upon thames,2018,Vehicle Offences,1370,E09000021,Kingston upon Thames,kingston upon thames,179581,7.628869423825461,762.8869423825461
Kingston Upon Thames,kingston upon thames,2018,Violence Against The Person,3175,E09000021,Kingston upon Thames,kingston upon thames,179581,17.680044102661196,1768.0044102661195
Kingston Upon Thames,kingston upon thames,2019,Arson And Criminal Damage,927,E09000021,Kingston upon Thames,kingston upon thames,180598,5.132947208717704,513.2947208717704
Kingston Upon Thames,kingston upon thames,2019,Burglary,1992,E09000021,Kingston upon Thames,kingston upon thames,180598,11.030022480869112,1103.0022480869113
Kingston Upon Thames,kingston upon thames,2019,Drug Offences,858,E09000021,Kingston upon Thames,kingston upon thames,180598,4.750883177000852,475.0883177000852
Kingston Upon Thames,kingston upon thames,2019,Fraud And Forgery,0,E09000021,Kingston upon Thames,kingston upon thames,180598,0.0,0.0
Kingston Upon Thames,kingston upon thames,2019,Miscellaneous Crimes Against Society,166,E09000021,Kingston upon Thames,kingston upon thames,180598,0.9191685400724261,91.9168540072426
Kingston Upon Thames,kingston upon thames,2019,Possession Of Weapons,92,E09000021,Kingston upon Thames,kingston upon thames,180598,0.5094187089558023,50.94187089558024
Kingston Upon Thames,kingston upon thames,2019,Public Order Offences,772,E09000021,Kingston upon Thames,kingston upon thames,180598,4.274687427324777,427.4687427324776
Kingston Upon Thames,kingston upon thames,2019,Robbery,355,E09000021,Kingston upon Thames,kingston upon thames,180598,1.9656917573838026,196.56917573838027
Kingston Upon Thames,kingston upon thames,2019,Sexual Offences,259,E09000021,Kingston upon Thames,kingston upon thames,180598,1.4341244089081828,143.4124408908183
Kingston Upon Thames,kingston upon thames,2019,Theft,3396,E09000021,Kingston upon Thames,kingston upon thames,180598,18.80419495232505,1880.4194952325051
Kingston Upon Thames,kingston upon thames,2019,Vehicle Offences,1451,E09000021,Kingston upon Thames,kingston upon thames,180598,8.034418985813797,803.4418985813796
Kingston Upon Thames,kingston upon thames,2019,Violence Against The Person,3307,E09000021,Kingston upon Thames,kingston upon thames,180598,18.311387723009112,1831.1387723009113
Kingston Upon Thames,kingston upon thames,2020,Arson And Criminal Damage,719,E09000021,Kingston upon Thames,kingston upon thames,182728,3.9348102097106077,393.4810209710608
Kingston Upon Thames,kingston upon thames,2020,Burglary,1696,E09000021,Kingston upon Thames,kingston upon thames,182728,9.281555098288166,928.1555098288167
Kingston Upon Thames,kingston upon thames,2020,Drug Offences,1110,E09000021,Kingston upon Thames,kingston upon thames,182728,6.074602688148504,607.4602688148505
Kingston Upon Thames,kingston upon thames,2020,Fraud And Forgery,0,E09000021,Kingston upon Thames,kingston upon thames,182728,0.0,0.0
Kingston Upon Thames,kingston upon thames,2020,Miscellaneous Crimes Against Society,129,E09000021,Kingston upon Thames,kingston upon thames,182728,0.7059673394334749,70.59673394334749
Kingston Upon Thames,kingston upon thames,2020,Possession Of Weapons,75,E09000021,Kingston upon Thames,kingston upon thames,182728,0.4104461275776017,41.04461275776016
Kingston Upon Thames,kingston upon thames,2020,Public Order Offences,712,E09000021,Kingston upon Thames,kingston upon thames,182728,3.896501904470032,389.6501904470032
Kingston Upon Thames,kingston upon thames,2020,Robbery,219,E09000021,Kingston upon Thames,kingston upon thames,182728,1.198502692526597,119.8502692526597
Kingston Upon Thames,kingston upon thames,2020,Sexual Offences,303,E09000021,Kingston upon Thames,kingston upon thames,182728,1.6582023554135108,165.82023554135108
Kingston Upon Thames,kingston upon thames,2020,Theft,2278,E09000021,Kingston upon Thames,kingston upon thames,182728,12.466617048290356,1246.6617048290354
Kingston Upon Thames,kingston upon thames,2020,Vehicle Offences,1104,E09000021,Kingston upon Thames,kingston upon thames,182728,6.041766997942297,604.1766997942296
Kingston Upon Thames,kingston upon thames,2020,Violence Against The Person,3162,E09000021,Kingston upon Thames,kingston upon thames,182728,17.304408738671686,1730.4408738671686
Kingston Upon Thames,kingston upon thames,2021,Arson And Criminal Damage,829,E09000021,Kingston upon Thames,kingston upon thames,184660,4.489331744828332,448.9331744828333
Kingston Upon Thames,kingston upon thames,2021,Burglary,1452,E09000021,Kingston upon Thames,kingston upon thames,184660,7.863099750893533,786.3099750893533
Kingston Upon Thames,kingston upon thames,2021,Drug Offences,911,E09000021,Kingston upon Thames,kingston upon thames,184660,4.933391097151522,493.3391097151522
Kingston Upon Thames,kingston upon thames,2021,Fraud And Forgery,0,E09000021,Kingston upon Thames,kingston upon thames,184660,0.0,0.0
Kingston Upon Thames,kingston upon thames,2021,Miscellaneous Crimes Against Society,150,E09000021,Kingston upon Thames,kingston upon thames,184660,0.8123036932741254,81.23036932741255
Kingston Upon Thames,kingston upon thames,2021,Possession Of Weapons,87,E09000021,Kingston upon Thames,kingston upon thames,184660,0.4711361420989928,47.113614209899275
Kingston Upon Thames,kingston upon thames,2021,Public Order Offences,788,E09000021,Kingston upon Thames,kingston upon thames,184660,4.267302068666739,426.7302068666739
Kingston Upon Thames,kingston upon thames,2021,Robbery,148,E09000021,Kingston upon Thames,kingston upon thames,184660,0.8014729773638037,80.14729773638037
Kingston Upon Thames,kingston upon thames,2021,Sexual Offences,346,E09000021,Kingston upon Thames,kingston upon thames,184660,1.8737138524856494,187.37138524856493
Kingston Upon Thames,kingston upon thames,2021,Theft,2720,E09000021,Kingston upon Thames,kingston upon thames,184660,14.729773638037475,1472.9773638037475
Kingston Upon Thames,kingston upon thames,2021,Vehicle Offences,1020,E09000021,Kingston upon Thames,kingston upon thames,184660,5.523665114264053,552.3665114264053
Kingston Upon Thames,kingston upon thames,2021,Violence Against The Person,3258,E09000021,Kingston upon Thames,kingston upon thames,184660,17.643236217914,1764.3236217914002
Kingston Upon Thames,kingston upon thames,2022,Arson And Criminal Damage,808,E09000021,Kingston upon Thames,kingston upon thames,186434,4.333973416866022,433.3973416866022
Kingston Upon Thames,kingston upon thames,2022,Burglary,1318,E09000021,Kingston upon Thames,kingston upon thames,186434,7.0695259448383885,706.9525944838388
Kingston Upon Thames,kingston upon thames,2022,Drug Offences,882,E09000021,Kingston upon Thames,kingston upon thames,186434,4.7308967248463265,473.0896724846326
Kingston Upon Thames,kingston upon thames,2022,Fraud And Forgery,0,E09000021,Kingston upon Thames,kingston upon thames,186434,0.0,0.0
Kingston Upon Thames,kingston upon thames,2022,Miscellaneous Crimes Against Society,169,E09000021,Kingston upon Thames,kingston upon thames,186434,0.9064870141712348,90.64870141712348
Kingston Upon Thames,kingston upon thames,2022,Possession Of Weapons,95,E09000021,Kingston upon Thames,kingston upon thames,186434,0.5095637061909308,50.95637061909308
Kingston Upon Thames,kingston upon thames,2022,Public Order Offences,745,E09000021,Kingston upon Thames,kingston upon thames,186434,3.9960522222341415,399.60522222341416
Kingston Upon Thames,kingston upon thames,2022,Robbery,185,E09000021,Kingston upon Thames,kingston upon thames,186434,0.99230826995076,99.230826995076
Kingston Upon Thames,kingston upon thames,2022,Sexual Offences,360,E09000021,Kingston upon Thames,kingston upon thames,186434,1.9309782550393169,193.0978255039317
Kingston Upon Thames,kingston upon thames,2022,Theft,3180,E09000021,Kingston upon Thames,kingston upon thames,186434,17.05697458618063,1705.6974586180631
Kingston Upon Thames,kingston upon thames,2022,Vehicle Offences,1235,E09000021,Kingston upon Thames,kingston upon thames,186434,6.6243281804821015,662.4328180482102
Kingston Upon Thames,kingston upon thames,2022,Violence Against The Person,3218,E09000021,Kingston upon Thames,kingston upon thames,186434,17.260800068657005,1726.0800068657004
Kingston Upon Thames,kingston upon thames,2023,Arson And Criminal Damage,857,E09000021,Kingston upon Thames,kingston upon thames,187973,4.559165412053859,455.91654120538584
Kingston Upon Thames,kingston upon thames,2023,Burglary,1042,E09000021,Kingston upon Thames,kingston upon thames,187973,5.543349310805275,554.3349310805276
Kingston Upon Thames,kingston upon thames,2023,Drug Offences,824,E09000021,Kingston upon Thames,kingston upon thames,187973,4.383608284168471,438.3608284168471
Kingston Upon Thames,kingston upon thames,2023,Fraud And Forgery,0,E09000021,Kingston upon Thames,kingston upon thames,187973,0.0,0.0
Kingston Upon Thames,kingston upon thames,2023,Miscellaneous Crimes Against Society,161,E09000021,Kingston upon Thames,kingston upon thames,187973,0.8565059875620434,85.65059875620435
Kingston Upon Thames,kingston upon thames,2023,Possession Of Weapons,85,E09000021,Kingston upon Thames,kingston upon thames,187973,0.4521926021290292,45.21926021290292
Kingston Upon Thames,kingston upon thames,2023,Public Order Offences,798,E09000021,Kingston upon Thames,kingston upon thames,187973,4.24529054704665,424.52905470466504
Kingston Upon Thames,kingston upon thames,2023,Robbery,189,E09000021,Kingston upon Thames,kingston upon thames,187973,1.0054635506163119,100.54635506163119
Kingston Upon Thames,kingston upon thames,2023,Sexual Offences,332,E09000021,Kingston upon Thames,kingston upon thames,187973,1.7662111047863256,176.62111047863257
Kingston Upon Thames,kingston upon thames,2023,Theft,3598,E09000021,Kingston upon Thames,kingston upon thames,187973,19.141046852473494,1914.1046852473494
Kingston Upon Thames,kingston upon thames,2023,Vehicle Offences,1092,E09000021,Kingston upon Thames,kingston upon thames,187973,5.809344959116468,580.9344959116469
Kingston Upon Thames,kingston upon thames,2023,Violence Against The Person,3328,E09000021,Kingston upon Thames,kingston upon thames,187973,17.704670351593048,1770.467035159305
Kingston Upon Thames,kingston upon thames,2024,Arson And Criminal Damage,981,E09000021,Kingston upon Thames,kingston upon thames,189276,5.182907500158499,518.2907500158499
Kingston Upon Thames,kingston upon thames,2024,Burglary,570,E09000021,Kingston upon Thames,kingston upon thames,189276,3.0114753059024917,301.1475305902492
Kingston Upon Thames,kingston upon thames,2024,Drug Offences,524,E09000021,Kingston upon Thames,kingston upon thames,189276,2.76844396542615,276.844396542615
Kingston Upon Thames,kingston upon thames,2024,Fraud And Forgery,0,E09000021,Kingston upon Thames,kingston upon thames,189276,0.0,0.0
Kingston Upon Thames,kingston upon thames,2024,Miscellaneous Crimes Against Society,104,E09000021,Kingston upon Thames,kingston upon thames,189276,0.5494621610769459,54.94621610769459
Kingston Upon Thames,kingston upon thames,2024,Possession Of Weapons,56,E09000021,Kingston upon Thames,kingston upon thames,189276,0.2958642405798939,29.58642405798939
Kingston Upon Thames,kingston upon thames,2024,Public Order Offences,773,E09000021,Kingston upon Thames,kingston upon thames,189276,4.0839831780046065,408.3983178004607
Kingston Upon Thames,kingston upon thames,2024,Robbery,212,E09000021,Kingston upon Thames,kingston upon thames,189276,1.1200574821953126,112.00574821953126
Kingston Upon Thames,kingston upon thames,2024,Sexual Offences,337,E09000021,Kingston upon Thames,kingston upon thames,189276,1.7804687334897187,178.04687334897187
Kingston Upon Thames,kingston upon thames,2024,Theft,3551,E09000021,Kingston upon Thames,kingston upon thames,189276,18.760962826771486,1876.0962826771488
Kingston Upon Thames,kingston upon thames,2024,Vehicle Offences,965,E09000021,Kingston upon Thames,kingston upon thames,189276,5.098374859992815,509.8374859992815
Kingston Upon Thames,kingston upon thames,2024,Violence Against The Person,3133,E09000021,Kingston upon Thames,kingston upon thames,189276,16.552547602442992,1655.2547602442992
Kingston Upon Thames,kingston upon thames,2025,Arson And Criminal Damage,213,E09000021,Kingston upon Thames,kingston upon thames,190330,1.1191089160931016,111.91089160931016
Kingston Upon Thames,kingston upon thames,2025,Burglary,154,E09000021,Kingston upon Thames,kingston upon thames,190330,0.8091210003677823,80.91210003677823
Kingston Upon Thames,kingston upon thames,2025,Drug Offences,189,E09000021,Kingston upon Thames,kingston upon thames,190330,0.9930121368150054,99.30121368150054
Kingston Upon Thames,kingston upon thames,2025,Fraud And Forgery,0,E09000021,Kingston upon Thames,kingston upon thames,190330,0.0,0.0
Kingston Upon Thames,kingston upon thames,2025,Miscellaneous Crimes Against Society,43,E09000021,Kingston upon Thames,kingston upon thames,190330,0.22592339620658855,22.592339620658855
Kingston Upon Thames,kingston upon thames,2025,Possession Of Weapons,16,E09000021,Kingston upon Thames,kingston upon thames,190330,0.08406451951873062,8.406451951873063
Kingston Upon Thames,kingston upon thames,2025,Public Order Offences,202,E09000021,Kingston upon Thames,kingston upon thames,190330,1.0613145589239743,106.13145589239743
Kingston Upon Thames,kingston upon thames,2025,Robbery,48,E09000021,Kingston upon Thames,kingston upon thames,190330,0.25219355855619185,25.219355855619185
Kingston Upon Thames,kingston upon thames,2025,Sexual Offences,98,E09000021,Kingston upon Thames,kingston upon thames,190330,0.5148951820522251,51.48951820522251
Kingston Upon Thames,kingston upon thames,2025,Theft,838,E09000021,Kingston upon Thames,kingston upon thames,190330,4.402879209793517,440.28792097935167
Kingston Upon Thames,kingston upon thames,2025,Vehicle Offences,191,E09000021,Kingston upon Thames,kingston upon thames,190330,1.003520201754847,100.3520201754847
Kingston Upon Thames,kingston upon thames,2025,Violence Against The Person,870,E09000021,Kingston upon Thames,kingston upon thames,190330,4.571008248830978,457.1008248830978
Lambeth,lambeth,2010,Arson And Criminal Damage,2401,E09000022,Lambeth,lambeth,297650,8.066521081807492,806.6521081807491
Lambeth,lambeth,2010,Burglary,4994,E09000022,Lambeth,lambeth,297650,16.77809507811188,1677.8095078111878
Lambeth,lambeth,2010,Drug Offences,2276,E09000022,Lambeth,lambeth,297650,7.646564757265244,764.6564757265244
Lambeth,lambeth,2010,Fraud And Forgery,669,E09000022,Lambeth,lambeth,297650,2.247606248950109,224.76062489501092
Lambeth,lambeth,2010,Miscellaneous Crimes Against Society,244,E09000022,Lambeth,lambeth,297650,0.8197547455064673,81.97547455064674
Lambeth,lambeth,2010,Nfib Fraud,0,E09000022,Lambeth,lambeth,297650,0.0,0.0
Lambeth,lambeth,2010,Possession Of Weapons,263,E09000022,Lambeth,lambeth,297650,0.8835881068368889,88.3588106836889
Lambeth,lambeth,2010,Public Order Offences,714,E09000022,Lambeth,lambeth,297650,2.3987905257853184,239.87905257853186
Lambeth,lambeth,2010,Robbery,1927,E09000022,Lambeth,lambeth,297650,6.4740466991432895,647.4046699143289
Lambeth,lambeth,2010,Sexual Offences,371,E09000022,Lambeth,lambeth,297650,1.2464303712413909,124.64303712413908
Lambeth,lambeth,2010,Theft,7185,E09000022,Lambeth,lambeth,297650,24.13908953468839,2413.908953468839
Lambeth,lambeth,2010,Vehicle Offences,2574,E09000022,Lambeth,lambeth,297650,8.647740634973964,864.7740634973964
Lambeth,lambeth,2010,Violence Against The Person,4856,E09000022,Lambeth,lambeth,297650,16.314463295817237,1631.4463295817236
Lambeth,lambeth,2011,Arson And Criminal Damage,2994,E09000022,Lambeth,lambeth,304808,9.822576835253669,982.2576835253668
Lambeth,lambeth,2011,Burglary,7552,E09000022,Lambeth,lambeth,304808,24.77625259179549,2477.625259179549
Lambeth,lambeth,2011,Drug Offences,2989,E09000022,Lambeth,lambeth,304808,9.80617306632372,980.6173066323719
Lambeth,lambeth,2011,Fraud And Forgery,951,E09000022,Lambeth,lambeth,304808,3.1199968504763653,311.99968504763655
Lambeth,lambeth,2011,Miscellaneous Crimes Against Society,293,E09000022,Lambeth,lambeth,304808,0.9612608592950317,96.12608592950316
Lambeth,lambeth,2011,Nfib Fraud,0,E09000022,Lambeth,lambeth,304808,0.0,0.0
Lambeth,lambeth,2011,Possession Of Weapons,297,E09000022,Lambeth,lambeth,304808,0.9743838744389911,97.4383874438991
Lambeth,lambeth,2011,Public Order Offences,838,E09000022,Lambeth,lambeth,304808,2.74927167265951,274.927167265951
Lambeth,lambeth,2011,Robbery,2982,E09000022,Lambeth,lambeth,304808,9.78320778982179,978.320778982179
Lambeth,lambeth,2011,Sexual Offences,443,E09000022,Lambeth,lambeth,304808,1.453373927193512,145.33739271935121
Lambeth,lambeth,2011,Theft,10438,E09000022,Lambeth,lambeth,304808,34.24450801816226,3424.4508018162255
Lambeth,lambeth,2011,Vehicle Offences,3581,E09000022,Lambeth,lambeth,304808,11.748379307629722,1174.8379307629723
Lambeth,lambeth,2011,Violence Against The Person,5973,E09000022,Lambeth,lambeth,304808,19.595942363717487,1959.5942363717488
Lambeth,lambeth,2012,Arson And Criminal Damage,2463,E09000022,Lambeth,lambeth,310527,7.9316774386768305,793.167743867683
Lambeth,lambeth,2012,Burglary,7124,E09000022,Lambeth,lambeth,310527,22.941644365868346,2294.1644365868347
Lambeth,lambeth,2012,Drug Offences,2293,E09000022,Lambeth,lambeth,310527,7.3842210178180965,738.4221017818097
Lambeth,lambeth,2012,Fraud And Forgery,989,E09000022,Lambeth,lambeth,310527,3.184908236642868,318.49082366428684
Lambeth,lambeth,2012,Miscellaneous Crimes Against Society,267,E09000022,Lambeth,lambeth,310527,0.8598286139369523,85.98286139369523
Lambeth,lambeth,2012,Nfib Fraud,0,E09000022,Lambeth,lambeth,310527,0.0,0.0
Lambeth,lambeth,2012,Possession Of Weapons,198,E09000022,Lambeth,lambeth,310527,0.6376257137060545,63.76257137060545
Lambeth,lambeth,2012,Public Order Offences,1070,E09000022,Lambeth,lambeth,310527,3.445755119522618,344.5755119522618
Lambeth,lambeth,2012,Robbery,2659,E09000022,Lambeth,lambeth,310527,8.562862488608076,856.2862488608075
Lambeth,lambeth,2012,Sexual Offences,407,E09000022,Lambeth,lambeth,310527,1.3106750781735566,131.06750781735565
Lambeth,lambeth,2012,Theft,11552,E09000022,Lambeth,lambeth,310527,37.20127396329466,3720.127396329466
Lambeth,lambeth,2012,Vehicle Offences,3509,E09000022,Lambeth,lambeth,310527,11.300144592901745,1130.0144592901745
Lambeth,lambeth,2012,Violence Against The Person,5722,E09000022,Lambeth,lambeth,310527,18.426739059727495,1842.6739059727495
Lambeth,lambeth,2013,Arson And Criminal Damage,2361,E09000022,Lambeth,lambeth,314569,7.505507535707587,750.5507535707587
Lambeth,lambeth,2013,Burglary,7738,E09000022,Lambeth,lambeth,314569,24.598736684161505,2459.8736684161504
Lambeth,lambeth,2013,Drug Offences,1892,E09000022,Lambeth,lambeth,314569,6.01457867749206,601.457867749206
Lambeth,lambeth,2013,Fraud And Forgery,99,E09000022,Lambeth,lambeth,314569,0.3147163261478404,31.47163261478404
Lambeth,lambeth,2013,Miscellaneous Crimes Against Society,324,E09000022,Lambeth,lambeth,314569,1.0299807037565685,102.99807037565684
Lambeth,lambeth,2013,Nfib Fraud,0,E09000022,Lambeth,lambeth,314569,0.0,0.0
Lambeth,lambeth,2013,Possession Of Weapons,243,E09000022,Lambeth,lambeth,314569,0.7724855278174264,77.24855278174265
Lambeth,lambeth,2013,Public Order Offences,1144,E09000022,Lambeth,lambeth,314569,3.6367219910417115,363.6721991041711
Lambeth,lambeth,2013,Robbery,2400,E09000022,Lambeth,lambeth,314569,7.6294866944930995,762.9486694493099
Lambeth,lambeth,2013,Sexual Offences,446,E09000022,Lambeth,lambeth,314569,1.4178129440599678,141.7812944059968
Lambeth,lambeth,2013,Theft,10755,E09000022,Lambeth,lambeth,314569,34.1896372496972,3418.9637249697203
Lambeth,lambeth,2013,Vehicle Offences,3178,E09000022,Lambeth,lambeth,314569,10.102711964624612,1010.2711964624613
Lambeth,lambeth,2013,Violence Against The Person,5614,E09000022,Lambeth,lambeth,314569,17.84664095953511,1784.6640959535112
Lambeth,lambeth,2014,Arson And Criminal Damage,2466,E09000022,Lambeth,lambeth,318543,7.741498008118213,774.1498008118213
Lambeth,lambeth,2014,Burglary,6044,E09000022,Lambeth,lambeth,318543,18.97389049516078,1897.389049516078
Lambeth,lambeth,2014,Drug Offences,2626,E09000022,Lambeth,lambeth,318543,8.243784983503012,824.3784983503012
Lambeth,lambeth,2014,Fraud And Forgery,0,E09000022,Lambeth,lambeth,318543,0.0,0.0
Lambeth,lambeth,2014,Miscellaneous Crimes Against Society,411,E09000022,Lambeth,lambeth,318543,1.2902496680197024,129.02496680197024
Lambeth,lambeth,2014,Nfib Fraud,0,E09000022,Lambeth,lambeth,318543,0.0,0.0
Lambeth,lambeth,2014,Possession Of Weapons,300,E09000022,Lambeth,lambeth,318543,0.941788078846498,94.1788078846498
Lambeth,lambeth,2014,Public Order Offences,1742,E09000022,Lambeth,lambeth,318543,5.468649444501999,546.8649444501998
Lambeth,lambeth,2014,Robbery,1375,E09000022,Lambeth,lambeth,318543,4.316528694713116,431.6528694713116
Lambeth,lambeth,2014,Sexual Offences,656,E09000022,Lambeth,lambeth,318543,2.0593765990776753,205.93765990776754
Lambeth,lambeth,2014,Theft,9292,E09000022,Lambeth,lambeth,318543,29.1703160954722,2917.03160954722
Lambeth,lambeth,2014,Vehicle Offences,3315,E09000022,Lambeth,lambeth,318543,10.406758271253803,1040.6758271253802
Lambeth,lambeth,2014,Violence Against The Person,7149,E09000022,Lambeth,lambeth,318543,22.442809918912044,2244.2809918912044
Lambeth,lambeth,2015,Arson And Criminal Damage,2624,E09000022,Lambeth,lambeth,324758,8.079862543801847,807.9862543801846
Lambeth,lambeth,2015,Burglary,5136,E09000022,Lambeth,lambeth,324758,15.814852905856053,1581.4852905856055
Lambeth,lambeth,2015,Drug Offences,2659,E09000022,Lambeth,lambeth,324758,8.187635100597983,818.7635100597984
Lambeth,lambeth,2015,Fraud And Forgery,0,E09000022,Lambeth,lambeth,324758,0.0,0.0
Lambeth,lambeth,2015,Miscellaneous Crimes Against Society,397,E09000022,Lambeth,lambeth,324758,1.2224487156590444,122.24487156590445
Lambeth,lambeth,2015,Nfib Fraud,0,E09000022,Lambeth,lambeth,324758,0.0,0.0
Lambeth,lambeth,2015,Possession Of Weapons,364,E09000022,Lambeth,lambeth,324758,1.1208345906798294,112.08345906798293
Lambeth,lambeth,2015,Public Order Offences,2119,E09000022,Lambeth,lambeth,324758,6.524858510029007,652.4858510029006
Lambeth,lambeth,2015,Robbery,1159,E09000022,Lambeth,lambeth,324758,3.568811237906379,356.88112379063796
Lambeth,lambeth,2015,Sexual Offences,799,E09000022,Lambeth,lambeth,324758,2.4602935108603945,246.02935108603944
Lambeth,lambeth,2015,Theft,9574,E09000022,Lambeth,lambeth,324758,29.480413107606278,2948.0413107606278
Lambeth,lambeth,2015,Vehicle Offences,3398,E09000022,Lambeth,lambeth,324758,10.463175656950714,1046.3175656950714
Lambeth,lambeth,2015,Violence Against The Person,8331,E09000022,Lambeth,lambeth,324758,25.652947733389173,2565.294773338917
Lambeth,lambeth,2016,Arson And Criminal Damage,2695,E09000022,Lambeth,lambeth,328237,8.21053080548506,821.0530805485062
Lambeth,lambeth,2016,Burglary,6172,E09000022,Lambeth,lambeth,328237,18.803486505177663,1880.3486505177661
Lambeth,lambeth,2016,Drug Offences,2817,E09000022,Lambeth,lambeth,328237,8.582213461614627,858.2213461614626
Lambeth,lambeth,2016,Fraud And Forgery,0,E09000022,Lambeth,lambeth,328237,0.0,0.0
Lambeth,lambeth,2016,Miscellaneous Crimes Against Society,481,E09000022,Lambeth,lambeth,328237,1.4654045704780387,146.54045704780387
Lambeth,lambeth,2016,Nfib Fraud,0,E09000022,Lambeth,lambeth,328237,0.0,0.0
Lambeth,lambeth,2016,Possession Of Weapons,412,E09000022,Lambeth,lambeth,328237,1.2551906092244325,125.51906092244324
Lambeth,lambeth,2016,Public Order Offences,1917,E09000022,Lambeth,lambeth,328237,5.8402922278719345,584.0292227871935
Lambeth,lambeth,2016,Robbery,1197,E09000022,Lambeth,lambeth,328237,3.64675524087778,364.675524087778
Lambeth,lambeth,2016,Sexual Offences,792,E09000022,Lambeth,lambeth,328237,2.4128906856935686,241.28906856935689
Lambeth,lambeth,2016,Theft,9641,E09000022,Lambeth,lambeth,328237,29.37206957168144,2937.206957168144
Lambeth,lambeth,2016,Vehicle Offences,3505,E09000022,Lambeth,lambeth,328237,10.678259915853484,1067.8259915853484
Lambeth,lambeth,2016,Violence Against The Person,8447,E09000022,Lambeth,lambeth,328237,25.734454068249466,2573.4454068249465
Lambeth,lambeth,2017,Arson And Criminal Damage,2568,E09000022,Lambeth,lambeth,331157,7.754629979133765,775.4629979133764
Lambeth,lambeth,2017,Burglary,5650,E09000022,Lambeth,lambeth,331157,17.061393840383868,1706.1393840383869
Lambeth,lambeth,2017,Drug Offences,2304,E09000022,Lambeth,lambeth,331157,6.957425028007863,695.7425028007863
Lambeth,lambeth,2017,Fraud And Forgery,0,E09000022,Lambeth,lambeth,331157,0.0,0.0
Lambeth,lambeth,2017,Miscellaneous Crimes Against Society,455,E09000022,Lambeth,lambeth,331157,1.3739706544025945,137.39706544025947
Lambeth,lambeth,2017,Nfib Fraud,0,E09000022,Lambeth,lambeth,331157,0.0,0.0
Lambeth,lambeth,2017,Possession Of Weapons,512,E09000022,Lambeth,lambeth,331157,1.546094450668414,154.6094450668414
Lambeth,lambeth,2017,Public Order Offences,1980,E09000022,Lambeth,lambeth,331157,5.979037133444257,597.9037133444258
Lambeth,lambeth,2017,Robbery,1468,E09000022,Lambeth,lambeth,331157,4.432942682775844,443.2942682775843
Lambeth,lambeth,2017,Sexual Offences,864,E09000022,Lambeth,lambeth,331157,2.6090343855029485,260.9034385502949
Lambeth,lambeth,2017,Theft,9738,E09000022,Lambeth,lambeth,331157,29.405991719939486,2940.5991719939484
Lambeth,lambeth,2017,Vehicle Offences,3111,E09000022,Lambeth,lambeth,331157,9.394335617244993,939.4335617244993
Lambeth,lambeth,2017,Violence Against The Person,8544,E09000022,Lambeth,lambeth,331157,25.80045114552916,2580.045114552916
Lambeth,lambeth,2018,Arson And Criminal Damage,2336,E09000022,Lambeth,lambeth,334724,6.978884095553351,697.8884095553351
Lambeth,lambeth,2018,Burglary,6232,E09000022,Lambeth,lambeth,334724,18.618324350808425,1861.8324350808425
Lambeth,lambeth,2018,Drug Offences,2163,E09000022,Lambeth,lambeth,334724,6.46204036758643,646.2040367586429
Lambeth,lambeth,2018,Fraud And Forgery,0,E09000022,Lambeth,lambeth,334724,0.0,0.0
Lambeth,lambeth,2018,Miscellaneous Crimes Against Society,432,E09000022,Lambeth,lambeth,334724,1.2906155519174005,129.06155519174007
Lambeth,lambeth,2018,Nfib Fraud,0,E09000022,Lambeth,lambeth,334724,0.0,0.0
Lambeth,lambeth,2018,Possession Of Weapons,470,E09000022,Lambeth,lambeth,334724,1.4041419199101348,140.4141919910135
Lambeth,lambeth,2018,Public Order Offences,1859,E09000022,Lambeth,lambeth,334724,5.553829423644555,555.3829423644555
Lambeth,lambeth,2018,Robbery,1331,E09000022,Lambeth,lambeth,334724,3.9764104157455096,397.64104157455097
Lambeth,lambeth,2018,Sexual Offences,924,E09000022,Lambeth,lambeth,334724,2.760483263823329,276.0483263823329
Lambeth,lambeth,2018,Theft,9260,E09000022,Lambeth,lambeth,334724,27.664583358229468,2766.4583358229465
Lambeth,lambeth,2018,Vehicle Offences,4007,E09000022,Lambeth,lambeth,334724,11.971056751233851,1197.1056751233853
Lambeth,lambeth,2018,Violence Against The Person,8560,E09000022,Lambeth,lambeth,334724,25.573308158363307,2557.3308158363307
Lambeth,lambeth,2019,Arson And Criminal Damage,2037,E09000022,Lambeth,lambeth,338028,6.026128013064007,602.6128013064007
Lambeth,lambeth,2019,Burglary,6358,E09000022,Lambeth,lambeth,338028,18.809092737879702,1880.90927378797
Lambeth,lambeth,2019,Drug Offences,2269,E09000022,Lambeth,lambeth,338028,6.7124616895641775,671.2461689564178
Lambeth,lambeth,2019,Fraud And Forgery,0,E09000022,Lambeth,lambeth,338028,0.0,0.0
Lambeth,lambeth,2019,Miscellaneous Crimes Against Society,423,E09000022,Lambeth,lambeth,338028,1.2513756256878128,125.13756256878129
Lambeth,lambeth,2019,Nfib Fraud,0,E09000022,Lambeth,lambeth,338028,0.0,0.0
Lambeth,lambeth,2019,Possession Of Weapons,409,E09000022,Lambeth,lambeth,338028,1.2099589383128027,120.99589383128026
Lambeth,lambeth,2019,Public Order Offences,2058,E09000022,Lambeth,lambeth,338028,6.088253044126522,608.8253044126521
Lambeth,lambeth,2019,Robbery,1336,E09000022,Lambeth,lambeth,338028,3.9523353095009877,395.2335309500988
Lambeth,lambeth,2019,Sexual Offences,873,E09000022,Lambeth,lambeth,338028,2.5826262913131455,258.26262913131455
Lambeth,lambeth,2019,Theft,10135,E09000022,Lambeth,lambeth,338028,29.982723324694994,2998.2723324695
Lambeth,lambeth,2019,Vehicle Offences,3558,E09000022,Lambeth,lambeth,338028,10.525755262877631,1052.575526287763
Lambeth,lambeth,2019,Violence Against The Person,9027,E09000022,Lambeth,lambeth,338028,26.70488835244418,2670.4888352444177
Lambeth,lambeth,2020,Arson And Criminal Damage,1966,E09000022,Lambeth,lambeth,340324,5.776847944899567,577.6847944899566
Lambeth,lambeth,2020,Burglary,5088,E09000022,Lambeth,lambeth,340324,14.950458974389111,1495.0458974389112
Lambeth,lambeth,2020,Drug Offences,2500,E09000022,Lambeth,lambeth,340324,7.345940926881442,734.5940926881443
Lambeth,lambeth,2020,Fraud And Forgery,0,E09000022,Lambeth,lambeth,340324,0.0,0.0
Lambeth,lambeth,2020,Miscellaneous Crimes Against Society,412,E09000022,Lambeth,lambeth,340324,1.2106110647500619,121.06110647500617
Lambeth,lambeth,2020,Nfib Fraud,0,E09000022,Lambeth,lambeth,340324,0.0,0.0
Lambeth,lambeth,2020,Possession Of Weapons,370,E09000022,Lambeth,lambeth,340324,1.0871992571784534,108.71992571784536
Lambeth,lambeth,2020,Public Order Offences,2271,E09000022,Lambeth,lambeth,340324,6.673052737979102,667.3052737979102
Lambeth,lambeth,2020,Robbery,1109,E09000022,Lambeth,lambeth,340324,3.258659395164608,325.8659395164608
Lambeth,lambeth,2020,Sexual Offences,850,E09000022,Lambeth,lambeth,340324,2.4976199151396905,249.76199151396906
Lambeth,lambeth,2020,Theft,6513,E09000022,Lambeth,lambeth,340324,19.137645302711533,1913.7645302711535
Lambeth,lambeth,2020,Vehicle Offences,2956,E09000022,Lambeth,lambeth,340324,8.685840551944617,868.5840551944617
Lambeth,lambeth,2020,Violence Against The Person,8541,E09000022,Lambeth,lambeth,340324,25.09667258259776,2509.6672582597757
Lambeth,lambeth,2021,Arson And Criminal Damage,2072,E09000022,Lambeth,lambeth,342250,6.054054054054054,605.4054054054054
Lambeth,lambeth,2021,Burglary,4398,E09000022,Lambeth,lambeth,342250,12.850255661066472,1285.0255661066471
Lambeth,lambeth,2021,Drug Offences,2285,E09000022,Lambeth,lambeth,342250,6.676406135865595,667.6406135865595
Lambeth,lambeth,2021,Fraud And Forgery,0,E09000022,Lambeth,lambeth,342250,0.0,0.0
Lambeth,lambeth,2021,Miscellaneous Crimes Against Society,409,E09000022,Lambeth,lambeth,342250,1.1950328707085465,119.50328707085464
Lambeth,lambeth,2021,Nfib Fraud,0,E09000022,Lambeth,lambeth,342250,0.0,0.0
Lambeth,lambeth,2021,Possession Of Weapons,399,E09000022,Lambeth,lambeth,342250,1.1658144631117604,116.58144631117604
Lambeth,lambeth,2021,Public Order Offences,2290,E09000022,Lambeth,lambeth,342250,6.691015339663989,669.1015339663988
Lambeth,lambeth,2021,Robbery,1197,E09000022,Lambeth,lambeth,342250,3.4974433893352814,349.7443389335281
Lambeth,lambeth,2021,Sexual Offences,1098,E09000022,Lambeth,lambeth,342250,3.2081811541271,320.81811541271003
Lambeth,lambeth,2021,Theft,7291,E09000022,Lambeth,lambeth,342250,21.303140978816653,2130.3140978816655
Lambeth,lambeth,2021,Vehicle Offences,2690,E09000022,Lambeth,lambeth,342250,7.859751643535428,785.9751643535428
Lambeth,lambeth,2021,Violence Against The Person,9292,E09000022,Lambeth,lambeth,342250,27.149744338933527,2714.974433893353
Lambeth,lambeth,2022,Arson And Criminal Damage,2053,E09000022,Lambeth,lambeth,343982,5.9683355524416974,596.8335552441697
Lambeth,lambeth,2022,Burglary,4426,E09000022,Lambeth,lambeth,343982,12.866952340529446,1286.6952340529447
Lambeth,lambeth,2022,Drug Offences,1710,E09000022,Lambeth,lambeth,343982,4.971190352983586,497.11903529835865
Lambeth,lambeth,2022,Fraud And Forgery,0,E09000022,Lambeth,lambeth,343982,0.0,0.0
Lambeth,lambeth,2022,Miscellaneous Crimes Against Society,346,E09000022,Lambeth,lambeth,343982,1.0058665860422928,100.58665860422929
Lambeth,lambeth,2022,Nfib Fraud,0,E09000022,Lambeth,lambeth,343982,0.0,0.0
Lambeth,lambeth,2022,Possession Of Weapons,319,E09000022,Lambeth,lambeth,343982,0.9273741067846573,92.73741067846574
Lambeth,lambeth,2022,Public Order Offences,2324,E09000022,Lambeth,lambeth,343982,6.756167473879447,675.6167473879448
Lambeth,lambeth,2022,Robbery,1487,E09000022,Lambeth,lambeth,343982,4.322900616892745,432.29006168927447
Lambeth,lambeth,2022,Sexual Offences,1005,E09000022,Lambeth,lambeth,343982,2.9216645057008797,292.166450570088
Lambeth,lambeth,2022,Theft,9405,E09000022,Lambeth,lambeth,343982,27.341546941409725,2734.1546941409724
Lambeth,lambeth,2022,Vehicle Offences,2696,E09000022,Lambeth,lambeth,343982,7.8376194103179815,783.7619410317982
Lambeth,lambeth,2022,Violence Against The Person,9265,E09000022,Lambeth,lambeth,343982,26.93454890081458,2693.454890081458
Lambeth,lambeth,2023,Arson And Criminal Damage,2204,E09000022,Lambeth,lambeth,345285,6.383132774374792,638.3132774374791
Lambeth,lambeth,2023,Burglary,2647,E09000022,Lambeth,lambeth,345285,7.666130877391141,766.6130877391141
Lambeth,lambeth,2023,Drug Offences,1383,E09000022,Lambeth,lambeth,345285,4.005386854337721,400.5386854337721
Lambeth,lambeth,2023,Fraud And Forgery,0,E09000022,Lambeth,lambeth,345285,0.0,0.0
Lambeth,lambeth,2023,Miscellaneous Crimes Against Society,353,E09000022,Lambeth,lambeth,345285,1.0223438608685578,102.23438608685579
Lambeth,lambeth,2023,Nfib Fraud,0,E09000022,Lambeth,lambeth,345285,0.0,0.0
Lambeth,lambeth,2023,Possession Of Weapons,295,E09000022,Lambeth,lambeth,345285,0.854366682595537,85.4366682595537
Lambeth,lambeth,2023,Public Order Offences,2363,E09000022,Lambeth,lambeth,345285,6.843621935502556,684.3621935502556
Lambeth,lambeth,2023,Robbery,1870,E09000022,Lambeth,lambeth,345285,5.4158159201818785,541.5815920181878
Lambeth,lambeth,2023,Sexual Offences,1002,E09000022,Lambeth,lambeth,345285,2.901950562578739,290.19505625787394
Lambeth,lambeth,2023,Theft,11244,E09000022,Lambeth,lambeth,345285,32.56440331899735,3256.4403318997347
Lambeth,lambeth,2023,Vehicle Offences,2888,E09000022,Lambeth,lambeth,345285,8.364105014698003,836.4105014698004
Lambeth,lambeth,2023,Violence Against The Person,9652,E09000022,Lambeth,lambeth,345285,27.953719391227537,2795.3719391227537
Lambeth,lambeth,2024,Arson And Criminal Damage,2322,E09000022,Lambeth,lambeth,346100,6.709043629008957,670.9043629008958
Lambeth,lambeth,2024,Burglary,2120,E09000022,Lambeth,lambeth,346100,6.125397284021959,612.5397284021959
Lambeth,lambeth,2024,Drug Offences,1516,E09000022,Lambeth,lambeth,346100,4.380236925744005,438.0236925744005
Lambeth,lambeth,2024,Fraud And Forgery,2,E09000022,Lambeth,lambeth,346100,0.005778676683039584,0.5778676683039584
Lambeth,lambeth,2024,Miscellaneous Crimes Against Society,295,E09000022,Lambeth,lambeth,346100,0.8523548107483386,85.23548107483386
Lambeth,lambeth,2024,Nfib Fraud,1,E09000022,Lambeth,lambeth,346100,0.002889338341519792,0.2889338341519792
Lambeth,lambeth,2024,Possession Of Weapons,242,E09000022,Lambeth,lambeth,346100,0.6992198786477897,69.92198786477897
Lambeth,lambeth,2024,Public Order Offences,2301,E09000022,Lambeth,lambeth,346100,6.648367523837041,664.8367523837042
Lambeth,lambeth,2024,Robbery,2325,E09000022,Lambeth,lambeth,346100,6.717711644033516,671.7711644033516
Lambeth,lambeth,2024,Sexual Offences,1185,E09000022,Lambeth,lambeth,346100,3.4238659347009537,342.38659347009536
Lambeth,lambeth,2024,Theft,13411,E09000022,Lambeth,lambeth,346100,38.74891649812193,3874.8916498121926
Lambeth,lambeth,2024,Vehicle Offences,3607,E09000022,Lambeth,lambeth,346100,10.42184339786189,1042.184339786189
Lambeth,lambeth,2024,Violence Against The Person,9071,E09000022,Lambeth,lambeth,346100,26.20918809592603,2620.9188095926033
Lambeth,lambeth,2025,Arson And Criminal Damage,493,E09000022,Lambeth,lambeth,346448,1.423012977416524,142.30129774165243
Lambeth,lambeth,2025,Burglary,409,E09000022,Lambeth,lambeth,346448,1.180552348404378,118.05523484043782
Lambeth,lambeth,2025,Drug Offences,459,E09000022,Lambeth,lambeth,346448,1.3248741513877986,132.48741513877985
Lambeth,lambeth,2025,Fraud And Forgery,1,E09000022,Lambeth,lambeth,346448,0.002886436059668406,0.2886436059668406
Lambeth,lambeth,2025,Miscellaneous Crimes Against Society,122,E09000022,Lambeth,lambeth,346448,0.3521451992795456,35.214519927954555
Lambeth,lambeth,2025,Nfib Fraud,0,E09000022,Lambeth,lambeth,346448,0.0,0.0
Lambeth,lambeth,2025,Possession Of Weapons,46,E09000022,Lambeth,lambeth,346448,0.13277605874474668,13.277605874474668
Lambeth,lambeth,2025,Public Order Offences,466,E09000022,Lambeth,lambeth,346448,1.3450792038054773,134.50792038054774
Lambeth,lambeth,2025,Robbery,373,E09000022,Lambeth,lambeth,346448,1.0766406502563155,107.66406502563156
Lambeth,lambeth,2025,Sexual Offences,259,E09000022,Lambeth,lambeth,346448,0.7475869394541172,74.75869394541172
Lambeth,lambeth,2025,Theft,2944,E09000022,Lambeth,lambeth,346448,8.497667759663788,849.7667759663788
Lambeth,lambeth,2025,Vehicle Offences,762,E09000022,Lambeth,lambeth,346448,2.1994642774673254,219.94642774673255
Lambeth,lambeth,2025,Violence Against The Person,2112,E09000022,Lambeth,lambeth,346448,6.096152958019673,609.6152958019674
Lewisham,lewisham,2010,Arson And Criminal Damage,2415,E09000023,Lewisham,lewisham,272525,8.861572332813504,886.1572332813504
Lewisham,lewisham,2010,Burglary,4798,E09000023,Lewisham,lewisham,272525,17.605724245482065,1760.5724245482065
Lewisham,lewisham,2010,Drug Offences,1767,E09000023,Lewisham,lewisham,272525,6.483808824878452,648.3808824878452
Lewisham,lewisham,2010,Fraud And Forgery,643,E09000023,Lewisham,lewisham,272525,2.359416567287405,235.9416567287405
Lewisham,lewisham,2010,Miscellaneous Crimes Against Society,178,E09000023,Lewisham,lewisham,272525,0.6531510870562334,65.31510870562333
Lewisham,lewisham,2010,Possession Of Weapons,181,E09000023,Lewisham,lewisham,272525,0.6641592514448216,66.41592514448216
Lewisham,lewisham,2010,Public Order Offences,641,E09000023,Lewisham,lewisham,272525,2.352077791028346,235.2077791028346
Lewisham,lewisham,2010,Robbery,1085,E09000023,Lewisham,lewisham,272525,3.9812861205394,398.12861205394
Lewisham,lewisham,2010,Sexual Offences,251,E09000023,Lewisham,lewisham,272525,0.9210164205118796,92.10164205118797
Lewisham,lewisham,2010,Theft,4523,E09000023,Lewisham,lewisham,272525,16.596642509861482,1659.664250986148
Lewisham,lewisham,2010,Vehicle Offences,2621,E09000023,Lewisham,lewisham,272525,9.61746628749656,961.746628749656
Lewisham,lewisham,2010,Violence Against The Person,4182,E09000023,Lewisham,lewisham,272525,15.345381157691955,1534.5381157691954
Lewisham,lewisham,2011,Arson And Criminal Damage,2883,E09000023,Lewisham,lewisham,277525,10.388253310512567,1038.8253310512566
Lewisham,lewisham,2011,Burglary,6474,E09000023,Lewisham,lewisham,277525,23.327628141608862,2332.762814160886
Lewisham,lewisham,2011,Drug Offences,2193,E09000023,Lewisham,lewisham,277525,7.901990811638591,790.1990811638591
Lewisham,lewisham,2011,Fraud And Forgery,854,E09000023,Lewisham,lewisham,277525,3.0772002522295288,307.72002522295287
Lewisham,lewisham,2011,Miscellaneous Crimes Against Society,216,E09000023,Lewisham,lewisham,277525,0.7783082605170705,77.83082605170705
Lewisham,lewisham,2011,Possession Of Weapons,222,E09000023,Lewisham,lewisham,277525,0.7999279344203224,79.99279344203225
Lewisham,lewisham,2011,Public Order Offences,786,E09000023,Lewisham,lewisham,277525,2.8321772813260067,283.21772813260066
Lewisham,lewisham,2011,Robbery,1643,E09000023,Lewisham,lewisham,277525,5.920187370507162,592.0187370507161
Lewisham,lewisham,2011,Sexual Offences,377,E09000023,Lewisham,lewisham,277525,1.358436176920998,135.8436176920998
Lewisham,lewisham,2011,Theft,6121,E09000023,Lewisham,lewisham,277525,22.055670660300873,2205.567066030087
Lewisham,lewisham,2011,Vehicle Offences,3189,E09000023,Lewisham,lewisham,277525,11.490856679578417,1149.0856679578417
Lewisham,lewisham,2011,Violence Against The Person,5290,E09000023,Lewisham,lewisham,277525,19.061345824700478,1906.134582470048
Lewisham,lewisham,2012,Arson And Criminal Damage,2360,E09000023,Lewisham,lewisham,282143,8.364552726808746,836.4552726808746
Lewisham,lewisham,2012,Burglary,6578,E09000023,Lewisham,lewisham,282143,23.314418574977935,2331.4418574977935
Lewisham,lewisham,2012,Drug Offences,1427,E09000023,Lewisham,lewisham,282143,5.0577189581169835,505.77189581169836
Lewisham,lewisham,2012,Fraud And Forgery,880,E09000023,Lewisham,lewisham,282143,3.1189857625388546,311.89857625388544
Lewisham,lewisham,2012,Miscellaneous Crimes Against Society,215,E09000023,Lewisham,lewisham,282143,0.7620249306202883,76.20249306202884
Lewisham,lewisham,2012,Possession Of Weapons,152,E09000023,Lewisham,lewisham,282143,0.5387339044385294,53.87339044385294
Lewisham,lewisham,2012,Public Order Offences,864,E09000023,Lewisham,lewisham,282143,3.0622769304926933,306.22769304926936
Lewisham,lewisham,2012,Robbery,1285,E09000023,Lewisham,lewisham,282143,4.554428073707304,455.4428073707304
Lewisham,lewisham,2012,Sexual Offences,392,E09000023,Lewisham,lewisham,282143,1.3893663851309441,138.93663851309444
Lewisham,lewisham,2012,Theft,5812,E09000023,Lewisham,lewisham,282143,20.59948324076798,2059.948324076798
Lewisham,lewisham,2012,Vehicle Offences,3139,E09000023,Lewisham,lewisham,282143,11.125563987056209,1112.556398705621
Lewisham,lewisham,2012,Violence Against The Person,4880,E09000023,Lewisham,lewisham,282143,17.2961937740791,1729.6193774079102
Lewisham,lewisham,2013,Arson And Criminal Damage,2122,E09000023,Lewisham,lewisham,286767,7.399735673909481,739.973567390948
Lewisham,lewisham,2013,Burglary,6580,E09000023,Lewisham,lewisham,286767,22.94545746198133,2294.545746198133
Lewisham,lewisham,2013,Drug Offences,1715,E09000023,Lewisham,lewisham,286767,5.980464976793006,598.0464976793006
Lewisham,lewisham,2013,Fraud And Forgery,73,E09000023,Lewisham,lewisham,286767,0.254562066067574,25.4562066067574
Lewisham,lewisham,2013,Miscellaneous Crimes Against Society,261,E09000023,Lewisham,lewisham,286767,0.9101465649813263,91.01465649813262
Lewisham,lewisham,2013,Possession Of Weapons,189,E09000023,Lewisham,lewisham,286767,0.6590716505037191,65.9071650503719
Lewisham,lewisham,2013,Public Order Offences,950,E09000023,Lewisham,lewisham,286767,3.312794010468429,331.2794010468429
Lewisham,lewisham,2013,Robbery,1247,E09000023,Lewisham,lewisham,286767,4.348478032688559,434.84780326885584
Lewisham,lewisham,2013,Sexual Offences,409,E09000023,Lewisham,lewisham,286767,1.426245000296408,142.62450002964079
Lewisham,lewisham,2013,Theft,4821,E09000023,Lewisham,lewisham,286767,16.811557815229783,1681.1557815229785
Lewisham,lewisham,2013,Vehicle Offences,2468,E09000023,Lewisham,lewisham,286767,8.606290124037981,860.6290124037982
Lewisham,lewisham,2013,Violence Against The Person,4863,E09000023,Lewisham,lewisham,286767,16.958018182008388,1695.8018182008389
Lewisham,lewisham,2014,Arson And Criminal Damage,2131,E09000023,Lewisham,lewisham,292520,7.284971967728702,728.4971967728702
Lewisham,lewisham,2014,Burglary,4668,E09000023,Lewisham,lewisham,292520,15.957883221660058,1595.7883221660059
Lewisham,lewisham,2014,Drug Offences,1318,E09000023,Lewisham,lewisham,292520,4.505674825652947,450.56748256529465
Lewisham,lewisham,2014,Fraud And Forgery,1,E09000023,Lewisham,lewisham,292520,0.0034185696704498838,0.34185696704498836
Lewisham,lewisham,2014,Miscellaneous Crimes Against Society,254,E09000023,Lewisham,lewisham,292520,0.8683166962942704,86.83166962942704
Lewisham,lewisham,2014,Possession Of Weapons,168,E09000023,Lewisham,lewisham,292520,0.5743197046355805,57.431970463558045
Lewisham,lewisham,2014,Public Order Offences,1146,E09000023,Lewisham,lewisham,292520,3.9176808423355665,391.76808423355664
Lewisham,lewisham,2014,Robbery,779,E09000023,Lewisham,lewisham,292520,2.6630657732804592,266.30657732804593
Lewisham,lewisham,2014,Sexual Offences,497,E09000023,Lewisham,lewisham,292520,1.6990291262135921,169.90291262135923
Lewisham,lewisham,2014,Theft,4883,E09000023,Lewisham,lewisham,292520,16.692875700806784,1669.2875700806783
Lewisham,lewisham,2014,Vehicle Offences,2244,E09000023,Lewisham,lewisham,292520,7.6712703404895395,767.127034048954
Lewisham,lewisham,2014,Violence Against The Person,5777,E09000023,Lewisham,lewisham,292520,19.749076986188978,1974.907698618898
Lewisham,lewisham,2015,Arson And Criminal Damage,2400,E09000023,Lewisham,lewisham,297912,8.05607024893257,805.6070248932571
Lewisham,lewisham,2015,Burglary,4290,E09000023,Lewisham,lewisham,297912,14.40022556996697,1440.022556996697
Lewisham,lewisham,2015,Drug Offences,1595,E09000023,Lewisham,lewisham,297912,5.353930019603104,535.3930019603105
Lewisham,lewisham,2015,Fraud And Forgery,0,E09000023,Lewisham,lewisham,297912,0.0,0.0
Lewisham,lewisham,2015,Miscellaneous Crimes Against Society,295,E09000023,Lewisham,lewisham,297912,0.9902253014312953,99.02253014312953
Lewisham,lewisham,2015,Possession Of Weapons,238,E09000023,Lewisham,lewisham,297912,0.7988936330191466,79.88936330191466
Lewisham,lewisham,2015,Public Order Offences,1467,E09000023,Lewisham,lewisham,297912,4.924272939660034,492.4272939660034
Lewisham,lewisham,2015,Robbery,811,E09000023,Lewisham,lewisham,297912,2.722280404951798,272.2280404951798
Lewisham,lewisham,2015,Sexual Offences,539,E09000023,Lewisham,lewisham,297912,1.809259110072773,180.9259110072773
Lewisham,lewisham,2015,Theft,4878,E09000023,Lewisham,lewisham,297912,16.37396278095545,1637.3962780955449
Lewisham,lewisham,2015,Vehicle Offences,2678,E09000023,Lewisham,lewisham,297912,8.989231719433926,898.9231719433926
Lewisham,lewisham,2015,Violence Against The Person,6917,E09000023,Lewisham,lewisham,297912,23.21826579661108,2321.826579661108
Lewisham,lewisham,2016,Arson And Criminal Damage,2287,E09000023,Lewisham,lewisham,302454,7.561480423469354,756.1480423469354
Lewisham,lewisham,2016,Burglary,4154,E09000023,Lewisham,lewisham,302454,13.734319929642194,1373.4319929642193
Lewisham,lewisham,2016,Drug Offences,1645,E09000023,Lewisham,lewisham,302454,5.438843592744682,543.8843592744682
Lewisham,lewisham,2016,Fraud And Forgery,0,E09000023,Lewisham,lewisham,302454,0.0,0.0
Lewisham,lewisham,2016,Miscellaneous Crimes Against Society,390,E09000023,Lewisham,lewisham,302454,1.2894522803467636,128.94522803467635
Lewisham,lewisham,2016,Possession Of Weapons,275,E09000023,Lewisham,lewisham,302454,0.9092291720393845,90.92291720393845
Lewisham,lewisham,2016,Public Order Offences,1532,E09000023,Lewisham,lewisham,302454,5.065233060233953,506.5233060233953
Lewisham,lewisham,2016,Robbery,869,E09000023,Lewisham,lewisham,302454,2.8731641836444552,287.3164183644455
Lewisham,lewisham,2016,Sexual Offences,634,E09000023,Lewisham,lewisham,302454,2.0961865275380718,209.61865275380717
Lewisham,lewisham,2016,Theft,5060,E09000023,Lewisham,lewisham,302454,16.729816765524678,1672.9816765524677
Lewisham,lewisham,2016,Vehicle Offences,2609,E09000023,Lewisham,lewisham,302454,8.626105126730016,862.6105126730016
Lewisham,lewisham,2016,Violence Against The Person,7188,E09000023,Lewisham,lewisham,302454,23.76559741316035,2376.559741316035
Lewisham,lewisham,2017,Arson And Criminal Damage,2283,E09000023,Lewisham,lewisham,306380,7.45153077877146,745.153077877146
Lewisham,lewisham,2017,Burglary,4658,E09000023,Lewisham,lewisham,306380,15.203342254716366,1520.3342254716365
Lewisham,lewisham,2017,Drug Offences,1268,E09000023,Lewisham,lewisham,306380,4.138651347999216,413.86513479992163
Lewisham,lewisham,2017,Fraud And Forgery,0,E09000023,Lewisham,lewisham,306380,0.0,0.0
Lewisham,lewisham,2017,Miscellaneous Crimes Against Society,365,E09000023,Lewisham,lewisham,306380,1.1913310268294275,119.13310268294275
Lewisham,lewisham,2017,Possession Of Weapons,308,E09000023,Lewisham,lewisham,306380,1.0052875514067499,100.52875514067497
Lewisham,lewisham,2017,Public Order Offences,1492,E09000023,Lewisham,lewisham,306380,4.869769567204125,486.97695672041255
Lewisham,lewisham,2017,Robbery,1006,E09000023,Lewisham,lewisham,306380,3.2835041451791893,328.3504145179189
Lewisham,lewisham,2017,Sexual Offences,640,E09000023,Lewisham,lewisham,306380,2.088909197728311,208.8909197728311
Lewisham,lewisham,2017,Theft,4864,E09000023,Lewisham,lewisham,306380,15.875709902735165,1587.5709902735166
Lewisham,lewisham,2017,Vehicle Offences,2781,E09000023,Lewisham,lewisham,306380,9.076963248253803,907.6963248253803
Lewisham,lewisham,2017,Violence Against The Person,7445,E09000023,Lewisham,lewisham,306380,24.29988902669887,2429.988902669887
Lewisham,lewisham,2018,Arson And Criminal Damage,2172,E09000023,Lewisham,lewisham,310324,6.9991363864863825,699.9136386486382
Lewisham,lewisham,2018,Burglary,5074,E09000023,Lewisham,lewisham,310324,16.35065286603679,1635.0652866036787
Lewisham,lewisham,2018,Drug Offences,1301,E09000023,Lewisham,lewisham,310324,4.1923924672278,419.23924672278
Lewisham,lewisham,2018,Fraud And Forgery,0,E09000023,Lewisham,lewisham,310324,0.0,0.0
Lewisham,lewisham,2018,Miscellaneous Crimes Against Society,363,E09000023,Lewisham,lewisham,310324,1.169745169564713,116.9745169564713
Lewisham,lewisham,2018,Possession Of Weapons,313,E09000023,Lewisham,lewisham,310324,1.0086232453822457,100.86232453822457
Lewisham,lewisham,2018,Public Order Offences,1547,E09000023,Lewisham,lewisham,310324,4.98511233420554,498.511233420554
Lewisham,lewisham,2018,Robbery,1037,E09000023,Lewisham,lewisham,310324,3.3416687075443727,334.1668707544373
Lewisham,lewisham,2018,Sexual Offences,665,E09000023,Lewisham,lewisham,310324,2.142921591626816,214.2921591626816
Lewisham,lewisham,2018,Theft,4878,E09000023,Lewisham,lewisham,310324,15.719054923241513,1571.9054923241515
Lewisham,lewisham,2018,Vehicle Offences,3403,E09000023,Lewisham,lewisham,310324,10.965958159858728,1096.5958159858728
Lewisham,lewisham,2018,Violence Against The Person,7514,E09000023,Lewisham,lewisham,310324,24.213402766141193,2421.3402766141194
Lewisham,lewisham,2019,Arson And Criminal Damage,2147,E09000023,Lewisham,lewisham,314027,6.836991723641598,683.6991723641597
Lewisham,lewisham,2019,Burglary,5284,E09000023,Lewisham,lewisham,314027,16.826578606298185,1682.6578606298183
Lewisham,lewisham,2019,Drug Offences,1464,E09000023,Lewisham,lewisham,314027,4.662019507876711,466.2019507876711
Lewisham,lewisham,2019,Fraud And Forgery,0,E09000023,Lewisham,lewisham,314027,0.0,0.0
Lewisham,lewisham,2019,Miscellaneous Crimes Against Society,385,E09000023,Lewisham,lewisham,314027,1.2260092285058293,122.60092285058292
Lewisham,lewisham,2019,Possession Of Weapons,323,E09000023,Lewisham,lewisham,314027,1.028573976123072,102.85739761230722
Lewisham,lewisham,2019,Public Order Offences,1823,E09000023,Lewisham,lewisham,314027,5.805233307963965,580.5233307963965
Lewisham,lewisham,2019,Robbery,1238,E09000023,Lewisham,lewisham,314027,3.9423361685460168,394.2336168546017
Lewisham,lewisham,2019,Sexual Offences,649,E09000023,Lewisham,lewisham,314027,2.0667012709098262,206.67012709098262
Lewisham,lewisham,2019,Theft,5471,E09000023,Lewisham,lewisham,314027,17.422068803001014,1742.2068803001016
Lewisham,lewisham,2019,Vehicle Offences,4165,E09000023,Lewisham,lewisham,314027,13.263190744744877,1326.3190744744877
Lewisham,lewisham,2019,Violence Against The Person,8457,E09000023,Lewisham,lewisham,314027,26.930805312918952,2693.080531291895
Lewisham,lewisham,2020,Arson And Criminal Damage,2052,E09000023,Lewisham,lewisham,317465,6.46370466035626,646.370466035626
Lewisham,lewisham,2020,Burglary,4778,E09000023,Lewisham,lewisham,317465,15.050478005449419,1505.047800544942
Lewisham,lewisham,2020,Drug Offences,1542,E09000023,Lewisham,lewisham,317465,4.857228355881751,485.7228355881751
Lewisham,lewisham,2020,Fraud And Forgery,0,E09000023,Lewisham,lewisham,317465,0.0,0.0
Lewisham,lewisham,2020,Miscellaneous Crimes Against Society,357,E09000023,Lewisham,lewisham,317465,1.1245334131321563,112.45334131321563
Lewisham,lewisham,2020,Possession Of Weapons,288,E09000023,Lewisham,lewisham,317465,0.9071866189973697,90.71866189973697
Lewisham,lewisham,2020,Public Order Offences,2066,E09000023,Lewisham,lewisham,317465,6.5078040098908545,650.7804009890855
Lewisham,lewisham,2020,Robbery,927,E09000023,Lewisham,lewisham,317465,2.920006929897784,292.0006929897784
Lewisham,lewisham,2020,Sexual Offences,697,E09000023,Lewisham,lewisham,317465,2.1955176161151626,219.55176161151624
Lewisham,lewisham,2020,Theft,4549,E09000023,Lewisham,lewisham,317465,14.329138645204983,1432.9138645204982
Lewisham,lewisham,2020,Vehicle Offences,3854,E09000023,Lewisham,lewisham,317465,12.139920936166192,1213.992093616619
Lewisham,lewisham,2020,Violence Against The Person,8207,E09000023,Lewisham,lewisham,317465,25.851668687886853,2585.1668687886854
Lewisham,lewisham,2021,Arson And Criminal Damage,2155,E09000023,Lewisham,lewisham,320574,6.722316844160786,672.2316844160787
Lewisham,lewisham,2021,Burglary,4076,E09000023,Lewisham,lewisham,320574,12.714693019396458,1271.4693019396457
Lewisham,lewisham,2021,Drug Offences,1486,E09000023,Lewisham,lewisham,320574,4.635435188131289,463.54351881312897
Lewisham,lewisham,2021,Fraud And Forgery,0,E09000023,Lewisham,lewisham,320574,0.0,0.0
Lewisham,lewisham,2021,Miscellaneous Crimes Against Society,383,E09000023,Lewisham,lewisham,320574,1.194731949565467,119.47319495654669
Lewisham,lewisham,2021,Possession Of Weapons,285,E09000023,Lewisham,lewisham,320574,0.8890303018959741,88.90303018959742
Lewisham,lewisham,2021,Public Order Offences,2146,E09000023,Lewisham,lewisham,320574,6.694242203048281,669.4242203048282
Lewisham,lewisham,2021,Robbery,658,E09000023,Lewisham,lewisham,320574,2.0525682057808803,205.25682057808805
Lewisham,lewisham,2021,Sexual Offences,757,E09000023,Lewisham,lewisham,320574,2.3613892580184292,236.13892580184293
Lewisham,lewisham,2021,Theft,4770,E09000023,Lewisham,lewisham,320574,14.879559789627356,1487.9559789627356
Lewisham,lewisham,2021,Vehicle Offences,3515,E09000023,Lewisham,lewisham,320574,10.964707056717014,1096.4707056717014
Lewisham,lewisham,2021,Violence Against The Person,8265,E09000023,Lewisham,lewisham,320574,25.781878754983246,2578.1878754983245
Lewisham,lewisham,2022,Arson And Criminal Damage,2019,E09000023,Lewisham,lewisham,323421,6.242637305555298,624.2637305555297
Lewisham,lewisham,2022,Burglary,3806,E09000023,Lewisham,lewisham,323421,11.767943330828858,1176.794333082886
Lewisham,lewisham,2022,Drug Offences,1526,E09000023,Lewisham,lewisham,323421,4.718308334956604,471.83083349566044
Lewisham,lewisham,2022,Fraud And Forgery,0,E09000023,Lewisham,lewisham,323421,0.0,0.0
Lewisham,lewisham,2022,Miscellaneous Crimes Against Society,351,E09000023,Lewisham,lewisham,323421,1.0852727559434916,108.52727559434916
Lewisham,lewisham,2022,Possession Of Weapons,262,E09000023,Lewisham,lewisham,323421,0.8100896354905835,81.00896354905835
Lewisham,lewisham,2022,Public Order Offences,2021,E09000023,Lewisham,lewisham,323421,6.248821195902554,624.8821195902555
Lewisham,lewisham,2022,Robbery,681,E09000023,Lewisham,lewisham,323421,2.1056146632407913,210.56146632407913
Lewisham,lewisham,2022,Sexual Offences,858,E09000023,Lewisham,lewisham,323421,2.6528889589729796,265.28889589729795
Lewisham,lewisham,2022,Theft,5593,E09000023,Lewisham,lewisham,323421,17.293249356102418,1729.324935610242
Lewisham,lewisham,2022,Vehicle Offences,3700,E09000023,Lewisham,lewisham,323421,11.440197142424271,1144.0197142424272
Lewisham,lewisham,2022,Violence Against The Person,8658,E09000023,Lewisham,lewisham,323421,26.770061313272794,2677.0061313272795
Lewisham,lewisham,2023,Arson And Criminal Damage,2229,E09000023,Lewisham,lewisham,325830,6.84099070067213,684.099070067213
Lewisham,lewisham,2023,Burglary,2625,E09000023,Lewisham,lewisham,325830,8.056348402541204,805.6348402541203
Lewisham,lewisham,2023,Drug Offences,1415,E09000023,Lewisham,lewisham,325830,4.342755424607924,434.27554246079245
Lewisham,lewisham,2023,Fraud And Forgery,0,E09000023,Lewisham,lewisham,325830,0.0,0.0
Lewisham,lewisham,2023,Miscellaneous Crimes Against Society,341,E09000023,Lewisham,lewisham,325830,1.0465580210539238,104.65580210539237
Lewisham,lewisham,2023,Possession Of Weapons,257,E09000023,Lewisham,lewisham,325830,0.7887548721726053,78.87548721726053
Lewisham,lewisham,2023,Public Order Offences,2132,E09000023,Lewisham,lewisham,325830,6.543289445416322,654.3289445416322
Lewisham,lewisham,2023,Robbery,912,E09000023,Lewisham,lewisham,325830,2.7990056164257435,279.90056164257436
Lewisham,lewisham,2023,Sexual Offences,883,E09000023,Lewisham,lewisham,325830,2.710002148359574,271.0002148359574
Lewisham,lewisham,2023,Theft,6659,E09000023,Lewisham,lewisham,325830,20.437037719055947,2043.7037719055947
Lewisham,lewisham,2023,Vehicle Offences,3187,E09000023,Lewisham,lewisham,325830,9.781174231961453,978.1174231961452
Lewisham,lewisham,2023,Violence Against The Person,9521,E09000023,Lewisham,lewisham,325830,29.220759291655156,2922.075929165516
Lewisham,lewisham,2024,Arson And Criminal Damage,2066,E09000023,Lewisham,lewisham,327730,6.303969731181155,630.3969731181155
Lewisham,lewisham,2024,Burglary,1810,E09000023,Lewisham,lewisham,327730,5.5228389222835865,552.2838922283587
Lewisham,lewisham,2024,Drug Offences,1563,E09000023,Lewisham,lewisham,327730,4.769169743386324,476.91697433863243
Lewisham,lewisham,2024,Fraud And Forgery,3,E09000023,Lewisham,lewisham,327730,0.009153876666768377,0.9153876666768376
Lewisham,lewisham,2024,Miscellaneous Crimes Against Society,303,E09000023,Lewisham,lewisham,327730,0.9245415433436059,92.4541543343606
Lewisham,lewisham,2024,Possession Of Weapons,218,E09000023,Lewisham,lewisham,327730,0.6651817044518353,66.51817044518353
Lewisham,lewisham,2024,Public Order Offences,2128,E09000023,Lewisham,lewisham,327730,6.4931498489610355,649.3149848961035
Lewisham,lewisham,2024,Robbery,1032,E09000023,Lewisham,lewisham,327730,3.1489335733683217,314.89335733683214
Lewisham,lewisham,2024,Sexual Offences,994,E09000023,Lewisham,lewisham,327730,3.0329844689225887,303.2984468922589
Lewisham,lewisham,2024,Theft,7616,E09000023,Lewisham,lewisham,327730,23.23864156470265,2323.864156470265
Lewisham,lewisham,2024,Vehicle Offences,3399,E09000023,Lewisham,lewisham,327730,10.37134226344857,1037.134226344857
Lewisham,lewisham,2024,Violence Against The Person,9126,E09000023,Lewisham,lewisham,327730,27.8460928203094,2784.60928203094
Lewisham,lewisham,2025,Arson And Criminal Damage,459,E09000023,Lewisham,lewisham,329136,1.3945603033396528,139.4560303339653
Lewisham,lewisham,2025,Burglary,366,E09000023,Lewisham,lewisham,329136,1.1120023333819455,111.20023333819455
Lewisham,lewisham,2025,Drug Offences,557,E09000023,Lewisham,lewisham,329136,1.6923095620047641,169.2309562004764
Lewisham,lewisham,2025,Fraud And Forgery,0,E09000023,Lewisham,lewisham,329136,0.0,0.0
Lewisham,lewisham,2025,Miscellaneous Crimes Against Society,107,E09000023,Lewisham,lewisham,329136,0.3250935783384376,32.509357833843765
Lewisham,lewisham,2025,Possession Of Weapons,59,E09000023,Lewisham,lewisham,329136,0.17925720674736279,17.92572067473628
Lewisham,lewisham,2025,Public Order Offences,508,E09000023,Lewisham,lewisham,329136,1.5434349326722085,154.34349326722085
Lewisham,lewisham,2025,Robbery,250,E09000023,Lewisham,lewisham,329136,0.7595644353701814,75.95644353701813
Lewisham,lewisham,2025,Sexual Offences,242,E09000023,Lewisham,lewisham,329136,0.7352583734383356,73.52583734383356
Lewisham,lewisham,2025,Theft,1474,E09000023,Lewisham,lewisham,329136,4.478391910942588,447.83919109425887
Lewisham,lewisham,2025,Vehicle Offences,671,E09000023,Lewisham,lewisham,329136,2.0386709445335667,203.86709445335666
Lewisham,lewisham,2025,Violence Against The Person,2097,E09000023,Lewisham,lewisham,329136,6.371226483885081,637.1226483885081
Merton,merton,2010,Arson And Criminal Damage,1357,E09000024,Merton,merton,199136,6.814438373774706,681.4438373774707
Merton,merton,2010,Burglary,3114,E09000024,Merton,merton,199136,15.637554234292143,1563.7554234292143
Merton,merton,2010,Drug Offences,676,E09000024,Merton,merton,199136,3.3946649525952113,339.46649525952114
Merton,merton,2010,Fraud And Forgery,192,E09000024,Merton,merton,199136,0.9641651936365098,96.41651936365098
Merton,merton,2010,Miscellaneous Crimes Against Society,92,E09000024,Merton,merton,199136,0.4619958219508276,46.19958219508276
Merton,merton,2010,Possession Of Weapons,76,E09000024,Merton,merton,199136,0.3816487224811184,38.16487224811184
Merton,merton,2010,Public Order Offences,165,E09000024,Merton,merton,199136,0.8285794632813756,82.85794632813756
Merton,merton,2010,Robbery,400,E09000024,Merton,merton,199136,2.0086774867427284,200.86774867427286
Merton,merton,2010,Sexual Offences,155,E09000024,Merton,merton,199136,0.7783625261128073,77.83625261128073
Merton,merton,2010,Theft,2668,E09000024,Merton,merton,199136,13.397878836574,1339.7878836574
Merton,merton,2010,Vehicle Offences,1426,E09000024,Merton,merton,199136,7.160935240237827,716.0935240237827
Merton,merton,2010,Violence Against The Person,1810,E09000024,Merton,merton,199136,9.089265627510846,908.9265627510846
Merton,merton,2011,Arson And Criminal Damage,1618,E09000024,Merton,merton,201226,8.04071044497232,804.0710444972319
Merton,merton,2011,Burglary,4798,E09000024,Merton,merton,201226,23.843837277488994,2384.383727748899
Merton,merton,2011,Drug Offences,999,E09000024,Merton,merton,201226,4.964567203045332,496.4567203045332
Merton,merton,2011,Fraud And Forgery,377,E09000024,Merton,merton,201226,1.8735153508989892,187.35153508989893
Merton,merton,2011,Miscellaneous Crimes Against Society,149,E09000024,Merton,merton,201226,0.7404609742279824,74.04609742279824
Merton,merton,2011,Possession Of Weapons,94,E09000024,Merton,merton,201226,0.46713645353980104,46.713645353980105
Merton,merton,2011,Public Order Offences,232,E09000024,Merton,merton,201226,1.1529325236301473,115.29325236301473
Merton,merton,2011,Robbery,618,E09000024,Merton,merton,201226,3.0711737051872023,307.11737051872024
Merton,merton,2011,Sexual Offences,193,E09000024,Merton,merton,201226,0.9591205907785276,95.91205907785276
Merton,merton,2011,Theft,3378,E09000024,Merton,merton,201226,16.787095106994126,1678.7095106994127
Merton,merton,2011,Vehicle Offences,1899,E09000024,Merton,merton,201226,9.437150268851937,943.7150268851938
Merton,merton,2011,Violence Against The Person,2073,E09000024,Merton,merton,201226,10.301849661574549,1030.184966157455
Merton,merton,2012,Arson And Criminal Damage,1281,E09000024,Merton,merton,202908,6.3132059849784135,631.3205984978414
Merton,merton,2012,Burglary,4048,E09000024,Merton,merton,202908,19.949928046208132,1994.9928046208133
Merton,merton,2012,Drug Offences,843,E09000024,Merton,merton,202908,4.154592228990479,415.45922289904786
Merton,merton,2012,Fraud And Forgery,506,E09000024,Merton,merton,202908,2.4937410057760165,249.37410057760167
Merton,merton,2012,Miscellaneous Crimes Against Society,155,E09000024,Merton,merton,202908,0.7638929958404794,76.38929958404795
Merton,merton,2012,Possession Of Weapons,78,E09000024,Merton,merton,202908,0.3844106688745638,38.44106688745638
Merton,merton,2012,Public Order Offences,324,E09000024,Merton,merton,202908,1.5967827784020343,159.67827784020344
Merton,merton,2012,Robbery,548,E09000024,Merton,merton,202908,2.7007313659392436,270.07313659392435
Merton,merton,2012,Sexual Offences,153,E09000024,Merton,merton,202908,0.7540363120231829,75.4036312023183
Merton,merton,2012,Theft,3380,E09000024,Merton,merton,202908,16.6577956512311,1665.77956512311
Merton,merton,2012,Vehicle Offences,1985,E09000024,Merton,merton,202908,9.782758688666783,978.2758688666784
Merton,merton,2012,Violence Against The Person,2112,E09000024,Merton,merton,202908,10.408658111065114,1040.8658111065113
Merton,merton,2013,Arson And Criminal Damage,1160,E09000024,Merton,merton,203906,5.6888958637803695,568.8895863780369
Merton,merton,2013,Burglary,3576,E09000024,Merton,merton,203906,17.537492766274656,1753.7492766274656
Merton,merton,2013,Drug Offences,632,E09000024,Merton,merton,203906,3.0994674016458568,309.94674016458566
Merton,merton,2013,Fraud And Forgery,48,E09000024,Merton,merton,203906,0.23540258746677392,23.54025874667739
Merton,merton,2013,Miscellaneous Crimes Against Society,131,E09000024,Merton,merton,203906,0.6424528949614038,64.24528949614037
Merton,merton,2013,Possession Of Weapons,68,E09000024,Merton,merton,203906,0.33348699891126304,33.3486998911263
Merton,merton,2013,Public Order Offences,357,E09000024,Merton,merton,203906,1.750806744284131,175.0806744284131
Merton,merton,2013,Robbery,434,E09000024,Merton,merton,203906,2.128431728345414,212.8431728345414
Merton,merton,2013,Sexual Offences,195,E09000024,Merton,merton,203906,0.956323011583769,95.6323011583769
Merton,merton,2013,Theft,3245,E09000024,Merton,merton,203906,15.914195756868363,1591.4195756868362
Merton,merton,2013,Vehicle Offences,1635,E09000024,Merton,merton,203906,8.018400635586985,801.8400635586986
Merton,merton,2013,Violence Against The Person,2054,E09000024,Merton,merton,203906,10.073269055349034,1007.3269055349034
Merton,merton,2014,Arson And Criminal Damage,1215,E09000024,Merton,merton,204198,5.950107248846708,595.0107248846707
Merton,merton,2014,Burglary,3352,E09000024,Merton,merton,204198,16.415439916159805,1641.5439916159805
Merton,merton,2014,Drug Offences,559,E09000024,Merton,merton,204198,2.7375390552307075,273.7539055230707
Merton,merton,2014,Fraud And Forgery,0,E09000024,Merton,merton,204198,0.0,0.0
Merton,merton,2014,Miscellaneous Crimes Against Society,138,E09000024,Merton,merton,204198,0.6758146504862927,67.58146504862927
Merton,merton,2014,Possession Of Weapons,59,E09000024,Merton,merton,204198,0.28893524912095125,28.893524912095124
Merton,merton,2014,Public Order Offences,506,E09000024,Merton,merton,204198,2.477987051783073,247.7987051783073
Merton,merton,2014,Robbery,278,E09000024,Merton,merton,204198,1.3614237161970244,136.14237161970246
Merton,merton,2014,Sexual Offences,200,E09000024,Merton,merton,204198,0.9794415224439026,97.94415224439025
Merton,merton,2014,Theft,2936,E09000024,Merton,merton,204198,14.378201549476488,1437.820154947649
Merton,merton,2014,Vehicle Offences,1661,E09000024,Merton,merton,204198,8.134261843896612,813.4261843896611
Merton,merton,2014,Violence Against The Person,2501,E09000024,Merton,merton,204198,12.247916238161,1224.7916238161001
Merton,merton,2015,Arson And Criminal Damage,1391,E09000024,Merton,merton,205248,6.7771671343935145,677.7167134393515
Merton,merton,2015,Burglary,2854,E09000024,Merton,merton,205248,13.905129404427814,1390.5129404427814
Merton,merton,2015,Drug Offences,476,E09000024,Merton,merton,205248,2.319145618958528,231.91456189585284
Merton,merton,2015,Fraud And Forgery,0,E09000024,Merton,merton,205248,0.0,0.0
Merton,merton,2015,Miscellaneous Crimes Against Society,152,E09000024,Merton,merton,205248,0.7405675085749921,74.05675085749921
Merton,merton,2015,Possession Of Weapons,76,E09000024,Merton,merton,205248,0.37028375428749605,37.028375428749605
Merton,merton,2015,Public Order Offences,685,E09000024,Merton,merton,205248,3.3374259432491424,333.74259432491425
Merton,merton,2015,Robbery,261,E09000024,Merton,merton,205248,1.2716323666978484,127.16323666978485
Merton,merton,2015,Sexual Offences,252,E09000024,Merton,merton,205248,1.2277829747427502,122.77829747427502
Merton,merton,2015,Theft,3112,E09000024,Merton,merton,205248,15.162145307140628,1516.214530714063
Merton,merton,2015,Vehicle Offences,1463,E09000024,Merton,merton,205248,7.1279622700343,712.79622700343
Merton,merton,2015,Violence Against The Person,3222,E09000024,Merton,merton,205248,15.698082319925165,1569.8082319925165
Merton,merton,2016,Arson And Criminal Damage,1385,E09000024,Merton,merton,205712,6.732713696818854,673.2713696818854
Merton,merton,2016,Burglary,2834,E09000024,Merton,merton,205712,13.776541961577351,1377.654196157735
Merton,merton,2016,Drug Offences,468,E09000024,Merton,merton,205712,2.2750252780586453,227.5025278058645
Merton,merton,2016,Fraud And Forgery,0,E09000024,Merton,merton,205712,0.0,0.0
Merton,merton,2016,Miscellaneous Crimes Against Society,188,E09000024,Merton,merton,205712,0.9138990433227037,91.38990433227036
Merton,merton,2016,Possession Of Weapons,92,E09000024,Merton,merton,205712,0.4472271914132379,44.72271914132379
Merton,merton,2016,Public Order Offences,698,E09000024,Merton,merton,205712,3.3930932565917398,339.30932565917396
Merton,merton,2016,Robbery,283,E09000024,Merton,merton,205712,1.3757097301081123,137.57097301081123
Merton,merton,2016,Sexual Offences,286,E09000024,Merton,merton,205712,1.3902932254802831,139.0293225480283
Merton,merton,2016,Theft,3081,E09000024,Merton,merton,205712,14.977249747219412,1497.7249747219412
Merton,merton,2016,Vehicle Offences,1825,E09000024,Merton,merton,205712,8.871626351403904,887.1626351403904
Merton,merton,2016,Violence Against The Person,3304,E09000024,Merton,merton,205712,16.06128956988411,1606.1289569884111
Merton,merton,2017,Arson And Criminal Damage,1244,E09000024,Merton,merton,208225,5.974306639452515,597.4306639452516
Merton,merton,2017,Burglary,2884,E09000024,Merton,merton,208225,13.850402209148756,1385.0402209148756
Merton,merton,2017,Drug Offences,602,E09000024,Merton,merton,208225,2.8911033737543526,289.1103373754352
Merton,merton,2017,Fraud And Forgery,0,E09000024,Merton,merton,208225,0.0,0.0
Merton,merton,2017,Miscellaneous Crimes Against Society,196,E09000024,Merton,merton,208225,0.9412894705246728,94.12894705246728
Merton,merton,2017,Possession Of Weapons,125,E09000024,Merton,merton,208225,0.6003121623244086,60.03121623244087
Merton,merton,2017,Public Order Offences,801,E09000024,Merton,merton,208225,3.8468003361748107,384.68003361748106
Merton,merton,2017,Robbery,356,E09000024,Merton,merton,208225,1.709689038299916,170.96890382999158
Merton,merton,2017,Sexual Offences,358,E09000024,Merton,merton,208225,1.7192940328971067,171.92940328971065
Merton,merton,2017,Theft,3235,E09000024,Merton,merton,208225,15.536078760955698,1553.6078760955697
Merton,merton,2017,Vehicle Offences,1778,E09000024,Merton,merton,208225,8.53884019690239,853.8840196902389
Merton,merton,2017,Violence Against The Person,3561,E09000024,Merton,merton,208225,17.101692880297758,1710.1692880297755
Merton,merton,2018,Arson And Criminal Damage,1131,E09000024,Merton,merton,209421,5.400604523901615,540.0604523901615
Merton,merton,2018,Burglary,3098,E09000024,Merton,merton,209421,14.793167829396287,1479.3167829396286
Merton,merton,2018,Drug Offences,487,E09000024,Merton,merton,209421,2.3254592423873444,232.54592423873444
Merton,merton,2018,Fraud And Forgery,0,E09000024,Merton,merton,209421,0.0,0.0
Merton,merton,2018,Miscellaneous Crimes Against Society,191,E09000024,Merton,merton,209421,0.9120384297658782,91.20384297658782
Merton,merton,2018,Possession Of Weapons,111,E09000024,Merton,merton,209421,0.5300328047330497,53.00328047330497
Merton,merton,2018,Public Order Offences,872,E09000024,Merton,merton,209421,4.163861312857832,416.3861312857832
Merton,merton,2018,Robbery,389,E09000024,Merton,merton,209421,1.8575023517221292,185.7502351722129
Merton,merton,2018,Sexual Offences,348,E09000024,Merton,merton,209421,1.6617244688928043,166.17244688928045
Merton,merton,2018,Theft,3134,E09000024,Merton,merton,209421,14.965070360661061,1496.5070360661061
Merton,merton,2018,Vehicle Offences,1931,E09000024,Merton,merton,209421,9.2206607742299,922.0660774229901
Merton,merton,2018,Violence Against The Person,3649,E09000024,Merton,merton,209421,17.424231571809898,1742.4231571809896
Merton,merton,2019,Arson And Criminal Damage,1099,E09000024,Merton,merton,210452,5.222093398969836,522.2093398969836
Merton,merton,2019,Burglary,3170,E09000024,Merton,merton,210452,15.062817174462586,1506.2817174462587
Merton,merton,2019,Drug Offences,699,E09000024,Merton,merton,210452,3.3214224621291315,332.14224621291316
Merton,merton,2019,Fraud And Forgery,0,E09000024,Merton,merton,210452,0.0,0.0
Merton,merton,2019,Miscellaneous Crimes Against Society,205,E09000024,Merton,merton,210452,0.9740938551308612,97.40938551308612
Merton,merton,2019,Possession Of Weapons,108,E09000024,Merton,merton,210452,0.5131811529469903,51.31811529469903
Merton,merton,2019,Public Order Offences,879,E09000024,Merton,merton,210452,4.176724383707448,417.6724383707448
Merton,merton,2019,Robbery,431,E09000024,Merton,merton,210452,2.0479729344458595,204.79729344458596
Merton,merton,2019,Sexual Offences,334,E09000024,Merton,merton,210452,1.5870602322619884,158.70602322619885
Merton,merton,2019,Theft,3104,E09000024,Merton,merton,210452,14.74920646988387,1474.9206469883868
Merton,merton,2019,Vehicle Offences,2056,E09000024,Merton,merton,210452,9.769448615361222,976.9448615361222
Merton,merton,2019,Violence Against The Person,3930,E09000024,Merton,merton,210452,18.674091954459925,1867.4091954459925
Merton,merton,2020,Arson And Criminal Damage,989,E09000024,Merton,merton,212658,4.650659744754488,465.06597447544885
Merton,merton,2020,Burglary,1926,E09000024,Merton,merton,212658,9.05679541799509,905.6795417995091
Merton,merton,2020,Drug Offences,997,E09000024,Merton,merton,212658,4.688278832679702,468.8278832679702
Merton,merton,2020,Fraud And Forgery,0,E09000024,Merton,merton,212658,0.0,0.0
Merton,merton,2020,Miscellaneous Crimes Against Society,236,E09000024,Merton,merton,212658,1.109763093793791,110.9763093793791
Merton,merton,2020,Possession Of Weapons,113,E09000024,Merton,merton,212658,0.5313696169436372,53.13696169436372
Merton,merton,2020,Public Order Offences,986,E09000024,Merton,merton,212658,4.636552586782534,463.65525867825335
Merton,merton,2020,Robbery,391,E09000024,Merton,merton,212658,1.8386329223447977,183.8632922344798
Merton,merton,2020,Sexual Offences,315,E09000024,Merton,merton,212658,1.4812515870552718,148.12515870552718
Merton,merton,2020,Theft,2255,E09000024,Merton,merton,212658,10.603880408919487,1060.3880408919485
Merton,merton,2020,Vehicle Offences,2011,E09000024,Merton,merton,212658,9.45649822720048,945.6498227200482
Merton,merton,2020,Violence Against The Person,4077,E09000024,Merton,merton,212658,19.171627683886804,1917.1627683886804
Merton,merton,2021,Arson And Criminal Damage,973,E09000024,Merton,merton,214740,4.5310608177330725,453.1060817733072
Merton,merton,2021,Burglary,1846,E09000024,Merton,merton,214740,8.596442209183198,859.6442209183198
Merton,merton,2021,Drug Offences,653,E09000024,Merton,merton,214740,3.040886653627643,304.0886653627643
Merton,merton,2021,Fraud And Forgery,1,E09000024,Merton,merton,214740,0.004656794262829468,0.4656794262829468
Merton,merton,2021,Miscellaneous Crimes Against Society,224,E09000024,Merton,merton,214740,1.0431219148738007,104.31219148738008
Merton,merton,2021,Possession Of Weapons,97,E09000024,Merton,merton,214740,0.4517090434944584,45.17090434944584
Merton,merton,2021,Public Order Offences,1036,E09000024,Merton,merton,214740,4.824438856291329,482.4438856291329
Merton,merton,2021,Robbery,326,E09000024,Merton,merton,214740,1.5181149296824066,151.81149296824066
Merton,merton,2021,Sexual Offences,396,E09000024,Merton,merton,214740,1.8440905280804694,184.40905280804694
Merton,merton,2021,Theft,2488,E09000024,Merton,merton,214740,11.586104125919718,1158.6104125919717
Merton,merton,2021,Vehicle Offences,1538,E09000024,Merton,merton,214740,7.162149576231721,716.2149576231722
Merton,merton,2021,Violence Against The Person,4210,E09000024,Merton,merton,214740,19.605103846512062,1960.510384651206
Merton,merton,2022,Arson And Criminal Damage,995,E09000024,Merton,merton,216662,4.592406605680738,459.24066056807374
Merton,merton,2022,Burglary,1918,E09000024,Merton,merton,216662,8.852498361503171,885.2498361503172
Merton,merton,2022,Drug Offences,589,E09000024,Merton,merton,216662,2.7185200912019645,271.85200912019644
Merton,merton,2022,Fraud And Forgery,0,E09000024,Merton,merton,216662,0.0,0.0
Merton,merton,2022,Miscellaneous Crimes Against Society,227,E09000024,Merton,merton,216662,1.0477148738588216,104.77148738588217
Merton,merton,2022,Possession Of Weapons,100,E09000024,Merton,merton,216662,0.4615484025809787,46.15484025809787
Merton,merton,2022,Public Order Offences,991,E09000024,Merton,merton,216662,4.573944669577498,457.39446695774984
Merton,merton,2022,Robbery,499,E09000024,Merton,merton,216662,2.303126528879084,230.31265288790837
Merton,merton,2022,Sexual Offences,405,E09000024,Merton,merton,216662,1.8692710304529636,186.92710304529635
Merton,merton,2022,Theft,2855,E09000024,Merton,merton,216662,13.177206893686941,1317.7206893686941
Merton,merton,2022,Vehicle Offences,1884,E09000024,Merton,merton,216662,8.695571904625638,869.5571904625638
Merton,merton,2022,Violence Against The Person,4317,E09000024,Merton,merton,216662,19.92504453942085,1992.5044539420849
Merton,merton,2023,Arson And Criminal Damage,1101,E09000024,Merton,merton,218298,5.04356430200918,504.356430200918
Merton,merton,2023,Burglary,1124,E09000024,Merton,merton,218298,5.148924864176492,514.8924864176493
Merton,merton,2023,Drug Offences,514,E09000024,Merton,merton,218298,2.3545795197390724,235.45795197390723
Merton,merton,2023,Fraud And Forgery,0,E09000024,Merton,merton,218298,0.0,0.0
Merton,merton,2023,Miscellaneous Crimes Against Society,168,E09000024,Merton,merton,218298,0.7695901932221092,76.95901932221092
Merton,merton,2023,Possession Of Weapons,108,E09000024,Merton,merton,218298,0.49473655278564166,49.473655278564166
Merton,merton,2023,Public Order Offences,1027,E09000024,Merton,merton,218298,4.70457814547087,470.45781454708697
Merton,merton,2023,Robbery,454,E09000024,Merton,merton,218298,2.0797258793026048,207.9725879302605
Merton,merton,2023,Sexual Offences,428,E09000024,Merton,merton,218298,1.9606226351134688,196.06226351134688
Merton,merton,2023,Theft,3287,E09000024,Merton,merton,218298,15.05739860191115,1505.739860191115
Merton,merton,2023,Vehicle Offences,1591,E09000024,Merton,merton,218298,7.288202365573666,728.8202365573666
Merton,merton,2023,Violence Against The Person,4454,E09000024,Merton,merton,218298,20.403301908400444,2040.3301908400445
Merton,merton,2024,Arson And Criminal Damage,1074,E09000024,Merton,merton,220418,4.872560317215473,487.25603172154723
Merton,merton,2024,Burglary,907,E09000024,Merton,merton,220418,4.114908945730385,411.49089457303853
Merton,merton,2024,Drug Offences,573,E09000024,Merton,merton,220418,2.59960620276021,259.960620276021
Merton,merton,2024,Fraud And Forgery,3,E09000024,Merton,merton,220418,0.013610503679372827,1.3610503679372827
Merton,merton,2024,Miscellaneous Crimes Against Society,162,E09000024,Merton,merton,220418,0.7349671986861328,73.49671986861327
Merton,merton,2024,Possession Of Weapons,87,E09000024,Merton,merton,220418,0.394704606701812,39.470460670181204
Merton,merton,2024,Public Order Offences,898,E09000024,Merton,merton,220418,4.074077434692266,407.4077434692266
Merton,merton,2024,Robbery,405,E09000024,Merton,merton,220418,1.837417996715332,183.7417996715332
Merton,merton,2024,Sexual Offences,436,E09000024,Merton,merton,220418,1.978059868068851,197.8059868068851
Merton,merton,2024,Theft,3729,E09000024,Merton,merton,220418,16.917856073460424,1691.7856073460423
Merton,merton,2024,Vehicle Offences,1618,E09000024,Merton,merton,220418,7.340598317741746,734.0598317741745
Merton,merton,2024,Violence Against The Person,4006,E09000024,Merton,merton,220418,18.174559246522517,1817.4559246522517
Merton,merton,2025,Arson And Criminal Damage,219,E09000024,Merton,merton,222714,0.9833239042000054,98.33239042000054
Merton,merton,2025,Burglary,191,E09000024,Merton,merton,222714,0.8576021264940686,85.76021264940687
Merton,merton,2025,Drug Offences,190,E09000024,Merton,merton,222714,0.8531120630045709,85.31120630045709
Merton,merton,2025,Fraud And Forgery,0,E09000024,Merton,merton,222714,0.0,0.0
Merton,merton,2025,Miscellaneous Crimes Against Society,47,E09000024,Merton,merton,222714,0.21103298400639386,21.103298400639385
Merton,merton,2025,Possession Of Weapons,21,E09000024,Merton,merton,222714,0.09429133327945258,9.429133327945257
Merton,merton,2025,Public Order Offences,205,E09000024,Merton,merton,222714,0.920463015347037,92.0463015347037
Merton,merton,2025,Robbery,94,E09000024,Merton,merton,222714,0.42206596801278773,42.20659680127877
Merton,merton,2025,Sexual Offences,115,E09000024,Merton,merton,222714,0.5163573012922402,51.63573012922402
Merton,merton,2025,Theft,915,E09000024,Merton,merton,222714,4.108408092890433,410.8408092890433
Merton,merton,2025,Vehicle Offences,328,E09000024,Merton,merton,222714,1.4727408245552593,147.27408245552593
Merton,merton,2025,Violence Against The Person,954,E09000024,Merton,merton,222714,4.283520568980846,428.3520568980846
Newham,newham,2010,Arson And Criminal Damage,2414,E09000025,Newham,newham,299171,8.068963903586912,806.8963903586912
Newham,newham,2010,Burglary,5346,E09000025,Newham,newham,299171,17.86937905077698,1786.9379050776981
Newham,newham,2010,Drug Offences,2167,E09000025,Newham,newham,299171,7.243349121405484,724.3349121405485
Newham,newham,2010,Fraud And Forgery,801,E09000025,Newham,newham,299171,2.677398544645036,267.7398544645036
Newham,newham,2010,Miscellaneous Crimes Against Society,224,E09000025,Newham,newham,299171,0.7487356729094732,74.87356729094732
Newham,newham,2010,Possession Of Weapons,192,E09000025,Newham,newham,299171,0.6417734339224056,64.17734339224056
Newham,newham,2010,Public Order Offences,420,E09000025,Newham,newham,299171,1.4038793867052621,140.3879386705262
Newham,newham,2010,Robbery,1654,E09000025,Newham,newham,299171,5.528610727644057,552.8610727644057
Newham,newham,2010,Sexual Offences,324,E09000025,Newham,newham,299171,1.0829926697440593,108.29926697440594
Newham,newham,2010,Theft,5591,E09000025,Newham,newham,299171,18.688308693021717,1868.8308693021718
Newham,newham,2010,Vehicle Offences,4591,E09000025,Newham,newham,299171,15.345738724675854,1534.5738724675853
Newham,newham,2010,Violence Against The Person,4489,E09000025,Newham,newham,299171,15.004796587904577,1500.4796587904577
Newham,newham,2011,Arson And Criminal Damage,2566,E09000025,Newham,newham,311912,8.22667931980815,822.6679319808151
Newham,newham,2011,Burglary,6448,E09000025,Newham,newham,311912,20.672497371053375,2067.2497371053373
Newham,newham,2011,Drug Offences,2286,E09000025,Newham,newham,311912,7.328990228013029,732.8990228013029
Newham,newham,2011,Fraud And Forgery,1162,E09000025,Newham,newham,311912,3.725409730949755,372.5409730949755
Newham,newham,2011,Miscellaneous Crimes Against Society,261,E09000025,Newham,newham,311912,0.8367744748518813,83.67744748518813
Newham,newham,2011,Possession Of Weapons,246,E09000025,Newham,newham,311912,0.7886839877914283,78.86839877914284
Newham,newham,2011,Public Order Offences,517,E09000025,Newham,newham,311912,1.6575187873502784,165.75187873502782
Newham,newham,2011,Robbery,2329,E09000025,Newham,newham,311912,7.466849624252994,746.6849624252994
Newham,newham,2011,Sexual Offences,390,E09000025,Newham,newham,311912,1.2503526635717768,125.03526635717766
Newham,newham,2011,Theft,7247,E09000025,Newham,newham,311912,23.234117315140168,2323.4117315140165
Newham,newham,2011,Vehicle Offences,5275,E09000025,Newham,newham,311912,16.911821282925953,1691.1821282925955
Newham,newham,2011,Violence Against The Person,5392,E09000025,Newham,newham,311912,17.286927081997487,1728.6927081997485
Newham,newham,2012,Arson And Criminal Damage,2288,E09000025,Newham,newham,315536,7.251153592617007,725.1153592617007
Newham,newham,2012,Burglary,6158,E09000025,Newham,newham,315536,19.51599817453476,1951.5998174534761
Newham,newham,2012,Drug Offences,1859,E09000025,Newham,newham,315536,5.891562294001319,589.1562294001318
Newham,newham,2012,Fraud And Forgery,1576,E09000025,Newham,newham,315536,4.9946757263830435,499.4675726383044
Newham,newham,2012,Miscellaneous Crimes Against Society,292,E09000025,Newham,newham,315536,0.9254094619948279,92.54094619948279
Newham,newham,2012,Possession Of Weapons,176,E09000025,Newham,newham,315536,0.5577810455859237,55.77810455859236
Newham,newham,2012,Public Order Offences,725,E09000025,Newham,newham,315536,2.2976776025556513,229.76776025556512
Newham,newham,2012,Robbery,2272,E09000025,Newham,newham,315536,7.200446224836469,720.0446224836469
Newham,newham,2012,Sexual Offences,343,E09000025,Newham,newham,315536,1.0870391967952944,108.70391967952943
Newham,newham,2012,Theft,9220,E09000025,Newham,newham,315536,29.220120683535317,2922.012068353532
Newham,newham,2012,Vehicle Offences,4282,E09000025,Newham,newham,315536,13.57055930226662,1357.055930226662
Newham,newham,2012,Violence Against The Person,5741,E09000025,Newham,newham,315536,18.194437401754474,1819.4437401754474
Newham,newham,2013,Arson And Criminal Damage,2023,E09000025,Newham,newham,319679,6.3282229986955665,632.8222998695567
Newham,newham,2013,Burglary,5822,E09000025,Newham,newham,319679,18.21201893149065,1821.2018931490652
Newham,newham,2013,Drug Offences,1622,E09000025,Newham,newham,319679,5.073839695444493,507.3839695444493
Newham,newham,2013,Fraud And Forgery,140,E09000025,Newham,newham,319679,0.4379393078682053,43.79393078682053
Newham,newham,2013,Miscellaneous Crimes Against Society,284,E09000025,Newham,newham,319679,0.8883911673897879,88.83911673897879
Newham,newham,2013,Possession Of Weapons,201,E09000025,Newham,newham,319679,0.6287557205822091,62.87557205822091
Newham,newham,2013,Public Order Offences,713,E09000025,Newham,newham,319679,2.2303623322145025,223.03623322145026
Newham,newham,2013,Robbery,2084,E09000025,Newham,newham,319679,6.519039411409571,651.903941140957
Newham,newham,2013,Sexual Offences,424,E09000025,Newham,newham,319679,1.3263304752579932,132.63304752579933
Newham,newham,2013,Theft,8054,E09000025,Newham,newham,319679,25.19402275407518,2519.402275407518
Newham,newham,2013,Vehicle Offences,4269,E09000025,Newham,newham,319679,13.354020752066917,1335.4020752066917
Newham,newham,2013,Violence Against The Person,5377,E09000025,Newham,newham,319679,16.81999756005243,1681.9997560052427
Newham,newham,2014,Arson And Criminal Damage,2125,E09000025,Newham,newham,325774,6.522926937079079,652.2926937079079
Newham,newham,2014,Burglary,4962,E09000025,Newham,newham,325774,15.231418099664184,1523.1418099664186
Newham,newham,2014,Drug Offences,1716,E09000025,Newham,newham,325774,5.267455352483624,526.7455352483623
Newham,newham,2014,Fraud And Forgery,0,E09000025,Newham,newham,325774,0.0,0.0
Newham,newham,2014,Miscellaneous Crimes Against Society,370,E09000025,Newham,newham,325774,1.1357566902208278,113.57566902208279
Newham,newham,2014,Possession Of Weapons,186,E09000025,Newham,newham,325774,0.5709479577866865,57.09479577866865
Newham,newham,2014,Public Order Offences,1119,E09000025,Newham,newham,325774,3.4348965847489366,343.48965847489364
Newham,newham,2014,Robbery,1624,E09000025,Newham,newham,325774,4.985050986266553,498.5050986266553
Newham,newham,2014,Sexual Offences,538,E09000025,Newham,newham,325774,1.6514516198346092,165.14516198346092
Newham,newham,2014,Theft,7769,E09000025,Newham,newham,325774,23.847820881961113,2384.7820881961115
Newham,newham,2014,Vehicle Offences,3707,E09000025,Newham,newham,325774,11.379054190942187,1137.9054190942186
Newham,newham,2014,Violence Against The Person,6799,E09000025,Newham,newham,325774,20.87029658597678,2087.029658597678
Newham,newham,2015,Arson And Criminal Damage,2312,E09000025,Newham,newham,334269,6.91658514549659,691.6585145496591
Newham,newham,2015,Burglary,4550,E09000025,Newham,newham,334269,13.611791700696147,1361.1791700696147
Newham,newham,2015,Drug Offences,1680,E09000025,Newham,newham,334269,5.0258923202570385,502.58923202570384
Newham,newham,2015,Fraud And Forgery,0,E09000025,Newham,newham,334269,0.0,0.0
Newham,newham,2015,Miscellaneous Crimes Against Society,460,E09000025,Newham,newham,334269,1.3761371829275224,137.61371829275225
Newham,newham,2015,Possession Of Weapons,239,E09000025,Newham,newham,334269,0.7149930146079954,71.49930146079954
Newham,newham,2015,Public Order Offences,1408,E09000025,Newham,newham,334269,4.212176420786851,421.2176420786851
Newham,newham,2015,Robbery,1398,E09000025,Newham,newham,334269,4.182260395071036,418.22603950710356
Newham,newham,2015,Sexual Offences,709,E09000025,Newham,newham,334269,2.121046223251333,212.10462232513333
Newham,newham,2015,Theft,7670,E09000025,Newham,newham,334269,22.945591724030646,2294.5591724030646
Newham,newham,2015,Vehicle Offences,3753,E09000025,Newham,newham,334269,11.227484451145633,1122.7484451145633
Newham,newham,2015,Violence Against The Person,8015,E09000025,Newham,newham,334269,23.97769461122629,2397.769461122629
Newham,newham,2016,Arson And Criminal Damage,2412,E09000025,Newham,newham,342430,7.043775370148644,704.3775370148644
Newham,newham,2016,Burglary,4234,E09000025,Newham,newham,342430,12.364570861197908,1236.4570861197908
Newham,newham,2016,Drug Offences,1718,E09000025,Newham,newham,342430,5.017083783547002,501.7083783547002
Newham,newham,2016,Fraud And Forgery,0,E09000025,Newham,newham,342430,0.0,0.0
Newham,newham,2016,Miscellaneous Crimes Against Society,512,E09000025,Newham,newham,342430,1.4951960984726806,149.51960984726807
Newham,newham,2016,Possession Of Weapons,304,E09000025,Newham,newham,342430,0.8877726834681541,88.7772683468154
Newham,newham,2016,Public Order Offences,1513,E09000025,Newham,newham,342430,4.4184212831819645,441.84212831819644
Newham,newham,2016,Robbery,1472,E09000025,Newham,newham,342430,4.298688783108957,429.86887831089564
Newham,newham,2016,Sexual Offences,607,E09000025,Newham,newham,342430,1.7726250620564787,177.26250620564787
Newham,newham,2016,Theft,7739,E09000025,Newham,newham,342430,22.600239465000147,2260.0239465000145
Newham,newham,2016,Vehicle Offences,4228,E09000025,Newham,newham,342430,12.347049031918932,1234.7049031918932
Newham,newham,2016,Violence Against The Person,8140,E09000025,Newham,newham,342430,23.771281721811757,2377.1281721811756
Newham,newham,2017,Arson And Criminal Damage,2309,E09000025,Newham,newham,347448,6.645598765858488,664.5598765858489
Newham,newham,2017,Burglary,4352,E09000025,Newham,newham,347448,12.525615343878796,1252.5615343878796
Newham,newham,2017,Drug Offences,2154,E09000025,Newham,newham,347448,6.1994888443738345,619.9488844373834
Newham,newham,2017,Fraud And Forgery,0,E09000025,Newham,newham,347448,0.0,0.0
Newham,newham,2017,Miscellaneous Crimes Against Society,533,E09000025,Newham,newham,347448,1.5340425042020678,153.40425042020678
Newham,newham,2017,Possession Of Weapons,437,E09000025,Newham,newham,347448,1.257742165734153,125.7742165734153
Newham,newham,2017,Public Order Offences,1582,E09000025,Newham,newham,347448,4.5531993276691765,455.31993276691765
Newham,newham,2017,Robbery,2017,E09000025,Newham,newham,347448,5.805185236351915,580.5185236351915
Newham,newham,2017,Sexual Offences,748,E09000025,Newham,newham,347448,2.1528401372291683,215.28401372291682
Newham,newham,2017,Theft,8532,E09000025,Newham,newham,347448,24.55619258133591,2455.6192581335913
Newham,newham,2017,Vehicle Offences,4799,E09000025,Newham,newham,347448,13.812138794870023,1381.2138794870025
Newham,newham,2017,Violence Against The Person,8590,E09000025,Newham,newham,347448,24.723124035826945,2472.3124035826945
Newham,newham,2018,Arson And Criminal Damage,2320,E09000025,Newham,newham,353245,6.567679655762998,656.7679655762997
Newham,newham,2018,Burglary,4882,E09000025,Newham,newham,353245,13.820436241135756,1382.0436241135756
Newham,newham,2018,Drug Offences,2101,E09000025,Newham,newham,353245,5.9477133434301965,594.7713343430197
Newham,newham,2018,Fraud And Forgery,0,E09000025,Newham,newham,353245,0.0,0.0
Newham,newham,2018,Miscellaneous Crimes Against Society,597,E09000025,Newham,newham,353245,1.6900451527976332,169.00451527976332
Newham,newham,2018,Possession Of Weapons,380,E09000025,Newham,newham,353245,1.0757406332715254,107.57406332715254
Newham,newham,2018,Public Order Offences,1625,E09000025,Newham,newham,353245,4.600206655437445,460.0206655437445
Newham,newham,2018,Robbery,1778,E09000025,Newham,newham,353245,5.0333338051494,503.33338051494
Newham,newham,2018,Sexual Offences,817,E09000025,Newham,newham,353245,2.3128423615337796,231.28423615337798
Newham,newham,2018,Theft,9221,E09000025,Newham,newham,353245,26.10369573525457,2610.369573525457
Newham,newham,2018,Vehicle Offences,5135,E09000025,Newham,newham,353245,14.536653031182324,1453.6653031182325
Newham,newham,2018,Violence Against The Person,8865,E09000025,Newham,newham,353245,25.09589661566335,2509.589661566335
Newham,newham,2019,Arson And Criminal Damage,2161,E09000025,Newham,newham,359470,6.011628230450385,601.1628230450385
Newham,newham,2019,Burglary,4462,E09000025,Newham,newham,359470,12.412718724789274,1241.2718724789274
Newham,newham,2019,Drug Offences,3031,E09000025,Newham,newham,359470,8.43185801318608,843.1858013186079
Newham,newham,2019,Fraud And Forgery,0,E09000025,Newham,newham,359470,0.0,0.0
Newham,newham,2019,Miscellaneous Crimes Against Society,592,E09000025,Newham,newham,359470,1.6468690015856677,164.68690015856677
Newham,newham,2019,Possession Of Weapons,355,E09000025,Newham,newham,359470,0.9875650262887029,98.7565026288703
Newham,newham,2019,Public Order Offences,1812,E09000025,Newham,newham,359470,5.040754444042618,504.0754444042618
Newham,newham,2019,Robbery,1883,E09000025,Newham,newham,359470,5.238267449300358,523.8267449300358
Newham,newham,2019,Sexual Offences,779,E09000025,Newham,newham,359470,2.1670793112081674,216.70793112081674
Newham,newham,2019,Theft,9189,E09000025,Newham,newham,359470,25.562633877653212,2556.263387765321
Newham,newham,2019,Vehicle Offences,4406,E09000025,Newham,newham,359470,12.256933819233872,1225.6933819233873
Newham,newham,2019,Violence Against The Person,8994,E09000025,Newham,newham,359470,25.020168581522796,2502.01685815228
Newham,newham,2020,Arson And Criminal Damage,1928,E09000025,Newham,newham,363552,5.303230349441071,530.323034944107
Newham,newham,2020,Burglary,3700,E09000025,Newham,newham,363552,10.177361147786286,1017.7361147786286
Newham,newham,2020,Drug Offences,2925,E09000025,Newham,newham,363552,8.045616583047266,804.5616583047267
Newham,newham,2020,Fraud And Forgery,0,E09000025,Newham,newham,363552,0.0,0.0
Newham,newham,2020,Miscellaneous Crimes Against Society,491,E09000025,Newham,newham,363552,1.3505633306927207,135.05633306927209
Newham,newham,2020,Possession Of Weapons,330,E09000025,Newham,newham,363552,0.9077105888566148,90.77105888566147
Newham,newham,2020,Public Order Offences,1844,E09000025,Newham,newham,363552,5.072176745004841,507.2176745004841
Newham,newham,2020,Robbery,1564,E09000025,Newham,newham,363552,4.301998063550744,430.19980635507443
Newham,newham,2020,Sexual Offences,704,E09000025,Newham,newham,363552,1.9364492562274447,193.64492562274447
Newham,newham,2020,Theft,7681,E09000025,Newham,newham,363552,21.12765161517472,2112.7651615174723
Newham,newham,2020,Vehicle Offences,3877,E09000025,Newham,newham,363552,10.664224099991198,1066.4224099991197
Newham,newham,2020,Violence Against The Person,8828,E09000025,Newham,newham,363552,24.28263357098847,2428.263357098847
Newham,newham,2021,Arson And Criminal Damage,2068,E09000025,Newham,newham,366943,5.635752691834972,563.5752691834972
Newham,newham,2021,Burglary,3176,E09000025,Newham,newham,366943,8.655295236589879,865.5295236589878
Newham,newham,2021,Drug Offences,2153,E09000025,Newham,newham,366943,5.8673962986076855,586.7396298607686
Newham,newham,2021,Fraud And Forgery,0,E09000025,Newham,newham,366943,0.0,0.0
Newham,newham,2021,Miscellaneous Crimes Against Society,512,E09000025,Newham,newham,366943,1.395312078442701,139.5312078442701
Newham,newham,2021,Possession Of Weapons,264,E09000025,Newham,newham,366943,0.7194577904470177,71.94577904470177
Newham,newham,2021,Public Order Offences,2124,E09000025,Newham,newham,366943,5.788364950414642,578.8364950414642
Newham,newham,2021,Robbery,1070,E09000025,Newham,newham,366943,2.9159842264329883,291.5984226432988
Newham,newham,2021,Sexual Offences,945,E09000025,Newham,newham,366943,2.575331863531938,257.53318635319386
Newham,newham,2021,Theft,8212,E09000025,Newham,newham,366943,22.379497633147384,2237.9497633147384
Newham,newham,2021,Vehicle Offences,3750,E09000025,Newham,newham,366943,10.219570887031502,1021.9570887031501
Newham,newham,2021,Violence Against The Person,9508,E09000025,Newham,newham,366943,25.91138133170547,2591.138133170547
Newham,newham,2022,Arson And Criminal Damage,2100,E09000025,Newham,newham,370004,5.675614317683053,567.5614317683053
Newham,newham,2022,Burglary,3276,E09000025,Newham,newham,370004,8.853958335585562,885.3958335585561
Newham,newham,2022,Drug Offences,2341,E09000025,Newham,newham,370004,6.326958627474298,632.6958627474298
Newham,newham,2022,Fraud And Forgery,0,E09000025,Newham,newham,370004,0.0,0.0
Newham,newham,2022,Miscellaneous Crimes Against Society,526,E09000025,Newham,newham,370004,1.421606252905374,142.16062529053738
Newham,newham,2022,Possession Of Weapons,293,E09000025,Newham,newham,370004,0.7918833309910164,79.18833309910164
Newham,newham,2022,Public Order Offences,2020,E09000025,Newham,newham,370004,5.459400438914174,545.9400438914174
Newham,newham,2022,Robbery,1169,E09000025,Newham,newham,370004,3.159425303510232,315.9425303510232
Newham,newham,2022,Sexual Offences,1019,E09000025,Newham,newham,370004,2.7540242808185855,275.40242808185855
Newham,newham,2022,Theft,8728,E09000025,Newham,newham,370004,23.588934173684606,2358.8934173684606
Newham,newham,2022,Vehicle Offences,4977,E09000025,Newham,newham,370004,13.451205932908833,1345.1205932908833
Newham,newham,2022,Violence Against The Person,9600,E09000025,Newham,newham,370004,25.94566545226538,2594.566545226538
Newham,newham,2023,Arson And Criminal Damage,2102,E09000025,Newham,newham,372515,5.64272579627666,564.272579627666
Newham,newham,2023,Burglary,2433,E09000025,Newham,newham,372515,6.531280619572366,653.1280619572366
Newham,newham,2023,Drug Offences,1742,E09000025,Newham,newham,372515,4.676321758855348,467.6321758855348
Newham,newham,2023,Fraud And Forgery,0,E09000025,Newham,newham,372515,0.0,0.0
Newham,newham,2023,Miscellaneous Crimes Against Society,494,E09000025,Newham,newham,372515,1.3261210957948002,132.61210957948003
Newham,newham,2023,Possession Of Weapons,258,E09000025,Newham,newham,372515,0.6925895601519402,69.25895601519402
Newham,newham,2023,Public Order Offences,2059,E09000025,Newham,newham,372515,5.527294202918003,552.7294202918004
Newham,newham,2023,Robbery,1500,E09000025,Newham,newham,372515,4.026683489255467,402.66834892554664
Newham,newham,2023,Sexual Offences,962,E09000025,Newham,newham,372515,2.5824463444425056,258.24463444425055
Newham,newham,2023,Theft,11410,E09000025,Newham,newham,372515,30.62963907493658,3062.963907493658
Newham,newham,2023,Vehicle Offences,4756,E09000025,Newham,newham,372515,12.76727111659933,1276.7271116599331
Newham,newham,2023,Violence Against The Person,10260,E09000025,Newham,newham,372515,27.54251506650739,2754.251506650739
Newham,newham,2024,Arson And Criminal Damage,2018,E09000025,Newham,newham,374424,5.38961177702284,538.961177702284
Newham,newham,2024,Burglary,2001,E09000025,Newham,newham,374424,5.344208704570219,534.4208704570219
Newham,newham,2024,Drug Offences,2139,E09000025,Newham,newham,374424,5.7127748221267876,571.2774822126787
Newham,newham,2024,Fraud And Forgery,9,E09000025,Newham,newham,374424,0.024036920710210883,2.4036920710210885
Newham,newham,2024,Miscellaneous Crimes Against Society,479,E09000025,Newham,newham,374424,1.2792983355767793,127.92983355767794
Newham,newham,2024,Possession Of Weapons,226,E09000025,Newham,newham,374424,0.6035937867230733,60.359378672307336
Newham,newham,2024,Public Order Offences,2117,E09000025,Newham,newham,374424,5.65401790483516,565.401790483516
Newham,newham,2024,Robbery,1711,E09000025,Newham,newham,374424,4.569685703907869,456.9685703907869
Newham,newham,2024,Sexual Offences,1009,E09000025,Newham,newham,374424,2.69480588851142,269.480588851142
Newham,newham,2024,Theft,14525,E09000025,Newham,newham,374424,38.79291925731256,3879.291925731256
Newham,newham,2024,Vehicle Offences,4487,E09000025,Newham,newham,374424,11.983740358524026,1198.3740358524026
Newham,newham,2024,Violence Against The Person,9899,E09000025,Newham,newham,374424,26.43794201226417,2643.794201226417
Newham,newham,2025,Arson And Criminal Damage,465,E09000025,Newham,newham,387234,1.200824307782891,120.08243077828911
Newham,newham,2025,Burglary,371,E09000025,Newham,newham,387234,0.958077028360113,95.8077028360113
Newham,newham,2025,Drug Offences,821,E09000025,Newham,newham,387234,2.1201650681500075,212.01650681500075
Newham,newham,2025,Fraud And Forgery,2,E09000025,Newham,newham,387234,0.00516483573239953,0.5164835732399531
Newham,newham,2025,Miscellaneous Crimes Against Society,133,E09000025,Newham,newham,387234,0.3434615762045688,34.34615762045688
Newham,newham,2025,Possession Of Weapons,73,E09000025,Newham,newham,387234,0.1885165042325829,18.851650423258288
Newham,newham,2025,Public Order Offences,446,E09000025,Newham,newham,387234,1.1517583683250954,115.17583683250953
Newham,newham,2025,Robbery,436,E09000025,Newham,newham,387234,1.1259341896630979,112.59341896630978
Newham,newham,2025,Sexual Offences,252,E09000025,Newham,newham,387234,0.6507693022823409,65.07693022823409
Newham,newham,2025,Theft,3535,E09000025,Newham,newham,387234,9.128847157016171,912.8847157016172
Newham,newham,2025,Vehicle Offences,899,E09000025,Newham,newham,387234,2.3215936617135893,232.15936617135893
Newham,newham,2025,Violence Against The Person,2281,E09000025,Newham,newham,387234,5.890495152801665,589.0495152801666
Redbridge,redbridge,2010,Arson And Criminal Damage,1711,E09000026,Redbridge,redbridge,275088,6.219827836910371,621.9827836910371
Redbridge,redbridge,2010,Burglary,4974,E09000026,Redbridge,redbridge,275088,18.081486651544232,1808.1486651544233
Redbridge,redbridge,2010,Drug Offences,1415,E09000026,Redbridge,redbridge,275088,5.143808526725993,514.3808526725993
Redbridge,redbridge,2010,Fraud And Forgery,392,E09000026,Redbridge,redbridge,275088,1.424998545919851,142.4998545919851
Redbridge,redbridge,2010,Miscellaneous Crimes Against Society,133,E09000026,Redbridge,redbridge,275088,0.4834816495085209,48.348164950852095
Redbridge,redbridge,2010,Possession Of Weapons,93,E09000026,Redbridge,redbridge,275088,0.3380736346187402,33.80736346187402
Redbridge,redbridge,2010,Public Order Offences,175,E09000026,Redbridge,redbridge,275088,0.6361600651427907,63.616006514279064
Redbridge,redbridge,2010,Robbery,696,E09000026,Redbridge,redbridge,275088,2.5300994590821846,253.00994590821847
Redbridge,redbridge,2010,Sexual Offences,162,E09000026,Redbridge,redbridge,275088,0.5889024603036119,58.89024603036119
Redbridge,redbridge,2010,Theft,3768,E09000026,Redbridge,redbridge,275088,13.697435002617345,1369.7435002617344
Redbridge,redbridge,2010,Vehicle Offences,3703,E09000026,Redbridge,redbridge,275088,13.46114697842145,1346.114697842145
Redbridge,redbridge,2010,Violence Against The Person,2417,E09000026,Redbridge,redbridge,275088,8.786279299715,878.6279299715001
Redbridge,redbridge,2011,Arson And Criminal Damage,2325,E09000026,Redbridge,redbridge,281521,8.258708941784093,825.8708941784093
Redbridge,redbridge,2011,Burglary,7572,E09000026,Redbridge,redbridge,281521,26.89675015362975,2689.675015362975
Redbridge,redbridge,2011,Drug Offences,2332,E09000026,Redbridge,redbridge,281521,8.2835738719314,828.3573871931401
Redbridge,redbridge,2011,Fraud And Forgery,593,E09000026,Redbridge,redbridge,281521,2.1064147967647173,210.6414796764717
Redbridge,redbridge,2011,Miscellaneous Crimes Against Society,146,E09000026,Redbridge,redbridge,281521,0.5186114002152592,51.86114002152593
Redbridge,redbridge,2011,Possession Of Weapons,151,E09000026,Redbridge,redbridge,281521,0.5363720646061928,53.63720646061928
Redbridge,redbridge,2011,Public Order Offences,306,E09000026,Redbridge,redbridge,281521,1.0869526607251323,108.69526607251323
Redbridge,redbridge,2011,Robbery,1122,E09000026,Redbridge,redbridge,281521,3.985493089325486,398.54930893254857
Redbridge,redbridge,2011,Sexual Offences,239,E09000026,Redbridge,redbridge,281521,0.848959757886623,84.89597578866231
Redbridge,redbridge,2011,Theft,5308,E09000026,Redbridge,redbridge,281521,18.854721317415045,1885.4721317415044
Redbridge,redbridge,2011,Vehicle Offences,4552,E09000026,Redbridge,redbridge,281521,16.16930886150589,1616.9308861505892
Redbridge,redbridge,2011,Violence Against The Person,2967,E09000026,Redbridge,redbridge,281521,10.53917824957996,1053.9178249579961
Redbridge,redbridge,2012,Arson And Criminal Damage,1690,E09000026,Redbridge,redbridge,284743,5.93517663296376,593.517663296376
Redbridge,redbridge,2012,Burglary,6786,E09000026,Redbridge,redbridge,284743,23.832016941592943,2383.201694159294
Redbridge,redbridge,2012,Drug Offences,1939,E09000026,Redbridge,redbridge,284743,6.809649403145995,680.9649403145995
Redbridge,redbridge,2012,Fraud And Forgery,891,E09000026,Redbridge,redbridge,284743,3.1291375029412487,312.9137502941249
Redbridge,redbridge,2012,Miscellaneous Crimes Against Society,197,E09000026,Redbridge,redbridge,284743,0.6918519507064265,69.18519507064265
Redbridge,redbridge,2012,Possession Of Weapons,77,E09000026,Redbridge,redbridge,284743,0.2704192903776388,27.04192903776388
Redbridge,redbridge,2012,Public Order Offences,469,E09000026,Redbridge,redbridge,284743,1.6470993141183452,164.70993141183453
Redbridge,redbridge,2012,Robbery,1018,E09000026,Redbridge,redbridge,284743,3.575153735122549,357.5153735122549
Redbridge,redbridge,2012,Sexual Offences,220,E09000026,Redbridge,redbridge,284743,0.7726265439361107,77.26265439361107
Redbridge,redbridge,2012,Theft,4893,E09000026,Redbridge,redbridge,284743,17.183916724906318,1718.391672490632
Redbridge,redbridge,2012,Vehicle Offences,4018,E09000026,Redbridge,redbridge,284743,14.110970243342242,1411.0970243342242
Redbridge,redbridge,2012,Violence Against The Person,3483,E09000026,Redbridge,redbridge,284743,12.232082966043063,1223.2082966043063
Redbridge,redbridge,2013,Arson And Criminal Damage,1439,E09000026,Redbridge,redbridge,288398,4.989632383026235,498.9632383026235
Redbridge,redbridge,2013,Burglary,5978,E09000026,Redbridge,redbridge,288398,20.728299086678827,2072.8299086678826
Redbridge,redbridge,2013,Drug Offences,1820,E09000026,Redbridge,redbridge,288398,6.310723375335473,631.0723375335474
Redbridge,redbridge,2013,Fraud And Forgery,130,E09000026,Redbridge,redbridge,288398,0.45076595538110525,45.07659553811053
Redbridge,redbridge,2013,Miscellaneous Crimes Against Society,252,E09000026,Redbridge,redbridge,288398,0.8737924673541425,87.37924673541426
Redbridge,redbridge,2013,Possession Of Weapons,109,E09000026,Redbridge,redbridge,288398,0.37794991643492676,37.79499164349267
Redbridge,redbridge,2013,Public Order Offences,541,E09000026,Redbridge,redbridge,288398,1.8758798604705997,187.58798604705999
Redbridge,redbridge,2013,Robbery,874,E09000026,Redbridge,redbridge,288398,3.0305341923314306,303.0534192331431
Redbridge,redbridge,2013,Sexual Offences,248,E09000026,Redbridge,redbridge,288398,0.8599227456501085,85.99227456501086
Redbridge,redbridge,2013,Theft,4456,E09000026,Redbridge,redbridge,288398,15.450869978293886,1545.0869978293886
Redbridge,redbridge,2013,Vehicle Offences,3632,E09000026,Redbridge,redbridge,288398,12.593707307262878,1259.370730726288
Redbridge,redbridge,2013,Violence Against The Person,3589,E09000026,Redbridge,redbridge,288398,12.444607798944515,1244.4607798944514
Redbridge,redbridge,2014,Arson And Criminal Damage,1563,E09000026,Redbridge,redbridge,293181,5.331177668402796,533.1177668402795
Redbridge,redbridge,2014,Burglary,5246,E09000026,Redbridge,redbridge,293181,17.89338326835641,1789.3383268356408
Redbridge,redbridge,2014,Drug Offences,1545,E09000026,Redbridge,redbridge,293181,5.26978214822925,526.9782148229251
Redbridge,redbridge,2014,Fraud And Forgery,0,E09000026,Redbridge,redbridge,293181,0.0,0.0
Redbridge,redbridge,2014,Miscellaneous Crimes Against Society,342,E09000026,Redbridge,redbridge,293181,1.1665148832973486,116.65148832973487
Redbridge,redbridge,2014,Possession Of Weapons,112,E09000026,Redbridge,redbridge,293181,0.3820165699687224,38.20165699687224
Redbridge,redbridge,2014,Public Order Offences,877,E09000026,Redbridge,redbridge,293181,2.9913261773443707,299.1326177344371
Redbridge,redbridge,2014,Robbery,704,E09000026,Redbridge,redbridge,293181,2.4012470112319693,240.12470112319693
Redbridge,redbridge,2014,Sexual Offences,351,E09000026,Redbridge,redbridge,293181,1.1972126433841213,119.72126433841211
Redbridge,redbridge,2014,Theft,4180,E09000026,Redbridge,redbridge,293181,14.257404129189817,1425.7404129189817
Redbridge,redbridge,2014,Vehicle Offences,2867,E09000026,Redbridge,redbridge,293181,9.77894201875292,977.894201875292
Redbridge,redbridge,2014,Violence Against The Person,4742,E09000026,Redbridge,redbridge,293181,16.174308703497157,1617.4308703497159
Redbridge,redbridge,2015,Arson And Criminal Damage,1556,E09000026,Redbridge,redbridge,296919,5.240486462637958,524.0486462637958
Redbridge,redbridge,2015,Burglary,4490,E09000026,Redbridge,redbridge,296919,15.121969291288195,1512.1969291288196
Redbridge,redbridge,2015,Drug Offences,1274,E09000026,Redbridge,redbridge,296919,4.2907324893321075,429.0732489332107
Redbridge,redbridge,2015,Fraud And Forgery,0,E09000026,Redbridge,redbridge,296919,0.0,0.0
Redbridge,redbridge,2015,Miscellaneous Crimes Against Society,303,E09000026,Redbridge,redbridge,296919,1.0204803330201164,102.04803330201165
Redbridge,redbridge,2015,Possession Of Weapons,125,E09000026,Redbridge,redbridge,296919,0.42099023639443756,42.09902363944376
Redbridge,redbridge,2015,Public Order Offences,924,E09000026,Redbridge,redbridge,296919,3.1119598274276825,311.19598274276825
Redbridge,redbridge,2015,Robbery,657,E09000026,Redbridge,redbridge,296919,2.212724682489164,221.27246824891637
Redbridge,redbridge,2015,Sexual Offences,399,E09000026,Redbridge,redbridge,296919,1.3438008345710446,134.38008345710446
Redbridge,redbridge,2015,Theft,4100,E09000026,Redbridge,redbridge,296919,13.808479753737553,1380.8479753737552
Redbridge,redbridge,2015,Vehicle Offences,2740,E09000026,Redbridge,redbridge,296919,9.228105981766072,922.8105981766072
Redbridge,redbridge,2015,Violence Against The Person,5010,E09000026,Redbridge,redbridge,296919,16.873288674689057,1687.3288674689059
Redbridge,redbridge,2016,Arson And Criminal Damage,1587,E09000026,Redbridge,redbridge,299375,5.301043841336117,530.1043841336117
Redbridge,redbridge,2016,Burglary,3990,E09000026,Redbridge,redbridge,299375,13.32776617954071,1332.776617954071
Redbridge,redbridge,2016,Drug Offences,1031,E09000026,Redbridge,redbridge,299375,3.4438413361169102,344.384133611691
Redbridge,redbridge,2016,Fraud And Forgery,0,E09000026,Redbridge,redbridge,299375,0.0,0.0
Redbridge,redbridge,2016,Miscellaneous Crimes Against Society,267,E09000026,Redbridge,redbridge,299375,0.8918580375782881,89.18580375782881
Redbridge,redbridge,2016,Possession Of Weapons,131,E09000026,Redbridge,redbridge,299375,0.43757828810020877,43.757828810020875
Redbridge,redbridge,2016,Public Order Offences,1037,E09000026,Redbridge,redbridge,299375,3.4638830897703548,346.3883089770355
Redbridge,redbridge,2016,Robbery,598,E09000026,Redbridge,redbridge,299375,1.9974947807933197,199.74947807933196
Redbridge,redbridge,2016,Sexual Offences,499,E09000026,Redbridge,redbridge,299375,1.6668058455114823,166.68058455114823
Redbridge,redbridge,2016,Theft,4384,E09000026,Redbridge,redbridge,299375,14.64384133611691,1464.384133611691
Redbridge,redbridge,2016,Vehicle Offences,3096,E09000026,Redbridge,redbridge,299375,10.341544885177454,1034.1544885177452
Redbridge,redbridge,2016,Violence Against The Person,5417,E09000026,Redbridge,redbridge,299375,18.094363256784966,1809.4363256784968
Redbridge,redbridge,2017,Arson And Criminal Damage,1764,E09000026,Redbridge,redbridge,303887,5.804789280225873,580.4789280225873
Redbridge,redbridge,2017,Burglary,6034,E09000026,Redbridge,redbridge,303887,19.85606491886787,1985.6064918867871
Redbridge,redbridge,2017,Drug Offences,741,E09000026,Redbridge,redbridge,303887,2.438406381319372,243.8406381319372
Redbridge,redbridge,2017,Fraud And Forgery,0,E09000026,Redbridge,redbridge,303887,0.0,0.0
Redbridge,redbridge,2017,Miscellaneous Crimes Against Society,258,E09000026,Redbridge,redbridge,303887,0.8489997926860972,84.89997926860971
Redbridge,redbridge,2017,Possession Of Weapons,149,E09000026,Redbridge,redbridge,303887,0.49031383376057547,49.03138337605755
Redbridge,redbridge,2017,Public Order Offences,1135,E09000026,Redbridge,redbridge,303887,3.734940948444652,373.4940948444652
Redbridge,redbridge,2017,Robbery,886,E09000026,Redbridge,redbridge,303887,2.9155574275964424,291.5557427596442
Redbridge,redbridge,2017,Sexual Offences,453,E09000026,Redbridge,redbridge,303887,1.4906856825069845,149.06856825069846
Redbridge,redbridge,2017,Theft,4733,E09000026,Redbridge,redbridge,303887,15.574868289857742,1557.4868289857743
Redbridge,redbridge,2017,Vehicle Offences,4384,E09000026,Redbridge,redbridge,303887,14.426415081921897,1442.6415081921898
Redbridge,redbridge,2017,Violence Against The Person,5612,E09000026,Redbridge,redbridge,303887,18.467390839358053,1846.7390839358052
Redbridge,redbridge,2018,Arson And Criminal Damage,1548,E09000026,Redbridge,redbridge,305910,5.060311856428361,506.0311856428361
Redbridge,redbridge,2018,Burglary,5700,E09000026,Redbridge,redbridge,305910,18.632931254290476,1863.2931254290477
Redbridge,redbridge,2018,Drug Offences,681,E09000026,Redbridge,redbridge,305910,2.226144944591547,222.61449445915466
Redbridge,redbridge,2018,Fraud And Forgery,0,E09000026,Redbridge,redbridge,305910,0.0,0.0
Redbridge,redbridge,2018,Miscellaneous Crimes Against Society,239,E09000026,Redbridge,redbridge,305910,0.781275538557092,78.1275538557092
Redbridge,redbridge,2018,Possession Of Weapons,176,E09000026,Redbridge,redbridge,305910,0.5753326141675656,57.53326141675657
Redbridge,redbridge,2018,Public Order Offences,1134,E09000026,Redbridge,redbridge,305910,3.7069726390114743,370.69726390114744
Redbridge,redbridge,2018,Robbery,1039,E09000026,Redbridge,redbridge,305910,3.396423784773299,339.64237847732994
Redbridge,redbridge,2018,Sexual Offences,482,E09000026,Redbridge,redbridge,305910,1.5756268183452649,157.5626818345265
Redbridge,redbridge,2018,Theft,4589,E09000026,Redbridge,redbridge,305910,15.001144127357719,1500.114412735772
Redbridge,redbridge,2018,Vehicle Offences,4326,E09000026,Redbridge,redbridge,305910,14.141414141414142,1414.1414141414143
Redbridge,redbridge,2018,Violence Against The Person,6133,E09000026,Redbridge,redbridge,305910,20.048380242555,2004.8380242555002
Redbridge,redbridge,2019,Arson And Criminal Damage,1488,E09000026,Redbridge,redbridge,307690,4.836036270272027,483.6036270272027
Redbridge,redbridge,2019,Burglary,4332,E09000026,Redbridge,redbridge,307690,14.07910559329195,1407.910559329195
Redbridge,redbridge,2019,Drug Offences,1284,E09000026,Redbridge,redbridge,307690,4.173031297734734,417.30312977347336
Redbridge,redbridge,2019,Fraud And Forgery,0,E09000026,Redbridge,redbridge,307690,0.0,0.0
Redbridge,redbridge,2019,Miscellaneous Crimes Against Society,279,E09000026,Redbridge,redbridge,307690,0.9067568006760051,90.67568006760051
Redbridge,redbridge,2019,Possession Of Weapons,158,E09000026,Redbridge,redbridge,307690,0.5135038512788846,51.350385127888465
Redbridge,redbridge,2019,Public Order Offences,1179,E09000026,Redbridge,redbridge,307690,3.8317787383405375,383.17787383405374
Redbridge,redbridge,2019,Robbery,993,E09000026,Redbridge,redbridge,307690,3.227274204556534,322.72742045565343
Redbridge,redbridge,2019,Sexual Offences,465,E09000026,Redbridge,redbridge,307690,1.5112613344600083,151.12613344600084
Redbridge,redbridge,2019,Theft,4811,E09000026,Redbridge,redbridge,307690,15.635867269004518,1563.5867269004518
Redbridge,redbridge,2019,Vehicle Offences,4768,E09000026,Redbridge,redbridge,307690,15.496116220871658,1549.6116220871656
Redbridge,redbridge,2019,Violence Against The Person,6265,E09000026,Redbridge,redbridge,307690,20.361402710520327,2036.1402710520326
Redbridge,redbridge,2020,Arson And Criminal Damage,1391,E09000026,Redbridge,redbridge,312264,4.45456408679835,445.456408679835
Redbridge,redbridge,2020,Burglary,3408,E09000026,Redbridge,redbridge,312264,10.91384213357928,1091.384213357928
Redbridge,redbridge,2020,Drug Offences,1753,E09000026,Redbridge,redbridge,312264,5.6138395716445055,561.3839571644506
Redbridge,redbridge,2020,Fraud And Forgery,0,E09000026,Redbridge,redbridge,312264,0.0,0.0
Redbridge,redbridge,2020,Miscellaneous Crimes Against Society,314,E09000026,Redbridge,redbridge,312264,1.0055593984577151,100.55593984577152
Redbridge,redbridge,2020,Possession Of Weapons,178,E09000026,Redbridge,redbridge,312264,0.5700304870238004,57.00304870238004
Redbridge,redbridge,2020,Public Order Offences,1272,E09000026,Redbridge,redbridge,312264,4.073476289293675,407.34762892936743
Redbridge,redbridge,2020,Robbery,662,E09000026,Redbridge,redbridge,312264,2.1200010247739094,212.00010247739093
Redbridge,redbridge,2020,Sexual Offences,495,E09000026,Redbridge,redbridge,312264,1.5851971408807932,158.51971408807933
Redbridge,redbridge,2020,Theft,4340,E09000026,Redbridge,redbridge,312264,13.898496144288167,1389.8496144288167
Redbridge,redbridge,2020,Vehicle Offences,4092,E09000026,Redbridge,redbridge,312264,13.104296364614557,1310.4296364614556
Redbridge,redbridge,2020,Violence Against The Person,6492,E09000026,Redbridge,redbridge,312264,20.790100684036585,2079.0100684036584
Redbridge,redbridge,2021,Arson And Criminal Damage,1528,E09000026,Redbridge,redbridge,316288,4.831040064751114,483.1040064751113
Redbridge,redbridge,2021,Burglary,2978,E09000026,Redbridge,redbridge,316288,9.415469445568595,941.5469445568596
Redbridge,redbridge,2021,Drug Offences,1338,E09000026,Redbridge,redbridge,316288,4.23032173209227,423.032173209227
Redbridge,redbridge,2021,Fraud And Forgery,0,E09000026,Redbridge,redbridge,316288,0.0,0.0
Redbridge,redbridge,2021,Miscellaneous Crimes Against Society,336,E09000026,Redbridge,redbridge,316288,1.0623229461756376,106.23229461756375
Redbridge,redbridge,2021,Possession Of Weapons,162,E09000026,Redbridge,redbridge,316288,0.5121914204775394,51.21914204775395
Redbridge,redbridge,2021,Public Order Offences,1527,E09000026,Redbridge,redbridge,316288,4.827878389316067,482.78783893160664
Redbridge,redbridge,2021,Robbery,616,E09000026,Redbridge,redbridge,316288,1.9475920679886685,194.75920679886684
Redbridge,redbridge,2021,Sexual Offences,733,E09000026,Redbridge,redbridge,316288,2.317508093889114,231.75080938891136
Redbridge,redbridge,2021,Theft,4801,E09000026,Redbridge,redbridge,316288,15.179203763658437,1517.9203763658438
Redbridge,redbridge,2021,Vehicle Offences,3855,E09000026,Redbridge,redbridge,316288,12.18825880210441,1218.825880210441
Redbridge,redbridge,2021,Violence Against The Person,7506,E09000026,Redbridge,redbridge,316288,23.731535815459328,2373.153581545933
Redbridge,redbridge,2022,Arson And Criminal Damage,1491,E09000026,Redbridge,redbridge,320018,4.659112924897975,465.9112924897974
Redbridge,redbridge,2022,Burglary,2810,E09000026,Redbridge,redbridge,320018,8.780756082470361,878.0756082470361
Redbridge,redbridge,2022,Drug Offences,1191,E09000026,Redbridge,redbridge,320018,3.7216656563068327,372.16656563068324
Redbridge,redbridge,2022,Fraud And Forgery,0,E09000026,Redbridge,redbridge,320018,0.0,0.0
Redbridge,redbridge,2022,Miscellaneous Crimes Against Society,328,E09000026,Redbridge,redbridge,320018,1.0249423469929817,102.49423469929818
Redbridge,redbridge,2022,Possession Of Weapons,165,E09000026,Redbridge,redbridge,320018,0.515595997725128,51.5595997725128
Redbridge,redbridge,2022,Public Order Offences,1446,E09000026,Redbridge,redbridge,320018,4.518495834609303,451.8495834609304
Redbridge,redbridge,2022,Robbery,686,E09000026,Redbridge,redbridge,320018,2.1436294208450772,214.36294208450772
Redbridge,redbridge,2022,Sexual Offences,687,E09000026,Redbridge,redbridge,320018,2.1467542450737147,214.67542450737147
Redbridge,redbridge,2022,Theft,5119,E09000026,Redbridge,redbridge,320018,15.995975226393513,1599.5975226393514
Redbridge,redbridge,2022,Vehicle Offences,4209,E09000026,Redbridge,redbridge,320018,13.152385178333718,1315.2385178333718
Redbridge,redbridge,2022,Violence Against The Person,7332,E09000026,Redbridge,redbridge,320018,22.911211244367504,2291.12112443675
Redbridge,redbridge,2023,Arson And Criminal Damage,1628,E09000026,Redbridge,redbridge,323302,5.035539526510816,503.5539526510816
Redbridge,redbridge,2023,Burglary,1619,E09000026,Redbridge,redbridge,323302,5.007701777285634,500.7701777285634
Redbridge,redbridge,2023,Drug Offences,1001,E09000026,Redbridge,redbridge,323302,3.096176330489759,309.6176330489759
Redbridge,redbridge,2023,Fraud And Forgery,0,E09000026,Redbridge,redbridge,323302,0.0,0.0
Redbridge,redbridge,2023,Miscellaneous Crimes Against Society,330,E09000026,Redbridge,redbridge,323302,1.0207174715900305,102.07174715900305
Redbridge,redbridge,2023,Possession Of Weapons,146,E09000026,Redbridge,redbridge,323302,0.4515901540974074,45.15901540974074
Redbridge,redbridge,2023,Public Order Offences,1449,E09000026,Redbridge,redbridge,323302,4.481877625254406,448.1877625254406
Redbridge,redbridge,2023,Robbery,798,E09000026,Redbridge,redbridge,323302,2.468280431299528,246.8280431299528
Redbridge,redbridge,2023,Sexual Offences,645,E09000026,Redbridge,redbridge,323302,1.995038694471423,199.50386944714228
Redbridge,redbridge,2023,Theft,5290,E09000026,Redbridge,redbridge,323302,16.36241037791291,1636.241037791291
Redbridge,redbridge,2023,Vehicle Offences,3840,E09000026,Redbridge,redbridge,323302,11.877439669411263,1187.7439669411262
Redbridge,redbridge,2023,Violence Against The Person,7841,E09000026,Redbridge,redbridge,323302,24.25286574162857,2425.286574162857
Redbridge,redbridge,2024,Arson And Criminal Damage,1496,E09000026,Redbridge,redbridge,326070,4.587971907872542,458.79719078725424
Redbridge,redbridge,2024,Burglary,1490,E09000026,Redbridge,redbridge,326070,4.569570951022786,456.9570951022787
Redbridge,redbridge,2024,Drug Offences,945,E09000026,Redbridge,redbridge,326070,2.8981507038365995,289.81507038366
Redbridge,redbridge,2024,Fraud And Forgery,2,E09000026,Redbridge,redbridge,326070,0.006133652283252062,0.6133652283252062
Redbridge,redbridge,2024,Miscellaneous Crimes Against Society,285,E09000026,Redbridge,redbridge,326070,0.874045450363419,87.40454503634189
Redbridge,redbridge,2024,Possession Of Weapons,147,E09000026,Redbridge,redbridge,326070,0.4508234428190266,45.082344281902664
Redbridge,redbridge,2024,Public Order Offences,1401,E09000026,Redbridge,redbridge,326070,4.29662342441807,429.66234244180697
Redbridge,redbridge,2024,Robbery,697,E09000026,Redbridge,redbridge,326070,2.137577820713344,213.7577820713344
Redbridge,redbridge,2024,Sexual Offences,733,E09000026,Redbridge,redbridge,326070,2.2479835618118806,224.79835618118807
Redbridge,redbridge,2024,Theft,5839,E09000026,Redbridge,redbridge,326070,17.907197840954396,1790.7197840954395
Redbridge,redbridge,2024,Vehicle Offences,3238,E09000026,Redbridge,redbridge,326070,9.930383046585089,993.0383046585089
Redbridge,redbridge,2024,Violence Against The Person,7680,E09000026,Redbridge,redbridge,326070,23.553224767687922,2355.322476768792
Redbridge,redbridge,2025,Arson And Criminal Damage,340,E09000026,Redbridge,redbridge,328279,1.035704385598835,103.57043855988351
Redbridge,redbridge,2025,Burglary,278,E09000026,Redbridge,redbridge,328279,0.8468406446955182,84.68406446955181
Redbridge,redbridge,2025,Drug Offences,302,E09000026,Redbridge,redbridge,328279,0.9199491895613182,91.99491895613183
Redbridge,redbridge,2025,Fraud And Forgery,1,E09000026,Redbridge,redbridge,328279,0.0030461893694083385,0.30461893694083386
Redbridge,redbridge,2025,Miscellaneous Crimes Against Society,81,E09000026,Redbridge,redbridge,328279,0.24674133892207545,24.674133892207543
Redbridge,redbridge,2025,Possession Of Weapons,22,E09000026,Redbridge,redbridge,328279,0.06701616612698345,6.701616612698345
Redbridge,redbridge,2025,Public Order Offences,327,E09000026,Redbridge,redbridge,328279,0.9961039237965268,99.61039237965268
Redbridge,redbridge,2025,Robbery,183,E09000026,Redbridge,redbridge,328279,0.557452654601726,55.7452654601726
Redbridge,redbridge,2025,Sexual Offences,175,E09000026,Redbridge,redbridge,328279,0.5330831396464593,53.308313964645926
Redbridge,redbridge,2025,Theft,1418,E09000026,Redbridge,redbridge,328279,4.319496525821024,431.9496525821024
Redbridge,redbridge,2025,Vehicle Offences,690,E09000026,Redbridge,redbridge,328279,2.1018706648917536,210.18706648917538
Redbridge,redbridge,2025,Violence Against The Person,1784,E09000026,Redbridge,redbridge,328279,5.434401835024476,543.4401835024476
Richmond Upon Thames,richmond upon thames,2010,Arson And Criminal Damage,1075,E09000027,Richmond upon Thames,richmond upon thames,186304,5.770139127447613,577.0139127447613
Richmond Upon Thames,richmond upon thames,2010,Burglary,2279,E09000027,Richmond upon Thames,richmond upon thames,186304,12.232694950188938,1223.2694950188938
Richmond Upon Thames,richmond upon thames,2010,Drug Offences,421,E09000027,Richmond upon Thames,richmond upon thames,186304,2.2597475094469255,225.97475094469254
Richmond Upon Thames,richmond upon thames,2010,Fraud And Forgery,221,E09000027,Richmond upon Thames,richmond upon thames,186304,1.1862332531776023,118.62332531776022
Richmond Upon Thames,richmond upon thames,2010,Miscellaneous Crimes Against Society,97,E09000027,Richmond upon Thames,richmond upon thames,186304,0.5206544142906218,52.065441429062176
Richmond Upon Thames,richmond upon thames,2010,Nfib Fraud,0,E09000027,Richmond upon Thames,richmond upon thames,186304,0.0,0.0
Richmond Upon Thames,richmond upon thames,2010,Possession Of Weapons,23,E09000027,Richmond upon Thames,richmond upon thames,186304,0.12345413947097218,12.345413947097217
Richmond Upon Thames,richmond upon thames,2010,Public Order Offences,174,E09000027,Richmond upon Thames,richmond upon thames,186304,0.9339574029543112,93.39574029543112
Richmond Upon Thames,richmond upon thames,2010,Robbery,109,E09000027,Richmond upon Thames,richmond upon thames,186304,0.5850652696667812,58.506526966678116
Richmond Upon Thames,richmond upon thames,2010,Sexual Offences,104,E09000027,Richmond upon Thames,richmond upon thames,186304,0.558227413260048,55.8227413260048
Richmond Upon Thames,richmond upon thames,2010,Theft,2391,E09000027,Richmond upon Thames,richmond upon thames,186304,12.83386293369976,1283.3862933699759
Richmond Upon Thames,richmond upon thames,2010,Vehicle Offences,1017,E09000027,Richmond upon Thames,richmond upon thames,186304,5.4588199931295085,545.8819993129508
Richmond Upon Thames,richmond upon thames,2010,Violence Against The Person,1213,E09000027,Richmond upon Thames,richmond upon thames,186304,6.510863964273446,651.0863964273445
Richmond Upon Thames,richmond upon thames,2011,Arson And Criminal Damage,1358,E09000027,Richmond upon Thames,richmond upon thames,187527,7.2416238728289795,724.162387282898
Richmond Upon Thames,richmond upon thames,2011,Burglary,3096,E09000027,Richmond upon Thames,richmond upon thames,187527,16.509622614343535,1650.9622614343536
Richmond Upon Thames,richmond upon thames,2011,Drug Offences,532,E09000027,Richmond upon Thames,richmond upon thames,187527,2.836924816159806,283.6924816159806
Richmond Upon Thames,richmond upon thames,2011,Fraud And Forgery,325,E09000027,Richmond upon Thames,richmond upon thames,187527,1.7330837692705583,173.30837692705583
Richmond Upon Thames,richmond upon thames,2011,Miscellaneous Crimes Against Society,145,E09000027,Richmond upon Thames,richmond upon thames,187527,0.7732219893668645,77.32219893668645
Richmond Upon Thames,richmond upon thames,2011,Nfib Fraud,0,E09000027,Richmond upon Thames,richmond upon thames,187527,0.0,0.0
Richmond Upon Thames,richmond upon thames,2011,Possession Of Weapons,44,E09000027,Richmond upon Thames,richmond upon thames,187527,0.23463287953201406,23.463287953201405
Richmond Upon Thames,richmond upon thames,2011,Public Order Offences,219,E09000027,Richmond upon Thames,richmond upon thames,187527,1.1678318322161607,116.78318322161608
Richmond Upon Thames,richmond upon thames,2011,Robbery,193,E09000027,Richmond upon Thames,richmond upon thames,187527,1.0291851306745163,102.91851306745163
Richmond Upon Thames,richmond upon thames,2011,Sexual Offences,151,E09000027,Richmond upon Thames,richmond upon thames,187527,0.805217382030321,80.5217382030321
Richmond Upon Thames,richmond upon thames,2011,Theft,3262,E09000027,Richmond upon Thames,richmond upon thames,187527,17.394828478032498,1739.4828478032496
Richmond Upon Thames,richmond upon thames,2011,Vehicle Offences,1654,E09000027,Richmond upon Thames,richmond upon thames,187527,8.820063244226166,882.0063244226164
Richmond Upon Thames,richmond upon thames,2011,Violence Against The Person,1550,E09000027,Richmond upon Thames,richmond upon thames,187527,8.265476438059586,826.5476438059586
Richmond Upon Thames,richmond upon thames,2012,Arson And Criminal Damage,1143,E09000027,Richmond upon Thames,richmond upon thames,189145,6.042982896719448,604.2982896719449
Richmond Upon Thames,richmond upon thames,2012,Burglary,3043,E09000027,Richmond upon Thames,richmond upon thames,189145,16.08818631208861,1608.818631208861
Richmond Upon Thames,richmond upon thames,2012,Drug Offences,528,E09000027,Richmond upon Thames,richmond upon thames,189145,2.7915091596394297,279.15091596394296
Richmond Upon Thames,richmond upon thames,2012,Fraud And Forgery,412,E09000027,Richmond upon Thames,richmond upon thames,189145,2.178223056385313,217.8223056385313
Richmond Upon Thames,richmond upon thames,2012,Miscellaneous Crimes Against Society,118,E09000027,Richmond upon Thames,richmond upon thames,189145,0.6238600015860847,62.386000158608475
Richmond Upon Thames,richmond upon thames,2012,Nfib Fraud,0,E09000027,Richmond upon Thames,richmond upon thames,189145,0.0,0.0
Richmond Upon Thames,richmond upon thames,2012,Possession Of Weapons,31,E09000027,Richmond upon Thames,richmond upon thames,189145,0.16389542414549682,16.389542414549684
Richmond Upon Thames,richmond upon thames,2012,Public Order Offences,354,E09000027,Richmond upon Thames,richmond upon thames,189145,1.8715800047582543,187.15800047582542
Richmond Upon Thames,richmond upon thames,2012,Robbery,216,E09000027,Richmond upon Thames,richmond upon thames,189145,1.141981019852494,114.19810198524941
Richmond Upon Thames,richmond upon thames,2012,Sexual Offences,150,E09000027,Richmond upon Thames,richmond upon thames,189145,0.7930423748975653,79.30423748975653
Richmond Upon Thames,richmond upon thames,2012,Theft,3223,E09000027,Richmond upon Thames,richmond upon thames,189145,17.039837161965686,1703.9837161965686
Richmond Upon Thames,richmond upon thames,2012,Vehicle Offences,1767,E09000027,Richmond upon Thames,richmond upon thames,189145,9.34203917629332,934.2039176293321
Richmond Upon Thames,richmond upon thames,2012,Violence Against The Person,1645,E09000027,Richmond upon Thames,richmond upon thames,189145,8.6970313780433,869.70313780433
Richmond Upon Thames,richmond upon thames,2013,Arson And Criminal Damage,1110,E09000027,Richmond upon Thames,richmond upon thames,191365,5.800433726125467,580.0433726125467
Richmond Upon Thames,richmond upon thames,2013,Burglary,2922,E09000027,Richmond upon Thames,richmond upon thames,191365,15.26924986282758,1526.924986282758
Richmond Upon Thames,richmond upon thames,2013,Drug Offences,626,E09000027,Richmond upon Thames,richmond upon thames,191365,3.271235596895984,327.1235596895984
Richmond Upon Thames,richmond upon thames,2013,Fraud And Forgery,42,E09000027,Richmond upon Thames,richmond upon thames,191365,0.2194758707182609,21.94758707182609
Richmond Upon Thames,richmond upon thames,2013,Miscellaneous Crimes Against Society,121,E09000027,Richmond upon Thames,richmond upon thames,191365,0.6322995323073707,63.229953230737074
Richmond Upon Thames,richmond upon thames,2013,Nfib Fraud,0,E09000027,Richmond upon Thames,richmond upon thames,191365,0.0,0.0
Richmond Upon Thames,richmond upon thames,2013,Possession Of Weapons,34,E09000027,Richmond upon Thames,richmond upon thames,191365,0.17767094296240168,17.767094296240167
Richmond Upon Thames,richmond upon thames,2013,Public Order Offences,334,E09000027,Richmond upon Thames,richmond upon thames,191365,1.7453557338071226,174.53557338071226
Richmond Upon Thames,richmond upon thames,2013,Robbery,188,E09000027,Richmond upon Thames,richmond upon thames,191365,0.9824158022626918,98.24158022626918
Richmond Upon Thames,richmond upon thames,2013,Sexual Offences,120,E09000027,Richmond upon Thames,richmond upon thames,191365,0.6270739163378883,62.70739163378883
Richmond Upon Thames,richmond upon thames,2013,Theft,3076,E09000027,Richmond upon Thames,richmond upon thames,191365,16.073994722127868,1607.3994722127868
Richmond Upon Thames,richmond upon thames,2013,Vehicle Offences,1403,E09000027,Richmond upon Thames,richmond upon thames,191365,7.331539205183811,733.153920518381
Richmond Upon Thames,richmond upon thames,2013,Violence Against The Person,1535,E09000027,Richmond upon Thames,richmond upon thames,191365,8.021320513155489,802.1320513155489
Richmond Upon Thames,richmond upon thames,2014,Arson And Criminal Damage,1056,E09000027,Richmond upon Thames,richmond upon thames,193585,5.454968101867396,545.4968101867397
Richmond Upon Thames,richmond upon thames,2014,Burglary,2586,E09000027,Richmond upon Thames,richmond upon thames,193585,13.358473022186637,1335.8473022186638
Richmond Upon Thames,richmond upon thames,2014,Drug Offences,450,E09000027,Richmond upon Thames,richmond upon thames,193585,2.324560270682129,232.45602706821293
Richmond Upon Thames,richmond upon thames,2014,Fraud And Forgery,0,E09000027,Richmond upon Thames,richmond upon thames,193585,0.0,0.0
Richmond Upon Thames,richmond upon thames,2014,Miscellaneous Crimes Against Society,137,E09000027,Richmond upon Thames,richmond upon thames,193585,0.7076994601854483,70.76994601854483
Richmond Upon Thames,richmond upon thames,2014,Nfib Fraud,0,E09000027,Richmond upon Thames,richmond upon thames,193585,0.0,0.0
Richmond Upon Thames,richmond upon thames,2014,Possession Of Weapons,39,E09000027,Richmond upon Thames,richmond upon thames,193585,0.20146189012578455,20.146189012578454
Richmond Upon Thames,richmond upon thames,2014,Public Order Offences,446,E09000027,Richmond upon Thames,richmond upon thames,193585,2.30389751272051,230.38975127205103
Richmond Upon Thames,richmond upon thames,2014,Robbery,130,E09000027,Richmond upon Thames,richmond upon thames,193585,0.6715396337526152,67.15396337526151
Richmond Upon Thames,richmond upon thames,2014,Sexual Offences,191,E09000027,Richmond upon Thames,richmond upon thames,193585,0.9866466926673039,98.66466926673039
Richmond Upon Thames,richmond upon thames,2014,Theft,2868,E09000027,Richmond upon Thames,richmond upon thames,193585,14.815197458480771,1481.519745848077
Richmond Upon Thames,richmond upon thames,2014,Vehicle Offences,1574,E09000027,Richmond upon Thames,richmond upon thames,193585,8.130795257897047,813.0795257897047
Richmond Upon Thames,richmond upon thames,2014,Violence Against The Person,1967,E09000027,Richmond upon Thames,richmond upon thames,193585,10.160911227626107,1016.0911227626107
Richmond Upon Thames,richmond upon thames,2015,Arson And Criminal Damage,1045,E09000027,Richmond upon Thames,richmond upon thames,194730,5.366404765572844,536.6404765572845
Richmond Upon Thames,richmond upon thames,2015,Burglary,2220,E09000027,Richmond upon Thames,richmond upon thames,194730,11.400400554614082,1140.0400554614082
Richmond Upon Thames,richmond upon thames,2015,Drug Offences,399,E09000027,Richmond upon Thames,richmond upon thames,194730,2.0489909104914497,204.89909104914497
Richmond Upon Thames,richmond upon thames,2015,Fraud And Forgery,0,E09000027,Richmond upon Thames,richmond upon thames,194730,0.0,0.0
Richmond Upon Thames,richmond upon thames,2015,Miscellaneous Crimes Against Society,138,E09000027,Richmond upon Thames,richmond upon thames,194730,0.708673547989524,70.86735479895239
Richmond Upon Thames,richmond upon thames,2015,Nfib Fraud,0,E09000027,Richmond upon Thames,richmond upon thames,194730,0.0,0.0
Richmond Upon Thames,richmond upon thames,2015,Possession Of Weapons,26,E09000027,Richmond upon Thames,richmond upon thames,194730,0.13351820469367842,13.351820469367844
Richmond Upon Thames,richmond upon thames,2015,Public Order Offences,634,E09000027,Richmond upon Thames,richmond upon thames,194730,3.255790068299697,325.5790068299697
Richmond Upon Thames,richmond upon thames,2015,Robbery,149,E09000027,Richmond upon Thames,richmond upon thames,194730,0.7651620192060802,76.51620192060803
Richmond Upon Thames,richmond upon thames,2015,Sexual Offences,215,E09000027,Richmond upon Thames,richmond upon thames,194730,1.1040928465054176,110.40928465054178
Richmond Upon Thames,richmond upon thames,2015,Theft,2828,E09000027,Richmond upon Thames,richmond upon thames,194730,14.5226724182201,1452.26724182201
Richmond Upon Thames,richmond upon thames,2015,Vehicle Offences,1447,E09000027,Richmond upon Thames,richmond upon thames,194730,7.430801622759719,743.0801622759718
Richmond Upon Thames,richmond upon thames,2015,Violence Against The Person,2304,E09000027,Richmond upon Thames,richmond upon thames,194730,11.831767062085964,1183.1767062085964
Richmond Upon Thames,richmond upon thames,2016,Arson And Criminal Damage,1117,E09000027,Richmond upon Thames,richmond upon thames,195846,5.703460882530151,570.3460882530151
Richmond Upon Thames,richmond upon thames,2016,Burglary,2121,E09000027,Richmond upon Thames,richmond upon thames,195846,10.829937808277933,1082.9937808277932
Richmond Upon Thames,richmond upon thames,2016,Drug Offences,324,E09000027,Richmond upon Thames,richmond upon thames,195846,1.6543610796237862,165.4361079623786
Richmond Upon Thames,richmond upon thames,2016,Fraud And Forgery,0,E09000027,Richmond upon Thames,richmond upon thames,195846,0.0,0.0
Richmond Upon Thames,richmond upon thames,2016,Miscellaneous Crimes Against Society,166,E09000027,Richmond upon Thames,richmond upon thames,195846,0.8476047506714459,84.7604750671446
Richmond Upon Thames,richmond upon thames,2016,Nfib Fraud,0,E09000027,Richmond upon Thames,richmond upon thames,195846,0.0,0.0
Richmond Upon Thames,richmond upon thames,2016,Possession Of Weapons,40,E09000027,Richmond upon Thames,richmond upon thames,195846,0.20424210859552916,20.424210859552915
Richmond Upon Thames,richmond upon thames,2016,Public Order Offences,701,E09000027,Richmond upon Thames,richmond upon thames,195846,3.5793429531366483,357.93429531366485
Richmond Upon Thames,richmond upon thames,2016,Robbery,106,E09000027,Richmond upon Thames,richmond upon thames,195846,0.5412415877781522,54.124158777815225
Richmond Upon Thames,richmond upon thames,2016,Sexual Offences,265,E09000027,Richmond upon Thames,richmond upon thames,195846,1.3531039694453806,135.31039694453807
Richmond Upon Thames,richmond upon thames,2016,Theft,2938,E09000027,Richmond upon Thames,richmond upon thames,195846,15.001582876341615,1500.1582876341615
Richmond Upon Thames,richmond upon thames,2016,Vehicle Offences,1836,E09000027,Richmond upon Thames,richmond upon thames,195846,9.374712784534788,937.4712784534788
Richmond Upon Thames,richmond upon thames,2016,Violence Against The Person,2489,E09000027,Richmond upon Thames,richmond upon thames,195846,12.708965207356801,1270.89652073568
Richmond Upon Thames,richmond upon thames,2017,Arson And Criminal Damage,1122,E09000027,Richmond upon Thames,richmond upon thames,197988,5.667010121825565,566.7010121825565
Richmond Upon Thames,richmond upon thames,2017,Burglary,3310,E09000027,Richmond upon Thames,richmond upon thames,197988,16.718184940501445,1671.8184940501444
Richmond Upon Thames,richmond upon thames,2017,Drug Offences,380,E09000027,Richmond upon Thames,richmond upon thames,197988,1.919308240903489,191.9308240903489
Richmond Upon Thames,richmond upon thames,2017,Fraud And Forgery,0,E09000027,Richmond upon Thames,richmond upon thames,197988,0.0,0.0
Richmond Upon Thames,richmond upon thames,2017,Miscellaneous Crimes Against Society,157,E09000027,Richmond upon Thames,richmond upon thames,197988,0.7929773521627573,79.29773521627574
Richmond Upon Thames,richmond upon thames,2017,Nfib Fraud,0,E09000027,Richmond upon Thames,richmond upon thames,197988,0.0,0.0
Richmond Upon Thames,richmond upon thames,2017,Possession Of Weapons,67,E09000027,Richmond upon Thames,richmond upon thames,197988,0.3384043477382468,33.840434773824676
Richmond Upon Thames,richmond upon thames,2017,Public Order Offences,746,E09000027,Richmond upon Thames,richmond upon thames,197988,3.7679051255631655,376.79051255631657
Richmond Upon Thames,richmond upon thames,2017,Robbery,238,E09000027,Richmond upon Thames,richmond upon thames,197988,1.2020930561448169,120.20930561448169
Richmond Upon Thames,richmond upon thames,2017,Sexual Offences,329,E09000027,Richmond upon Thames,richmond upon thames,197988,1.6617168717295996,166.17168717295996
Richmond Upon Thames,richmond upon thames,2017,Theft,3163,E09000027,Richmond upon Thames,richmond upon thames,197988,15.975715699941412,1597.571569994141
Richmond Upon Thames,richmond upon thames,2017,Vehicle Offences,2324,E09000027,Richmond upon Thames,richmond upon thames,197988,11.738085136472916,1173.8085136472916
Richmond Upon Thames,richmond upon thames,2017,Violence Against The Person,2736,E09000027,Richmond upon Thames,richmond upon thames,197988,13.819019334505121,1381.9019334505122
Richmond Upon Thames,richmond upon thames,2018,Arson And Criminal Damage,1070,E09000027,Richmond upon Thames,richmond upon thames,199419,5.365587030323089,536.5587030323088
Richmond Upon Thames,richmond upon thames,2018,Burglary,3126,E09000027,Richmond upon Thames,richmond upon thames,199419,15.675537436252311,1567.5537436252312
Richmond Upon Thames,richmond upon thames,2018,Drug Offences,277,E09000027,Richmond upon Thames,richmond upon thames,199419,1.3890351471023323,138.90351471023322
Richmond Upon Thames,richmond upon thames,2018,Fraud And Forgery,0,E09000027,Richmond upon Thames,richmond upon thames,199419,0.0,0.0
Richmond Upon Thames,richmond upon thames,2018,Miscellaneous Crimes Against Society,119,E09000027,Richmond upon Thames,richmond upon thames,199419,0.5967335108490164,59.67335108490164
Richmond Upon Thames,richmond upon thames,2018,Nfib Fraud,0,E09000027,Richmond upon Thames,richmond upon thames,199419,0.0,0.0
Richmond Upon Thames,richmond upon thames,2018,Possession Of Weapons,72,E09000027,Richmond upon Thames,richmond upon thames,199419,0.36104884690024525,36.10488469002453
Richmond Upon Thames,richmond upon thames,2018,Public Order Offences,692,E09000027,Richmond upon Thames,richmond upon thames,199419,3.4700805840968014,347.00805840968013
Richmond Upon Thames,richmond upon thames,2018,Robbery,350,E09000027,Richmond upon Thames,richmond upon thames,199419,1.7550985613206365,175.50985613206365
Richmond Upon Thames,richmond upon thames,2018,Sexual Offences,266,E09000027,Richmond upon Thames,richmond upon thames,199419,1.3338749066036837,133.38749066036837
Richmond Upon Thames,richmond upon thames,2018,Theft,2957,E09000027,Richmond upon Thames,richmond upon thames,199419,14.828075559500348,1482.8075559500348
Richmond Upon Thames,richmond upon thames,2018,Vehicle Offences,2220,E09000027,Richmond upon Thames,richmond upon thames,199419,11.132339446090896,1113.2339446090896
Richmond Upon Thames,richmond upon thames,2018,Violence Against The Person,2894,E09000027,Richmond upon Thames,richmond upon thames,199419,14.512157818462635,1451.2157818462633
Richmond Upon Thames,richmond upon thames,2019,Arson And Criminal Damage,991,E09000027,Richmond upon Thames,richmond upon thames,200703,4.937644180704822,493.76441807048224
Richmond Upon Thames,richmond upon thames,2019,Burglary,2720,E09000027,Richmond upon Thames,richmond upon thames,200703,13.552363442499615,1355.2363442499616
Richmond Upon Thames,richmond upon thames,2019,Drug Offences,359,E09000027,Richmond upon Thames,richmond upon thames,200703,1.7887126749475593,178.87126749475593
Richmond Upon Thames,richmond upon thames,2019,Fraud And Forgery,0,E09000027,Richmond upon Thames,richmond upon thames,200703,0.0,0.0
Richmond Upon Thames,richmond upon thames,2019,Miscellaneous Crimes Against Society,121,E09000027,Richmond upon Thames,richmond upon thames,200703,0.6028808737288431,60.28808737288431
Richmond Upon Thames,richmond upon thames,2019,Nfib Fraud,0,E09000027,Richmond upon Thames,richmond upon thames,200703,0.0,0.0
Richmond Upon Thames,richmond upon thames,2019,Possession Of Weapons,58,E09000027,Richmond upon Thames,richmond upon thames,200703,0.28898422046506533,28.898422046506532
Richmond Upon Thames,richmond upon thames,2019,Public Order Offences,808,E09000027,Richmond upon Thames,richmond upon thames,200703,4.025849140271944,402.5849140271944
Richmond Upon Thames,richmond upon thames,2019,Robbery,414,E09000027,Richmond upon Thames,richmond upon thames,200703,2.062749435733397,206.27494357333973
Richmond Upon Thames,richmond upon thames,2019,Sexual Offences,275,E09000027,Richmond upon Thames,richmond upon thames,200703,1.370183803929189,137.01838039291889
Richmond Upon Thames,richmond upon thames,2019,Theft,2986,E09000027,Richmond upon Thames,richmond upon thames,200703,14.87770486739112,1487.7704867391121
Richmond Upon Thames,richmond upon thames,2019,Vehicle Offences,2324,E09000027,Richmond upon Thames,richmond upon thames,200703,11.579298764841582,1157.9298764841583
Richmond Upon Thames,richmond upon thames,2019,Violence Against The Person,2966,E09000027,Richmond upon Thames,richmond upon thames,200703,14.77805513619627,1477.805513619627
Richmond Upon Thames,richmond upon thames,2020,Arson And Criminal Damage,909,E09000027,Richmond upon Thames,richmond upon thames,201713,4.5064026612067645,450.6402661206764
Richmond Upon Thames,richmond upon thames,2020,Burglary,2350,E09000027,Richmond upon Thames,richmond upon thames,201713,11.650215900809567,1165.0215900809567
Richmond Upon Thames,richmond upon thames,2020,Drug Offences,617,E09000027,Richmond upon Thames,richmond upon thames,201713,3.0588013662976605,305.88013662976607
Richmond Upon Thames,richmond upon thames,2020,Fraud And Forgery,0,E09000027,Richmond upon Thames,richmond upon thames,201713,0.0,0.0
Richmond Upon Thames,richmond upon thames,2020,Miscellaneous Crimes Against Society,168,E09000027,Richmond upon Thames,richmond upon thames,201713,0.832866498440854,83.2866498440854
Richmond Upon Thames,richmond upon thames,2020,Nfib Fraud,0,E09000027,Richmond upon Thames,richmond upon thames,201713,0.0,0.0
Richmond Upon Thames,richmond upon thames,2020,Possession Of Weapons,49,E09000027,Richmond upon Thames,richmond upon thames,201713,0.24291939537858243,24.291939537858244
Richmond Upon Thames,richmond upon thames,2020,Public Order Offences,814,E09000027,Richmond upon Thames,richmond upon thames,201713,4.035436486493186,403.5436486493186
Richmond Upon Thames,richmond upon thames,2020,Robbery,226,E09000027,Richmond upon Thames,richmond upon thames,201713,1.1204037419501967,112.04037419501967
Richmond Upon Thames,richmond upon thames,2020,Sexual Offences,280,E09000027,Richmond upon Thames,richmond upon thames,201713,1.3881108307347567,138.8110830734757
Richmond Upon Thames,richmond upon thames,2020,Theft,2470,E09000027,Richmond upon Thames,richmond upon thames,201713,12.245120542553034,1224.5120542553034
Richmond Upon Thames,richmond upon thames,2020,Vehicle Offences,2249,E09000027,Richmond upon Thames,richmond upon thames,201713,11.149504494008815,1114.9504494008813
Richmond Upon Thames,richmond upon thames,2020,Violence Against The Person,2956,E09000027,Richmond upon Thames,richmond upon thames,201713,14.654484341614076,1465.4484341614077
Richmond Upon Thames,richmond upon thames,2021,Arson And Criminal Damage,917,E09000027,Richmond upon Thames,richmond upon thames,203312,4.510309278350515,451.0309278350515
Richmond Upon Thames,richmond upon thames,2021,Burglary,1808,E09000027,Richmond upon Thames,richmond upon thames,203312,8.892736287085858,889.2736287085859
Richmond Upon Thames,richmond upon thames,2021,Drug Offences,412,E09000027,Richmond upon Thames,richmond upon thames,203312,2.0264421185173522,202.64421185173524
Richmond Upon Thames,richmond upon thames,2021,Fraud And Forgery,0,E09000027,Richmond upon Thames,richmond upon thames,203312,0.0,0.0
Richmond Upon Thames,richmond upon thames,2021,Miscellaneous Crimes Against Society,126,E09000027,Richmond upon Thames,richmond upon thames,203312,0.6197371527504525,61.973715275045244
Richmond Upon Thames,richmond upon thames,2021,Nfib Fraud,0,E09000027,Richmond upon Thames,richmond upon thames,203312,0.0,0.0
Richmond Upon Thames,richmond upon thames,2021,Possession Of Weapons,52,E09000027,Richmond upon Thames,richmond upon thames,203312,0.2557645392303455,25.57645392303455
Richmond Upon Thames,richmond upon thames,2021,Public Order Offences,764,E09000027,Richmond upon Thames,richmond upon thames,203312,3.7577713071535372,375.77713071535374
Richmond Upon Thames,richmond upon thames,2021,Robbery,192,E09000027,Richmond upon Thames,richmond upon thames,203312,0.9443613756197371,94.43613756197371
Richmond Upon Thames,richmond upon thames,2021,Sexual Offences,327,E09000027,Richmond upon Thames,richmond upon thames,203312,1.6083654678523647,160.83654678523646
Richmond Upon Thames,richmond upon thames,2021,Theft,2448,E09000027,Richmond upon Thames,richmond upon thames,203312,12.04060753915165,1204.060753915165
Richmond Upon Thames,richmond upon thames,2021,Vehicle Offences,1717,E09000027,Richmond upon Thames,richmond upon thames,203312,8.445148343432754,844.5148343432754
Richmond Upon Thames,richmond upon thames,2021,Violence Against The Person,3007,E09000027,Richmond upon Thames,richmond upon thames,203312,14.790076335877863,1479.0076335877864
Richmond Upon Thames,richmond upon thames,2022,Arson And Criminal Damage,881,E09000027,Richmond upon Thames,richmond upon thames,205051,4.296492092211206,429.64920922112066
Richmond Upon Thames,richmond upon thames,2022,Burglary,1583,E09000027,Richmond upon Thames,richmond upon thames,205051,7.72003062652706,772.0030626527059
Richmond Upon Thames,richmond upon thames,2022,Drug Offences,333,E09000027,Richmond upon Thames,richmond upon thames,205051,1.6239862278164945,162.39862278164944
Richmond Upon Thames,richmond upon thames,2022,Fraud And Forgery,0,E09000027,Richmond upon Thames,richmond upon thames,205051,0.0,0.0
Richmond Upon Thames,richmond upon thames,2022,Miscellaneous Crimes Against Society,154,E09000027,Richmond upon Thames,richmond upon thames,205051,0.7510326699211416,75.10326699211416
Richmond Upon Thames,richmond upon thames,2022,Nfib Fraud,0,E09000027,Richmond upon Thames,richmond upon thames,205051,0.0,0.0
Richmond Upon Thames,richmond upon thames,2022,Possession Of Weapons,52,E09000027,Richmond upon Thames,richmond upon thames,205051,0.2535954469863595,25.35954469863595
Richmond Upon Thames,richmond upon thames,2022,Public Order Offences,757,E09000027,Richmond upon Thames,richmond upon thames,205051,3.691764487859118,369.17644878591176
Richmond Upon Thames,richmond upon thames,2022,Robbery,211,E09000027,Richmond upon Thames,richmond upon thames,205051,1.0290122945023432,102.90122945023433
Richmond Upon Thames,richmond upon thames,2022,Sexual Offences,305,E09000027,Richmond upon Thames,richmond upon thames,205051,1.4874348332853777,148.74348332853776
Richmond Upon Thames,richmond upon thames,2022,Theft,2748,E09000027,Richmond upon Thames,richmond upon thames,205051,13.401544006125304,1340.1544006125305
Richmond Upon Thames,richmond upon thames,2022,Vehicle Offences,2056,E09000027,Richmond upon Thames,richmond upon thames,205051,10.026773826999136,1002.6773826999137
Richmond Upon Thames,richmond upon thames,2022,Violence Against The Person,2992,E09000027,Richmond upon Thames,richmond upon thames,205051,14.591491872753608,1459.1491872753606
Richmond Upon Thames,richmond upon thames,2023,Arson And Criminal Damage,974,E09000027,Richmond upon Thames,richmond upon thames,206708,4.711960833639724,471.1960833639724
Richmond Upon Thames,richmond upon thames,2023,Burglary,1495,E09000027,Richmond upon Thames,richmond upon thames,206708,7.232424482845366,723.2424482845366
Richmond Upon Thames,richmond upon thames,2023,Drug Offences,313,E09000027,Richmond upon Thames,richmond upon thames,206708,1.514213286374983,151.4213286374983
Richmond Upon Thames,richmond upon thames,2023,Fraud And Forgery,0,E09000027,Richmond upon Thames,richmond upon thames,206708,0.0,0.0
Richmond Upon Thames,richmond upon thames,2023,Miscellaneous Crimes Against Society,135,E09000027,Richmond upon Thames,richmond upon thames,206708,0.65309518741413,65.309518741413
Richmond Upon Thames,richmond upon thames,2023,Nfib Fraud,0,E09000027,Richmond upon Thames,richmond upon thames,206708,0.0,0.0
Richmond Upon Thames,richmond upon thames,2023,Possession Of Weapons,48,E09000027,Richmond upon Thames,richmond upon thames,206708,0.23221162219169067,23.221162219169067
Richmond Upon Thames,richmond upon thames,2023,Public Order Offences,860,E09000027,Richmond upon Thames,richmond upon thames,206708,4.1604582309344575,416.0458230934458
Richmond Upon Thames,richmond upon thames,2023,Robbery,260,E09000027,Richmond upon Thames,richmond upon thames,206708,1.2578129535383245,125.78129535383246
Richmond Upon Thames,richmond upon thames,2023,Sexual Offences,277,E09000027,Richmond upon Thames,richmond upon thames,206708,1.3400545697312152,134.0054569731215
Richmond Upon Thames,richmond upon thames,2023,Theft,2990,E09000027,Richmond upon Thames,richmond upon thames,206708,14.464848965690733,1446.4848965690733
Richmond Upon Thames,richmond upon thames,2023,Vehicle Offences,1959,E09000027,Richmond upon Thames,richmond upon thames,206708,9.477136830698377,947.7136830698377
Richmond Upon Thames,richmond upon thames,2023,Violence Against The Person,2963,E09000027,Richmond upon Thames,richmond upon thames,206708,14.334229928207908,1433.4229928207906
Richmond Upon Thames,richmond upon thames,2024,Arson And Criminal Damage,953,E09000027,Richmond upon Thames,richmond upon thames,208321,4.574670820512574,457.4670820512574
Richmond Upon Thames,richmond upon thames,2024,Burglary,1012,E09000027,Richmond upon Thames,richmond upon thames,208321,4.8578875869451466,485.7887586945147
Richmond Upon Thames,richmond upon thames,2024,Drug Offences,544,E09000027,Richmond upon Thames,richmond upon thames,208321,2.6113545921918577,261.1354592191858
Richmond Upon Thames,richmond upon thames,2024,Fraud And Forgery,4,E09000027,Richmond upon Thames,richmond upon thames,208321,0.01920113670729307,1.920113670729307
Richmond Upon Thames,richmond upon thames,2024,Miscellaneous Crimes Against Society,127,E09000027,Richmond upon Thames,richmond upon thames,208321,0.609636090456555,60.9636090456555
Richmond Upon Thames,richmond upon thames,2024,Nfib Fraud,1,E09000027,Richmond upon Thames,richmond upon thames,208321,0.004800284176823267,0.48002841768232674
Richmond Upon Thames,richmond upon thames,2024,Possession Of Weapons,39,E09000027,Richmond upon Thames,richmond upon thames,208321,0.18721108289610744,18.721108289610743
Richmond Upon Thames,richmond upon thames,2024,Public Order Offences,778,E09000027,Richmond upon Thames,richmond upon thames,208321,3.7346210895685026,373.4621089568502
Richmond Upon Thames,richmond upon thames,2024,Robbery,298,E09000027,Richmond upon Thames,richmond upon thames,208321,1.430484684693334,143.0484684693334
Richmond Upon Thames,richmond upon thames,2024,Sexual Offences,339,E09000027,Richmond upon Thames,richmond upon thames,208321,1.6272963359430879,162.72963359430878
Richmond Upon Thames,richmond upon thames,2024,Theft,3253,E09000027,Richmond upon Thames,richmond upon thames,208321,15.61532442720609,1561.532442720609
Richmond Upon Thames,richmond upon thames,2024,Vehicle Offences,1819,E09000027,Richmond upon Thames,richmond upon thames,208321,8.731716917641524,873.1716917641525
Richmond Upon Thames,richmond upon thames,2024,Violence Against The Person,3012,E09000027,Richmond upon Thames,richmond upon thames,208321,14.458455940591683,1445.8455940591682
Richmond Upon Thames,richmond upon thames,2025,Arson And Criminal Damage,193,E09000027,Richmond upon Thames,richmond upon thames,209625,0.9206917113893859,92.06917113893859
Richmond Upon Thames,richmond upon thames,2025,Burglary,251,E09000027,Richmond upon Thames,richmond upon thames,209625,1.1973762671437091,119.7376267143709
Richmond Upon Thames,richmond upon thames,2025,Drug Offences,121,E09000027,Richmond upon Thames,richmond upon thames,209625,0.5772212283840191,57.72212283840191
Richmond Upon Thames,richmond upon thames,2025,Fraud And Forgery,0,E09000027,Richmond upon Thames,richmond upon thames,209625,0.0,0.0
Richmond Upon Thames,richmond upon thames,2025,Miscellaneous Crimes Against Society,27,E09000027,Richmond upon Thames,richmond upon thames,209625,0.1288014311270125,12.880143112701251
Richmond Upon Thames,richmond upon thames,2025,Nfib Fraud,0,E09000027,Richmond upon Thames,richmond upon thames,209625,0.0,0.0
Richmond Upon Thames,richmond upon thames,2025,Possession Of Weapons,7,E09000027,Richmond upon Thames,richmond upon thames,209625,0.033392963625521764,3.3392963625521768
Richmond Upon Thames,richmond upon thames,2025,Public Order Offences,177,E09000027,Richmond upon Thames,richmond upon thames,209625,0.8443649373881932,84.43649373881932
Richmond Upon Thames,richmond upon thames,2025,Robbery,62,E09000027,Richmond upon Thames,richmond upon thames,209625,0.2957662492546213,29.57662492546213
Richmond Upon Thames,richmond upon thames,2025,Sexual Offences,69,E09000027,Richmond upon Thames,richmond upon thames,209625,0.3291592128801431,32.91592128801431
Richmond Upon Thames,richmond upon thames,2025,Theft,715,E09000027,Richmond upon Thames,richmond upon thames,209625,3.4108527131782944,341.08527131782944
Richmond Upon Thames,richmond upon thames,2025,Vehicle Offences,422,E09000027,Richmond upon Thames,richmond upon thames,209625,2.0131186642814547,201.3118664281455
Richmond Upon Thames,richmond upon thames,2025,Violence Against The Person,661,E09000027,Richmond upon Thames,richmond upon thames,209625,3.15324985092427,315.32498509242697
Southwark,southwark,2010,Arson And Criminal Damage,2315,E09000028,Southwark,southwark,283777,8.157814058221772,815.7814058221772
Southwark,southwark,2010,Burglary,4852,E09000028,Southwark,southwark,283777,17.097932531530038,1709.793253153004
Southwark,southwark,2010,Drug Offences,3457,E09000028,Southwark,southwark,283777,12.182100734027072,1218.2100734027072
Southwark,southwark,2010,Fraud And Forgery,649,E09000028,Southwark,southwark,283777,2.287007051311417,228.70070513114172
Southwark,southwark,2010,Miscellaneous Crimes Against Society,297,E09000028,Southwark,southwark,283777,1.0465964472103095,104.65964472103094
Southwark,southwark,2010,Possession Of Weapons,248,E09000028,Southwark,southwark,283777,0.8739256528894167,87.39256528894167
Southwark,southwark,2010,Public Order Offences,789,E09000028,Southwark,southwark,283777,2.7803521779425395,278.0352177942539
Southwark,southwark,2010,Robbery,1647,E09000028,Southwark,southwark,283777,5.803853025438989,580.3853025438989
Southwark,southwark,2010,Sexual Offences,327,E09000028,Southwark,southwark,283777,1.1523132600598358,115.23132600598358
Southwark,southwark,2010,Theft,7258,E09000028,Southwark,southwark,283777,25.57642092206204,2557.642092206204
Southwark,southwark,2010,Vehicle Offences,2556,E09000028,Southwark,southwark,283777,9.007072454779633,900.7072454779634
Southwark,southwark,2010,Violence Against The Person,5140,E09000028,Southwark,southwark,283777,18.11281393488549,1811.281393488549
Southwark,southwark,2011,Arson And Criminal Damage,3085,E09000028,Southwark,southwark,289361,10.661422928452694,1066.1422928452694
Southwark,southwark,2011,Burglary,6804,E09000028,Southwark,southwark,289361,23.513880585151423,2351.3880585151423
Southwark,southwark,2011,Drug Offences,3472,E09000028,Southwark,southwark,289361,11.9988526442748,1199.88526442748
Southwark,southwark,2011,Fraud And Forgery,666,E09000028,Southwark,southwark,289361,2.301623231879901,230.16232318799007
Southwark,southwark,2011,Miscellaneous Crimes Against Society,368,E09000028,Southwark,southwark,289361,1.2717677917894947,127.17677917894947
Southwark,southwark,2011,Possession Of Weapons,234,E09000028,Southwark,southwark,289361,0.8086784328226678,80.86784328226679
Southwark,southwark,2011,Public Order Offences,845,E09000028,Southwark,southwark,289361,2.9202276740818562,292.02276740818564
Southwark,southwark,2011,Robbery,2347,E09000028,Southwark,southwark,289361,8.110975563396588,811.0975563396587
Southwark,southwark,2011,Sexual Offences,473,E09000028,Southwark,southwark,289361,1.634636319338128,163.4636319338128
Southwark,southwark,2011,Theft,10094,E09000028,Southwark,southwark,289361,34.88376111500858,3488.3761115008583
Southwark,southwark,2011,Vehicle Offences,3393,E09000028,Southwark,southwark,289361,11.725837275928685,1172.5837275928684
Southwark,southwark,2011,Violence Against The Person,5654,E09000028,Southwark,southwark,289361,19.53960623580925,1953.960623580925
Southwark,southwark,2012,Arson And Criminal Damage,2311,E09000028,Southwark,southwark,294174,7.855894810554298,785.5894810554298
Southwark,southwark,2012,Burglary,6546,E09000028,Southwark,southwark,294174,22.252136490648393,2225.213649064839
Southwark,southwark,2012,Drug Offences,2444,E09000028,Southwark,southwark,294174,8.308008185631634,830.8008185631634
Southwark,southwark,2012,Fraud And Forgery,938,E09000028,Southwark,southwark,294174,3.1885890663348904,318.858906633489
Southwark,southwark,2012,Miscellaneous Crimes Against Society,326,E09000028,Southwark,southwark,294174,1.1081876712421899,110.818767124219
Southwark,southwark,2012,Possession Of Weapons,236,E09000028,Southwark,southwark,294174,0.8022462896109105,80.22462896109106
Southwark,southwark,2012,Public Order Offences,991,E09000028,Southwark,southwark,294174,3.3687545466288658,336.87545466288657
Southwark,southwark,2012,Robbery,2487,E09000028,Southwark,southwark,294174,8.454180179077689,845.4180179077689
Southwark,southwark,2012,Sexual Offences,407,E09000028,Southwark,southwark,294174,1.3835349147103413,138.35349147103415
Southwark,southwark,2012,Theft,10409,E09000028,Southwark,southwark,294174,35.38382045999986,3538.382045999986
Southwark,southwark,2012,Vehicle Offences,2789,E09000028,Southwark,southwark,294174,9.48078348188487,948.078348188487
Southwark,southwark,2012,Violence Against The Person,5398,E09000028,Southwark,southwark,294174,18.34968420050718,1834.9684200507181
Southwark,southwark,2013,Arson And Criminal Damage,2310,E09000028,Southwark,southwark,299109,7.72293712325607,772.293712325607
Southwark,southwark,2013,Burglary,6922,E09000028,Southwark,southwark,299109,23.14206526717685,2314.206526717685
Southwark,southwark,2013,Drug Offences,2675,E09000028,Southwark,southwark,299109,8.943228053987008,894.3228053987009
Southwark,southwark,2013,Fraud And Forgery,105,E09000028,Southwark,southwark,299109,0.3510425965116396,35.10425965116396
Southwark,southwark,2013,Miscellaneous Crimes Against Society,307,E09000028,Southwark,southwark,299109,1.0263816869435556,102.63816869435557
Southwark,southwark,2013,Possession Of Weapons,194,E09000028,Southwark,southwark,299109,0.6485929878405531,64.85929878405531
Southwark,southwark,2013,Public Order Offences,1055,E09000028,Southwark,southwark,299109,3.5271422792359974,352.71422792359976
Southwark,southwark,2013,Robbery,2252,E09000028,Southwark,southwark,299109,7.529027879468688,752.9027879468689
Southwark,southwark,2013,Sexual Offences,425,E09000028,Southwark,southwark,299109,1.4208867001661603,142.08867001661602
Southwark,southwark,2013,Theft,10516,E09000028,Southwark,southwark,299109,35.157751856346685,3515.775185634668
Southwark,southwark,2013,Vehicle Offences,3109,E09000028,Southwark,southwark,299109,10.394204119568451,1039.420411956845
Southwark,southwark,2013,Violence Against The Person,5191,E09000028,Southwark,southwark,299109,17.354877318970676,1735.4877318970678
Southwark,southwark,2014,Arson And Criminal Damage,2405,E09000028,Southwark,southwark,303182,7.932528975994618,793.2528975994618
Southwark,southwark,2014,Burglary,5672,E09000028,Southwark,southwark,303182,18.70823465773034,1870.823465773034
Southwark,southwark,2014,Drug Offences,2730,E09000028,Southwark,southwark,303182,9.004492351129025,900.4492351129024
Southwark,southwark,2014,Fraud And Forgery,0,E09000028,Southwark,southwark,303182,0.0,0.0
Southwark,southwark,2014,Miscellaneous Crimes Against Society,298,E09000028,Southwark,southwark,303182,0.9829079562770878,98.29079562770877
Southwark,southwark,2014,Possession Of Weapons,189,E09000028,Southwark,southwark,303182,0.6233879320012402,62.338793200124016
Southwark,southwark,2014,Public Order Offences,1425,E09000028,Southwark,southwark,303182,4.700147106358557,470.01471063585564
Southwark,southwark,2014,Robbery,1270,E09000028,Southwark,southwark,303182,4.1889030351406085,418.8903035140608
Southwark,southwark,2014,Sexual Offences,532,E09000028,Southwark,southwark,303182,1.7547215863738612,175.47215863738612
Southwark,southwark,2014,Theft,8357,E09000028,Southwark,southwark,303182,27.56430131076383,2756.430131076383
Southwark,southwark,2014,Vehicle Offences,2997,E09000028,Southwark,southwark,303182,9.885151493162523,988.5151493162523
Southwark,southwark,2014,Violence Against The Person,6389,E09000028,Southwark,southwark,303182,21.07315078071917,2107.315078071917
Southwark,southwark,2015,Arson And Criminal Damage,2517,E09000028,Southwark,southwark,309545,8.13128947325914,813.1289473259138
Southwark,southwark,2015,Burglary,5984,E09000028,Southwark,southwark,309545,19.331599605873137,1933.159960587314
Southwark,southwark,2015,Drug Offences,2273,E09000028,Southwark,southwark,309545,7.343035746014311,734.3035746014311
Southwark,southwark,2015,Fraud And Forgery,0,E09000028,Southwark,southwark,309545,0.0,0.0
Southwark,southwark,2015,Miscellaneous Crimes Against Society,310,E09000028,Southwark,southwark,309545,1.001469899368428,100.14698993684279
Southwark,southwark,2015,Possession Of Weapons,230,E09000028,Southwark,southwark,309545,0.7430260543701239,74.30260543701239
Southwark,southwark,2015,Public Order Offences,1608,E09000028,Southwark,southwark,309545,5.194721284465909,519.4721284465909
Southwark,southwark,2015,Robbery,1220,E09000028,Southwark,southwark,309545,3.9412686362241356,394.12686362241357
Southwark,southwark,2015,Sexual Offences,642,E09000028,Southwark,southwark,309545,2.0740118561113894,207.40118561113894
Southwark,southwark,2015,Theft,8935,E09000028,Southwark,southwark,309545,28.864946938248075,2886.4946938248077
Southwark,southwark,2015,Vehicle Offences,2918,E09000028,Southwark,southwark,309545,9.426739246313137,942.6739246313136
Southwark,southwark,2015,Violence Against The Person,7241,E09000028,Southwark,southwark,309545,23.39239852040899,2339.2398520408988
Southwark,southwark,2016,Arson And Criminal Damage,2554,E09000028,Southwark,southwark,313867,8.137204612144634,813.7204612144634
Southwark,southwark,2016,Burglary,5894,E09000028,Southwark,southwark,313867,18.778654653085542,1877.8654653085543
Southwark,southwark,2016,Drug Offences,1866,E09000028,Southwark,southwark,313867,5.945193346226268,594.5193346226267
Southwark,southwark,2016,Fraud And Forgery,0,E09000028,Southwark,southwark,313867,0.0,0.0
Southwark,southwark,2016,Miscellaneous Crimes Against Society,342,E09000028,Southwark,southwark,313867,1.089633507186165,108.96335071861648
Southwark,southwark,2016,Possession Of Weapons,299,E09000028,Southwark,southwark,313867,0.952632803066267,95.2632803066267
Southwark,southwark,2016,Public Order Offences,1710,E09000028,Southwark,southwark,313867,5.448167535930824,544.8167535930825
Southwark,southwark,2016,Robbery,1317,E09000028,Southwark,southwark,313867,4.196044821532688,419.60448215326875
Southwark,southwark,2016,Sexual Offences,688,E09000028,Southwark,southwark,313867,2.1920112659183664,219.20112659183664
Southwark,southwark,2016,Theft,9451,E09000028,Southwark,southwark,313867,30.11148034039896,3011.1480340398957
Southwark,southwark,2016,Vehicle Offences,3517,E09000028,Southwark,southwark,313867,11.205383171853047,1120.5383171853048
Southwark,southwark,2016,Violence Against The Person,7685,E09000028,Southwark,southwark,313867,24.484893282823617,2448.4893282823614
Southwark,southwark,2017,Arson And Criminal Damage,2471,E09000028,Southwark,southwark,317735,7.776921019088234,777.6921019088234
Southwark,southwark,2017,Burglary,6654,E09000028,Southwark,southwark,317735,20.941979951846662,2094.1979951846665
Southwark,southwark,2017,Drug Offences,2140,E09000028,Southwark,southwark,317735,6.735172392087746,673.5172392087746
Southwark,southwark,2017,Fraud And Forgery,0,E09000028,Southwark,southwark,317735,0.0,0.0
Southwark,southwark,2017,Miscellaneous Crimes Against Society,348,E09000028,Southwark,southwark,317735,1.0952523329189419,109.52523329189418
Southwark,southwark,2017,Possession Of Weapons,445,E09000028,Southwark,southwark,317735,1.4005381843360032,140.05381843360033
Southwark,southwark,2017,Public Order Offences,1850,E09000028,Southwark,southwark,317735,5.822462114655295,582.2462114655294
Southwark,southwark,2017,Robbery,1793,E09000028,Southwark,southwark,317735,5.643067335987537,564.3067335987537
Southwark,southwark,2017,Sexual Offences,789,E09000028,Southwark,southwark,317735,2.4832014099800146,248.32014099800148
Southwark,southwark,2017,Theft,10018,E09000028,Southwark,southwark,317735,31.529419170063104,3152.9419170063106
Southwark,southwark,2017,Vehicle Offences,2861,E09000028,Southwark,southwark,317735,9.004358978393945,900.4358978393944
Southwark,southwark,2017,Violence Against The Person,7668,E09000028,Southwark,southwark,317735,24.133318646041513,2413.331864604151
Southwark,southwark,2018,Arson And Criminal Damage,2306,E09000028,Southwark,southwark,322302,7.154780299222469,715.4780299222468
Southwark,southwark,2018,Burglary,6094,E09000028,Southwark,southwark,322302,18.907732499332923,1890.7732499332922
Southwark,southwark,2018,Drug Offences,1928,E09000028,Southwark,southwark,322302,5.981967223287476,598.1967223287476
Southwark,southwark,2018,Fraud And Forgery,0,E09000028,Southwark,southwark,322302,0.0,0.0
Southwark,southwark,2018,Miscellaneous Crimes Against Society,381,E09000028,Southwark,southwark,322302,1.182121116220191,118.2121116220191
Southwark,southwark,2018,Possession Of Weapons,464,E09000028,Southwark,southwark,322302,1.4396435641106788,143.96435641106788
Southwark,southwark,2018,Public Order Offences,1855,E09000028,Southwark,southwark,322302,5.755471576347649,575.5471576347649
Southwark,southwark,2018,Robbery,1780,E09000028,Southwark,southwark,322302,5.52277056921769,552.277056921769
Southwark,southwark,2018,Sexual Offences,848,E09000028,Southwark,southwark,322302,2.6310727206160682,263.1072720616068
Southwark,southwark,2018,Theft,10320,E09000028,Southwark,southwark,322302,32.01965858108234,3201.965858108234
Southwark,southwark,2018,Vehicle Offences,3812,E09000028,Southwark,southwark,322302,11.827416522392042,1182.741652239204
Southwark,southwark,2018,Violence Against The Person,8575,E09000028,Southwark,southwark,322302,26.60548181519196,2660.548181519196
Southwark,southwark,2019,Arson And Criminal Damage,2115,E09000028,Southwark,southwark,327271,6.462534107818902,646.2534107818902
Southwark,southwark,2019,Burglary,6510,E09000028,Southwark,southwark,327271,19.89177165101705,1989.1771651017048
Southwark,southwark,2019,Drug Offences,2647,E09000028,Southwark,southwark,327271,8.088098242740726,808.8098242740725
Southwark,southwark,2019,Fraud And Forgery,0,E09000028,Southwark,southwark,327271,0.0,0.0
Southwark,southwark,2019,Miscellaneous Crimes Against Society,397,E09000028,Southwark,southwark,327271,1.2130619578269997,121.30619578269997
Southwark,southwark,2019,Possession Of Weapons,377,E09000028,Southwark,southwark,327271,1.151950524183322,115.19505241833221
Southwark,southwark,2019,Public Order Offences,2032,E09000028,Southwark,southwark,327271,6.2089216581976405,620.892165819764
Southwark,southwark,2019,Robbery,2424,E09000028,Southwark,southwark,327271,7.406705757613721,740.670575761372
Southwark,southwark,2019,Sexual Offences,751,E09000028,Southwark,southwark,327271,2.2947343333200925,229.47343333200925
Southwark,southwark,2019,Theft,12571,E09000028,Southwark,southwark,327271,38.41159161673353,3841.1591616733535
Southwark,southwark,2019,Vehicle Offences,3892,E09000028,Southwark,southwark,327271,11.892284987059654,1189.2284987059654
Southwark,southwark,2019,Violence Against The Person,8838,E09000028,Southwark,southwark,327271,27.005142527141114,2700.5142527141115
Southwark,southwark,2020,Arson And Criminal Damage,1916,E09000028,Southwark,southwark,330290,5.800962790275213,580.0962790275213
Southwark,southwark,2020,Burglary,5020,E09000028,Southwark,southwark,330290,15.198764721911049,1519.8764721911048
Southwark,southwark,2020,Drug Offences,2309,E09000028,Southwark,southwark,330290,6.990826243604105,699.0826243604105
Southwark,southwark,2020,Fraud And Forgery,0,E09000028,Southwark,southwark,330290,0.0,0.0
Southwark,southwark,2020,Miscellaneous Crimes Against Society,358,E09000028,Southwark,southwark,330290,1.083895970207999,108.38959702079991
Southwark,southwark,2020,Possession Of Weapons,337,E09000028,Southwark,southwark,330290,1.0203154803354628,102.03154803354627
Southwark,southwark,2020,Public Order Offences,2041,E09000028,Southwark,southwark,330290,6.179418087135548,617.9418087135548
Southwark,southwark,2020,Robbery,1485,E09000028,Southwark,southwark,330290,4.496048926700778,449.60489267007785
Southwark,southwark,2020,Sexual Offences,729,E09000028,Southwark,southwark,330290,2.207151291289473,220.7151291289473
Southwark,southwark,2020,Theft,8237,E09000028,Southwark,southwark,330290,24.938690241908624,2493.8690241908625
Southwark,southwark,2020,Vehicle Offences,3366,E09000028,Southwark,southwark,330290,10.191044233855097,1019.1044233855097
Southwark,southwark,2020,Violence Against The Person,8129,E09000028,Southwark,southwark,330290,24.611704865421295,2461.1704865421293
Southwark,southwark,2021,Arson And Criminal Damage,1864,E09000028,Southwark,southwark,332679,5.602998686421445,560.2998686421446
Southwark,southwark,2021,Burglary,4722,E09000028,Southwark,southwark,332679,14.193862552189948,1419.3862552189948
Southwark,southwark,2021,Drug Offences,2196,E09000028,Southwark,southwark,332679,6.600957679925694,660.0957679925694
Southwark,southwark,2021,Fraud And Forgery,0,E09000028,Southwark,southwark,332679,0.0,0.0
Southwark,southwark,2021,Miscellaneous Crimes Against Society,360,E09000028,Southwark,southwark,332679,1.0821242098238844,108.21242098238842
Southwark,southwark,2021,Possession Of Weapons,299,E09000028,Southwark,southwark,332679,0.8987642742703927,89.87642742703927
Southwark,southwark,2021,Public Order Offences,2095,E09000028,Southwark,southwark,332679,6.297361721058437,629.7361721058437
Southwark,southwark,2021,Robbery,1074,E09000028,Southwark,southwark,332679,3.228337225974588,322.8337225974588
Southwark,southwark,2021,Sexual Offences,867,E09000028,Southwark,southwark,332679,2.6061158053258544,260.61158053258544
Southwark,southwark,2021,Theft,8887,E09000028,Southwark,southwark,332679,26.71343847973572,2671.3438479735723
Southwark,southwark,2021,Vehicle Offences,2800,E09000028,Southwark,southwark,332679,8.416521631963544,841.6521631963544
Southwark,southwark,2021,Violence Against The Person,8266,E09000028,Southwark,southwark,332679,24.84677421778952,2484.677421778952
Southwark,southwark,2022,Arson And Criminal Damage,1942,E09000028,Southwark,southwark,334826,5.800027476958181,580.0027476958181
Southwark,southwark,2022,Burglary,5010,E09000028,Southwark,southwark,334826,14.962995705231972,1496.2995705231972
Southwark,southwark,2022,Drug Offences,1708,E09000028,Southwark,southwark,334826,5.101157018869503,510.11570188695026
Southwark,southwark,2022,Fraud And Forgery,0,E09000028,Southwark,southwark,334826,0.0,0.0
Southwark,southwark,2022,Miscellaneous Crimes Against Society,333,E09000028,Southwark,southwark,334826,0.9945464211261968,99.45464211261968
Southwark,southwark,2022,Possession Of Weapons,263,E09000028,Southwark,southwark,334826,0.7854826088774468,78.54826088774469
Southwark,southwark,2022,Public Order Offences,1969,E09000028,Southwark,southwark,334826,5.8806663759684135,588.0666375968414
Southwark,southwark,2022,Robbery,1658,E09000028,Southwark,southwark,334826,4.95182572440611,495.18257244061095
Southwark,southwark,2022,Sexual Offences,934,E09000028,Southwark,southwark,334826,2.78950858057618,278.950858057618
Southwark,southwark,2022,Theft,11635,E09000028,Southwark,southwark,334826,34.74939222163154,3474.9392221631538
Southwark,southwark,2022,Vehicle Offences,2680,E09000028,Southwark,southwark,334826,8.00415738323786,800.4157383237862
Southwark,southwark,2022,Violence Against The Person,8154,E09000028,Southwark,southwark,334826,24.352947501090117,2435.2947501090116
Southwark,southwark,2023,Arson And Criminal Damage,2174,E09000028,Southwark,southwark,336554,6.4595874659044314,645.9587465904432
Southwark,southwark,2023,Burglary,3136,E09000028,Southwark,southwark,336554,9.317969776024057,931.7969776024056
Southwark,southwark,2023,Drug Offences,1462,E09000028,Southwark,southwark,336554,4.34402800144999,434.402800144999
Southwark,southwark,2023,Fraud And Forgery,0,E09000028,Southwark,southwark,336554,0.0,0.0
Southwark,southwark,2023,Miscellaneous Crimes Against Society,287,E09000028,Southwark,southwark,336554,0.8527606268236301,85.276062682363
Southwark,southwark,2023,Possession Of Weapons,276,E09000028,Southwark,southwark,336554,0.820076421614362,82.0076421614362
Southwark,southwark,2023,Public Order Offences,2030,E09000028,Southwark,southwark,336554,6.031721506801286,603.1721506801287
Southwark,southwark,2023,Robbery,1969,E09000028,Southwark,southwark,336554,5.850472732458981,585.0472732458982
Southwark,southwark,2023,Sexual Offences,932,E09000028,Southwark,southwark,336554,2.7692435686398023,276.9243568639802
Southwark,southwark,2023,Theft,13929,E09000028,Southwark,southwark,336554,41.387117669081334,4138.7117669081335
Southwark,southwark,2023,Vehicle Offences,2652,E09000028,Southwark,southwark,336554,7.879864746816262,787.9864746816262
Southwark,southwark,2023,Violence Against The Person,8901,E09000028,Southwark,southwark,336554,26.447464597063178,2644.7464597063176
Southwark,southwark,2024,Arson And Criminal Damage,1998,E09000028,Southwark,southwark,339444,5.886096086541521,588.6096086541521
Southwark,southwark,2024,Burglary,2391,E09000028,Southwark,southwark,339444,7.043871743203591,704.3871743203591
Southwark,southwark,2024,Drug Offences,1556,E09000028,Southwark,southwark,339444,4.583966722051355,458.3966722051355
Southwark,southwark,2024,Fraud And Forgery,5,E09000028,Southwark,southwark,339444,0.014729970186540342,1.4729970186540342
Southwark,southwark,2024,Miscellaneous Crimes Against Society,274,E09000028,Southwark,southwark,339444,0.8072023662224107,80.72023662224107
Southwark,southwark,2024,Possession Of Weapons,254,E09000028,Southwark,southwark,339444,0.7482824854762494,74.82824854762494
Southwark,southwark,2024,Public Order Offences,1972,E09000028,Southwark,southwark,339444,5.809500241571511,580.9500241571511
Southwark,southwark,2024,Robbery,2096,E09000028,Southwark,southwark,339444,6.174803502197712,617.4803502197711
Southwark,southwark,2024,Sexual Offences,1061,E09000028,Southwark,southwark,339444,3.1256996735838607,312.56996735838607
Southwark,southwark,2024,Theft,17097,E09000028,Southwark,southwark,339444,50.36766005585604,5036.766005585604
Southwark,southwark,2024,Vehicle Offences,2853,E09000028,Southwark,southwark,339444,8.40492098843992,840.492098843992
Southwark,southwark,2024,Violence Against The Person,8229,E09000028,Southwark,southwark,339444,24.242584933008096,2424.2584933008097
Southwark,southwark,2025,Arson And Criminal Damage,496,E09000028,Southwark,southwark,343402,1.444371319910775,144.4371319910775
Southwark,southwark,2025,Burglary,664,E09000028,Southwark,southwark,343402,1.9335938637515215,193.35938637515216
Southwark,southwark,2025,Drug Offences,541,E09000028,Southwark,southwark,343402,1.5754130727252609,157.54130727252607
Southwark,southwark,2025,Fraud And Forgery,0,E09000028,Southwark,southwark,343402,0.0,0.0
Southwark,southwark,2025,Miscellaneous Crimes Against Society,79,E09000028,Southwark,southwark,343402,0.23005107716320813,23.005107716320815
Southwark,southwark,2025,Possession Of Weapons,43,E09000028,Southwark,southwark,343402,0.12521767491161961,12.521767491161963
Southwark,southwark,2025,Public Order Offences,449,E09000028,Southwark,southwark,343402,1.3075054891934235,130.75054891934235
Southwark,southwark,2025,Robbery,466,E09000028,Southwark,southwark,343402,1.3570101513677848,135.70101513677847
Southwark,southwark,2025,Sexual Offences,265,E09000028,Southwark,southwark,343402,0.7716903221297488,77.16903221297488
Southwark,southwark,2025,Theft,3655,E09000028,Southwark,southwark,343402,10.643502367487669,1064.3502367487667
Southwark,southwark,2025,Vehicle Offences,638,E09000028,Southwark,southwark,343402,1.857880851014263,185.7880851014263
Southwark,southwark,2025,Violence Against The Person,2125,E09000028,Southwark,southwark,343402,6.188082771795155,618.8082771795156
Sutton,sutton,2010,Arson And Criminal Damage,1407,E09000029,Sutton,sutton,189321,7.431822143343845,743.1822143343845
Sutton,sutton,2010,Burglary,1735,E09000029,Sutton,sutton,189321,9.164329366525637,916.4329366525636
Sutton,sutton,2010,Drug Offences,411,E09000029,Sutton,sutton,189321,2.1709160631942575,217.09160631942572
Sutton,sutton,2010,Fraud And Forgery,97,E09000029,Sutton,sutton,189321,0.5123573190507128,51.235731905071276
Sutton,sutton,2010,Miscellaneous Crimes Against Society,69,E09000029,Sutton,sutton,189321,0.3644603609742184,36.44603609742184
Sutton,sutton,2010,Possession Of Weapons,50,E09000029,Sutton,sutton,189321,0.2641017108508829,26.41017108508829
Sutton,sutton,2010,Public Order Offences,123,E09000029,Sutton,sutton,189321,0.6496902086931718,64.96902086931719
Sutton,sutton,2010,Robbery,205,E09000029,Sutton,sutton,189321,1.08281701448862,108.281701448862
Sutton,sutton,2010,Sexual Offences,112,E09000029,Sutton,sutton,189321,0.5915878323059777,59.15878323059777
Sutton,sutton,2010,Theft,2422,E09000029,Sutton,sutton,189321,12.793086873616767,1279.3086873616767
Sutton,sutton,2010,Vehicle Offences,1698,E09000029,Sutton,sutton,189321,8.968894100495984,896.8894100495983
Sutton,sutton,2010,Violence Against The Person,1504,E09000029,Sutton,sutton,189321,7.944179462394557,794.4179462394558
Sutton,sutton,2011,Arson And Criminal Damage,1533,E09000029,Sutton,sutton,191515,8.004594940344099,800.4594940344098
Sutton,sutton,2011,Burglary,2339,E09000029,Sutton,sutton,191515,12.213142573688746,1221.3142573688745
Sutton,sutton,2011,Drug Offences,552,E09000029,Sutton,sutton,191515,2.8822807612980705,288.22807612980705
Sutton,sutton,2011,Fraud And Forgery,167,E09000029,Sutton,sutton,191515,0.8719943607550322,87.19943607550323
Sutton,sutton,2011,Miscellaneous Crimes Against Society,120,E09000029,Sutton,sutton,191515,0.6265827741952328,62.65827741952327
Sutton,sutton,2011,Possession Of Weapons,73,E09000029,Sutton,sutton,191515,0.3811711876354333,38.117118763543324
Sutton,sutton,2011,Public Order Offences,149,E09000029,Sutton,sutton,191515,0.7780069446257474,77.80069446257474
Sutton,sutton,2011,Robbery,285,E09000029,Sutton,sutton,191515,1.4881340887136778,148.81340887136778
Sutton,sutton,2011,Sexual Offences,193,E09000029,Sutton,sutton,191515,1.0077539618306661,100.7753961830666
Sutton,sutton,2011,Theft,3140,E09000029,Sutton,sutton,191515,16.395582591441922,1639.558259144192
Sutton,sutton,2011,Vehicle Offences,1694,E09000029,Sutton,sutton,191515,8.845260162389367,884.5260162389368
Sutton,sutton,2011,Violence Against The Person,2072,E09000029,Sutton,sutton,191515,10.818995901104353,1081.8995901104352
Sutton,sutton,2012,Arson And Criminal Damage,1321,E09000029,Sutton,sutton,194022,6.808506251868344,680.8506251868345
Sutton,sutton,2012,Burglary,2403,E09000029,Sutton,sutton,194022,12.385193431672697,1238.5193431672697
Sutton,sutton,2012,Drug Offences,555,E09000029,Sutton,sutton,194022,2.860500355629774,286.0500355629774
Sutton,sutton,2012,Fraud And Forgery,283,E09000029,Sutton,sutton,194022,1.4585974786364433,145.85974786364432
Sutton,sutton,2012,Miscellaneous Crimes Against Society,104,E09000029,Sutton,sutton,194022,0.5360216882621558,53.60216882621558
Sutton,sutton,2012,Possession Of Weapons,53,E09000029,Sutton,sutton,194022,0.27316489882590633,27.316489882590634
Sutton,sutton,2012,Public Order Offences,352,E09000029,Sutton,sutton,194022,1.8142272525796044,181.42272525796045
Sutton,sutton,2012,Robbery,297,E09000029,Sutton,sutton,194022,1.5307542443640412,153.07542443640412
Sutton,sutton,2012,Sexual Offences,173,E09000029,Sutton,sutton,194022,0.8916514622053169,89.1651462205317
Sutton,sutton,2012,Theft,2652,E09000029,Sutton,sutton,194022,13.668553050684974,1366.8553050684973
Sutton,sutton,2012,Vehicle Offences,1694,E09000029,Sutton,sutton,194022,8.730968653039346,873.0968653039346
Sutton,sutton,2012,Violence Against The Person,2295,E09000029,Sutton,sutton,194022,11.828555524631227,1182.8555524631226
Sutton,sutton,2013,Arson And Criminal Damage,1195,E09000029,Sutton,sutton,196306,6.087434923028334,608.7434923028334
Sutton,sutton,2013,Burglary,2209,E09000029,Sutton,sutton,196306,11.252839953949445,1125.2839953949447
Sutton,sutton,2013,Drug Offences,478,E09000029,Sutton,sutton,196306,2.4349739692113332,243.49739692113332
Sutton,sutton,2013,Fraud And Forgery,24,E09000029,Sutton,sutton,196306,0.1222581072407364,12.22581072407364
Sutton,sutton,2013,Miscellaneous Crimes Against Society,87,E09000029,Sutton,sutton,196306,0.4431856387476695,44.318563874766944
Sutton,sutton,2013,Possession Of Weapons,51,E09000029,Sutton,sutton,196306,0.25979847788656485,25.979847788656485
Sutton,sutton,2013,Public Order Offences,364,E09000029,Sutton,sutton,196306,1.8542479598178354,185.42479598178355
Sutton,sutton,2013,Robbery,240,E09000029,Sutton,sutton,196306,1.222581072407364,122.25810724073641
Sutton,sutton,2013,Sexual Offences,194,E09000029,Sutton,sutton,196306,0.9882530335292858,98.82530335292859
Sutton,sutton,2013,Theft,2496,E09000029,Sutton,sutton,196306,12.714843153036584,1271.4843153036586
Sutton,sutton,2013,Vehicle Offences,1659,E09000029,Sutton,sutton,196306,8.451091663015903,845.1091663015903
Sutton,sutton,2013,Violence Against The Person,2014,E09000029,Sutton,sutton,196306,10.259492832618463,1025.9492832618462
Sutton,sutton,2014,Arson And Criminal Damage,1223,E09000029,Sutton,sutton,198526,6.160402163948299,616.0402163948299
Sutton,sutton,2014,Burglary,2201,E09000029,Sutton,sutton,198526,11.086709045666563,1108.6709045666562
Sutton,sutton,2014,Drug Offences,455,E09000029,Sutton,sutton,198526,2.2918912384272083,229.18912384272085
Sutton,sutton,2014,Fraud And Forgery,0,E09000029,Sutton,sutton,198526,0.0,0.0
Sutton,sutton,2014,Miscellaneous Crimes Against Society,96,E09000029,Sutton,sutton,198526,0.48356386569013626,48.35638656901363
Sutton,sutton,2014,Possession Of Weapons,50,E09000029,Sutton,sutton,198526,0.251856180046946,25.1856180046946
Sutton,sutton,2014,Public Order Offences,513,E09000029,Sutton,sutton,198526,2.584044407281666,258.4044407281666
Sutton,sutton,2014,Robbery,198,E09000029,Sutton,sutton,198526,0.9973504729859062,99.73504729859063
Sutton,sutton,2014,Sexual Offences,231,E09000029,Sutton,sutton,198526,1.1635755518168904,116.35755518168904
Sutton,sutton,2014,Theft,2456,E09000029,Sutton,sutton,198526,12.371175563905988,1237.1175563905988
Sutton,sutton,2014,Vehicle Offences,1402,E09000029,Sutton,sutton,198526,7.062047288516365,706.2047288516366
Sutton,sutton,2014,Violence Against The Person,2611,E09000029,Sutton,sutton,198526,13.151929722051518,1315.1929722051518
Sutton,sutton,2015,Arson And Criminal Damage,1285,E09000029,Sutton,sutton,200537,6.407795070236416,640.7795070236416
Sutton,sutton,2015,Burglary,1910,E09000029,Sutton,sutton,200537,9.524426913736617,952.4426913736617
Sutton,sutton,2015,Drug Offences,500,E09000029,Sutton,sutton,200537,2.4933054748001617,249.33054748001618
Sutton,sutton,2015,Fraud And Forgery,0,E09000029,Sutton,sutton,200537,0.0,0.0
Sutton,sutton,2015,Miscellaneous Crimes Against Society,132,E09000029,Sutton,sutton,200537,0.6582326453472427,65.82326453472427
Sutton,sutton,2015,Possession Of Weapons,60,E09000029,Sutton,sutton,200537,0.2991966569760194,29.91966569760194
Sutton,sutton,2015,Public Order Offences,589,E09000029,Sutton,sutton,200537,2.9371138493145903,293.711384931459
Sutton,sutton,2015,Robbery,163,E09000029,Sutton,sutton,200537,0.8128175847848527,81.28175847848527
Sutton,sutton,2015,Sexual Offences,211,E09000029,Sutton,sutton,200537,1.0521749103656681,105.21749103656681
Sutton,sutton,2015,Theft,2276,E09000029,Sutton,sutton,200537,11.349526521290336,1134.9526521290336
Sutton,sutton,2015,Vehicle Offences,1188,E09000029,Sutton,sutton,200537,5.924093808125184,592.4093808125184
Sutton,sutton,2015,Violence Against The Person,3115,E09000029,Sutton,sutton,200537,15.533293108005006,1553.3293108005007
Sutton,sutton,2016,Arson And Criminal Damage,1290,E09000029,Sutton,sutton,202612,6.3668489526780245,636.6848952678025
Sutton,sutton,2016,Burglary,1976,E09000029,Sutton,sutton,202612,9.752630643792076,975.2630643792075
Sutton,sutton,2016,Drug Offences,476,E09000029,Sutton,sutton,202612,2.3493179081199536,234.93179081199534
Sutton,sutton,2016,Fraud And Forgery,0,E09000029,Sutton,sutton,202612,0.0,0.0
Sutton,sutton,2016,Miscellaneous Crimes Against Society,165,E09000029,Sutton,sutton,202612,0.8143644009239334,81.43644009239334
Sutton,sutton,2016,Possession Of Weapons,69,E09000029,Sutton,sutton,202612,0.3405523858409176,34.05523858409176
Sutton,sutton,2016,Public Order Offences,642,E09000029,Sutton,sutton,202612,3.168617850867668,316.8617850867668
Sutton,sutton,2016,Robbery,165,E09000029,Sutton,sutton,202612,0.8143644009239334,81.43644009239334
Sutton,sutton,2016,Sexual Offences,286,E09000029,Sutton,sutton,202612,1.4115649616014845,141.15649616014846
Sutton,sutton,2016,Theft,2219,E09000029,Sutton,sutton,202612,10.951967306970959,1095.196730697096
Sutton,sutton,2016,Vehicle Offences,1308,E09000029,Sutton,sutton,202612,6.45568870550609,645.5688705506091
Sutton,sutton,2016,Violence Against The Person,3093,E09000029,Sutton,sutton,202612,15.265630860955916,1526.5630860955916
Sutton,sutton,2017,Arson And Criminal Damage,1211,E09000029,Sutton,sutton,204933,5.909248388497704,590.9248388497705
Sutton,sutton,2017,Burglary,1990,E09000029,Sutton,sutton,204933,9.71049074575593,971.049074575593
Sutton,sutton,2017,Drug Offences,408,E09000029,Sutton,sutton,204933,1.9908945850595074,199.08945850595074
Sutton,sutton,2017,Fraud And Forgery,0,E09000029,Sutton,sutton,204933,0.0,0.0
Sutton,sutton,2017,Miscellaneous Crimes Against Society,180,E09000029,Sutton,sutton,204933,0.8783358463497827,87.83358463497827
Sutton,sutton,2017,Possession Of Weapons,79,E09000029,Sutton,sutton,204933,0.3854918436757379,38.54918436757379
Sutton,sutton,2017,Public Order Offences,763,E09000029,Sutton,sutton,204933,3.7231680598049115,372.31680598049115
Sutton,sutton,2017,Robbery,265,E09000029,Sutton,sutton,204933,1.2931055515705134,129.31055515705134
Sutton,sutton,2017,Sexual Offences,347,E09000029,Sutton,sutton,204933,1.6932363260187477,169.32363260187478
Sutton,sutton,2017,Theft,2355,E09000029,Sutton,sutton,204933,11.491560656409655,1149.1560656409656
Sutton,sutton,2017,Vehicle Offences,1752,E09000029,Sutton,sutton,204933,8.549135571137885,854.9135571137884
Sutton,sutton,2017,Violence Against The Person,3491,E09000029,Sutton,sutton,204933,17.03483577559495,1703.4835775594952
Sutton,sutton,2018,Arson And Criminal Damage,1159,E09000029,Sutton,sutton,207378,5.588828130274186,558.8828130274185
Sutton,sutton,2018,Burglary,2143,E09000029,Sutton,sutton,207378,10.33378661188747,1033.378661188747
Sutton,sutton,2018,Drug Offences,353,E09000029,Sutton,sutton,207378,1.7022056341559857,170.22056341559858
Sutton,sutton,2018,Fraud And Forgery,0,E09000029,Sutton,sutton,207378,0.0,0.0
Sutton,sutton,2018,Miscellaneous Crimes Against Society,169,E09000029,Sutton,sutton,207378,0.8149369749925258,81.49369749925258
Sutton,sutton,2018,Possession Of Weapons,111,E09000029,Sutton,sutton,207378,0.5352544628649134,53.52544628649134
Sutton,sutton,2018,Public Order Offences,766,E09000029,Sutton,sutton,207378,3.6937380049957085,369.37380049957085
Sutton,sutton,2018,Robbery,321,E09000029,Sutton,sutton,207378,1.5478980412579928,154.78980412579926
Sutton,sutton,2018,Sexual Offences,273,E09000029,Sutton,sutton,207378,1.3164366519110031,131.6436651911003
Sutton,sutton,2018,Theft,2368,E09000029,Sutton,sutton,207378,11.418761874451485,1141.8761874451484
Sutton,sutton,2018,Vehicle Offences,1753,E09000029,Sutton,sutton,207378,8.453162823443181,845.3162823443182
Sutton,sutton,2018,Violence Against The Person,3597,E09000029,Sutton,sutton,207378,17.34513786419003,1734.5137864190028
Sutton,sutton,2019,Arson And Criminal Damage,1135,E09000029,Sutton,sutton,209666,5.4133717436303455,541.3371743630346
Sutton,sutton,2019,Burglary,2512,E09000029,Sutton,sutton,209666,11.980960193832095,1198.0960193832095
Sutton,sutton,2019,Drug Offences,572,E09000029,Sutton,sutton,209666,2.7281485791687734,272.8148579168773
Sutton,sutton,2019,Fraud And Forgery,0,E09000029,Sutton,sutton,209666,0.0,0.0
Sutton,sutton,2019,Miscellaneous Crimes Against Society,176,E09000029,Sutton,sutton,209666,0.8394303320519302,83.94303320519302
Sutton,sutton,2019,Possession Of Weapons,100,E09000029,Sutton,sutton,209666,0.47694905230223306,47.694905230223306
Sutton,sutton,2019,Public Order Offences,926,E09000029,Sutton,sutton,209666,4.416548224318678,441.65482243186784
Sutton,sutton,2019,Robbery,282,E09000029,Sutton,sutton,209666,1.3449963274922971,134.4996327492297
Sutton,sutton,2019,Sexual Offences,281,E09000029,Sutton,sutton,209666,1.340226836969275,134.0226836969275
Sutton,sutton,2019,Theft,2621,E09000029,Sutton,sutton,209666,12.50083466084153,1250.0834660841529
Sutton,sutton,2019,Vehicle Offences,2154,E09000029,Sutton,sutton,209666,10.2734825865901,1027.34825865901
Sutton,sutton,2019,Violence Against The Person,4195,E09000029,Sutton,sutton,209666,20.00801274407868,2000.8012744078678
Sutton,sutton,2020,Arson And Criminal Damage,928,E09000029,Sutton,sutton,211297,4.391922270548092,439.1922270548091
Sutton,sutton,2020,Burglary,1874,E09000029,Sutton,sutton,211297,8.86903268858526,886.9032688585261
Sutton,sutton,2020,Drug Offences,778,E09000029,Sutton,sutton,211297,3.6820210414724297,368.202104147243
Sutton,sutton,2020,Fraud And Forgery,0,E09000029,Sutton,sutton,211297,0.0,0.0
Sutton,sutton,2020,Miscellaneous Crimes Against Society,208,E09000029,Sutton,sutton,211297,0.9843963709849171,98.4396370984917
Sutton,sutton,2020,Possession Of Weapons,113,E09000029,Sutton,sutton,211297,0.5347922592369981,53.479225923699815
Sutton,sutton,2020,Public Order Offences,908,E09000029,Sutton,sutton,211297,4.297268773338003,429.7268773338003
Sutton,sutton,2020,Robbery,244,E09000029,Sutton,sutton,211297,1.1547726659630755,115.47726659630756
Sutton,sutton,2020,Sexual Offences,315,E09000029,Sutton,sutton,211297,1.4907925810588887,149.07925810588887
Sutton,sutton,2020,Theft,2002,E09000029,Sutton,sutton,211297,9.474815070729825,947.4815070729826
Sutton,sutton,2020,Vehicle Offences,2245,E09000029,Sutton,sutton,211297,10.624855061832397,1062.4855061832397
Sutton,sutton,2020,Violence Against The Person,4060,E09000029,Sutton,sutton,211297,19.214659933647898,1921.4659933647897
Sutton,sutton,2021,Arson And Criminal Damage,1051,E09000029,Sutton,sutton,213340,4.926408549732821,492.6408549732821
Sutton,sutton,2021,Burglary,1611,E09000029,Sutton,sutton,213340,7.551326521046217,755.1326521046217
Sutton,sutton,2021,Drug Offences,600,E09000029,Sutton,sutton,213340,2.812412112121496,281.2412112121496
Sutton,sutton,2021,Fraud And Forgery,0,E09000029,Sutton,sutton,213340,0.0,0.0
Sutton,sutton,2021,Miscellaneous Crimes Against Society,181,E09000029,Sutton,sutton,213340,0.8484109871566513,84.84109871566513
Sutton,sutton,2021,Possession Of Weapons,85,E09000029,Sutton,sutton,213340,0.39842504921721195,39.84250492172119
Sutton,sutton,2021,Public Order Offences,938,E09000029,Sutton,sutton,213340,4.396737601949939,439.6737601949939
Sutton,sutton,2021,Robbery,222,E09000029,Sutton,sutton,213340,1.0405924814849536,104.05924814849536
Sutton,sutton,2021,Sexual Offences,386,E09000029,Sutton,sutton,213340,1.8093184587981626,180.93184587981625
Sutton,sutton,2021,Theft,2096,E09000029,Sutton,sutton,213340,9.824692978344428,982.4692978344427
Sutton,sutton,2021,Vehicle Offences,1933,E09000029,Sutton,sutton,213340,9.06065435455142,906.065435455142
Sutton,sutton,2021,Violence Against The Person,4394,E09000029,Sutton,sutton,213340,20.596231367769757,2059.623136776976
Sutton,sutton,2022,Arson And Criminal Damage,1100,E09000029,Sutton,sutton,215228,5.110859181890832,511.0859181890832
Sutton,sutton,2022,Burglary,1815,E09000029,Sutton,sutton,215228,8.432917650119872,843.2917650119873
Sutton,sutton,2022,Drug Offences,538,E09000029,Sutton,sutton,215228,2.499674763506607,249.9674763506607
Sutton,sutton,2022,Fraud And Forgery,0,E09000029,Sutton,sutton,215228,0.0,0.0
Sutton,sutton,2022,Miscellaneous Crimes Against Society,172,E09000029,Sutton,sutton,215228,0.7991525266229301,79.91525266229301
Sutton,sutton,2022,Possession Of Weapons,102,E09000029,Sutton,sutton,215228,0.47391603322987713,47.39160332298771
Sutton,sutton,2022,Public Order Offences,962,E09000029,Sutton,sutton,215228,4.469678666344528,446.9678666344528
Sutton,sutton,2022,Robbery,309,E09000029,Sutton,sutton,215228,1.4356868065493336,143.56868065493336
Sutton,sutton,2022,Sexual Offences,393,E09000029,Sutton,sutton,215228,1.8259705986209973,182.59705986209974
Sutton,sutton,2022,Theft,2565,E09000029,Sutton,sutton,215228,11.91759436504544,1191.759436504544
Sutton,sutton,2022,Vehicle Offences,1965,E09000029,Sutton,sutton,215228,9.129852993104986,912.9852993104986
Sutton,sutton,2022,Violence Against The Person,4245,E09000029,Sutton,sutton,215228,19.72327020647871,1972.327020647871
Sutton,sutton,2023,Arson And Criminal Damage,1114,E09000029,Sutton,sutton,216865,5.136836280635419,513.6836280635418
Sutton,sutton,2023,Burglary,1004,E09000029,Sutton,sutton,216865,4.629608281649875,462.9608281649875
Sutton,sutton,2023,Drug Offences,441,E09000029,Sutton,sutton,216865,2.033523159569317,203.3523159569317
Sutton,sutton,2023,Fraud And Forgery,0,E09000029,Sutton,sutton,216865,0.0,0.0
Sutton,sutton,2023,Miscellaneous Crimes Against Society,187,E09000029,Sutton,sutton,216865,0.8622875982754249,86.22875982754249
Sutton,sutton,2023,Possession Of Weapons,91,E09000029,Sutton,sutton,216865,0.41961589006985917,41.96158900698592
Sutton,sutton,2023,Public Order Offences,991,E09000029,Sutton,sutton,216865,4.569663154497038,456.96631544970376
Sutton,sutton,2023,Robbery,373,E09000029,Sutton,sutton,216865,1.7199640329237083,171.99640329237084
Sutton,sutton,2023,Sexual Offences,448,E09000029,Sutton,sutton,216865,2.0658013049593063,206.58013049593063
Sutton,sutton,2023,Theft,2611,E09000029,Sutton,sutton,216865,12.039748230465959,1203.974823046596
Sutton,sutton,2023,Vehicle Offences,1563,E09000029,Sutton,sutton,216865,7.207248749221867,720.7248749221866
Sutton,sutton,2023,Violence Against The Person,4454,E09000029,Sutton,sutton,216865,20.53812279528739,2053.812279528739
Sutton,sutton,2024,Arson And Criminal Damage,1112,E09000029,Sutton,sutton,218218,5.095821609583077,509.5821609583077
Sutton,sutton,2024,Burglary,827,E09000029,Sutton,sutton,218218,3.7897881934579183,378.9788193457918
Sutton,sutton,2024,Drug Offences,482,E09000029,Sutton,sutton,218218,2.2088003739379887,220.88003739379886
Sutton,sutton,2024,Fraud And Forgery,3,E09000029,Sutton,sutton,218218,0.013747720169738518,1.3747720169738518
Sutton,sutton,2024,Miscellaneous Crimes Against Society,175,E09000029,Sutton,sutton,218218,0.8019503432347469,80.19503432347469
Sutton,sutton,2024,Possession Of Weapons,77,E09000029,Sutton,sutton,218218,0.35285815102328866,35.28581510232887
Sutton,sutton,2024,Public Order Offences,1000,E09000029,Sutton,sutton,218218,4.58257338991284,458.2573389912839
Sutton,sutton,2024,Robbery,312,E09000029,Sutton,sutton,218218,1.4297628976528058,142.97628976528057
Sutton,sutton,2024,Sexual Offences,398,E09000029,Sutton,sutton,218218,1.8238642091853101,182.386420918531
Sutton,sutton,2024,Theft,2845,E09000029,Sutton,sutton,218218,13.037421294302028,1303.7421294302028
Sutton,sutton,2024,Vehicle Offences,1388,E09000029,Sutton,sutton,218218,6.360611865199021,636.0611865199021
Sutton,sutton,2024,Violence Against The Person,4453,E09000029,Sutton,sutton,218218,20.406199305281874,2040.6199305281873
Sutton,sutton,2025,Arson And Criminal Damage,210,E09000029,Sutton,sutton,219275,0.9577015163607343,95.77015163607342
Sutton,sutton,2025,Burglary,203,E09000029,Sutton,sutton,219275,0.9257781324820431,92.57781324820431
Sutton,sutton,2025,Drug Offences,166,E09000029,Sutton,sutton,219275,0.7570402462661042,75.70402462661042
Sutton,sutton,2025,Fraud And Forgery,0,E09000029,Sutton,sutton,219275,0.0,0.0
Sutton,sutton,2025,Miscellaneous Crimes Against Society,46,E09000029,Sutton,sutton,219275,0.20978223691711323,20.97822369171132
Sutton,sutton,2025,Possession Of Weapons,19,E09000029,Sutton,sutton,219275,0.08664918481359024,8.664918481359024
Sutton,sutton,2025,Public Order Offences,202,E09000029,Sutton,sutton,219275,0.9212176490708015,92.12176490708015
Sutton,sutton,2025,Robbery,75,E09000029,Sutton,sutton,219275,0.34203625584311936,34.203625584311936
Sutton,sutton,2025,Sexual Offences,107,E09000029,Sutton,sutton,219275,0.4879717250028503,48.79717250028503
Sutton,sutton,2025,Theft,584,E09000029,Sutton,sutton,219275,2.6633223121650893,266.33223121650894
Sutton,sutton,2025,Vehicle Offences,291,E09000029,Sutton,sutton,219275,1.327100672671303,132.7100672671303
Sutton,sutton,2025,Violence Against The Person,1094,E09000029,Sutton,sutton,219275,4.9891688518983015,498.91688518983017
Tower Hamlets,tower hamlets,2010,Arson And Criminal Damage,2130,E09000030,Tower Hamlets,tower hamlets,248520,8.570738773539354,857.0738773539354
Tower Hamlets,tower hamlets,2010,Burglary,3734,E09000030,Tower Hamlets,tower hamlets,248520,15.024947690326734,1502.4947690326733
Tower Hamlets,tower hamlets,2010,Drug Offences,2235,E09000030,Tower Hamlets,tower hamlets,248520,8.99323998068566,899.323998068566
Tower Hamlets,tower hamlets,2010,Fraud And Forgery,538,E09000030,Tower Hamlets,tower hamlets,248520,2.164815708997264,216.48157089972636
Tower Hamlets,tower hamlets,2010,Miscellaneous Crimes Against Society,138,E09000030,Tower Hamlets,tower hamlets,248520,0.5552873008208594,55.52873008208594
Tower Hamlets,tower hamlets,2010,Nfib Fraud,0,E09000030,Tower Hamlets,tower hamlets,248520,0.0,0.0
Tower Hamlets,tower hamlets,2010,Possession Of Weapons,112,E09000030,Tower Hamlets,tower hamlets,248520,0.4506679542893932,45.06679542893932
Tower Hamlets,tower hamlets,2010,Public Order Offences,504,E09000030,Tower Hamlets,tower hamlets,248520,2.0280057943022696,202.80057943022697
Tower Hamlets,tower hamlets,2010,Robbery,717,E09000030,Tower Hamlets,tower hamlets,248520,2.8850796716562046,288.50796716562047
Tower Hamlets,tower hamlets,2010,Sexual Offences,235,E09000030,Tower Hamlets,tower hamlets,248520,0.9455979398036375,94.55979398036375
Tower Hamlets,tower hamlets,2010,Theft,5974,E09000030,Tower Hamlets,tower hamlets,248520,24.0383067761146,2403.83067761146
Tower Hamlets,tower hamlets,2010,Vehicle Offences,2015,E09000030,Tower Hamlets,tower hamlets,248520,8.107999356188637,810.7999356188637
Tower Hamlets,tower hamlets,2010,Violence Against The Person,4124,E09000030,Tower Hamlets,tower hamlets,248520,16.59423788829873,1659.4237888298728
Tower Hamlets,tower hamlets,2011,Arson And Criminal Damage,2411,E09000030,Tower Hamlets,tower hamlets,256685,9.392835576679587,939.2835576679588
Tower Hamlets,tower hamlets,2011,Burglary,5388,E09000030,Tower Hamlets,tower hamlets,256685,20.990708455889514,2099.070845588951
Tower Hamlets,tower hamlets,2011,Drug Offences,3235,E09000030,Tower Hamlets,tower hamlets,256685,12.60299588990397,1260.2995889903968
Tower Hamlets,tower hamlets,2011,Fraud And Forgery,835,E09000030,Tower Hamlets,tower hamlets,256685,3.2530143950756765,325.30143950756764
Tower Hamlets,tower hamlets,2011,Miscellaneous Crimes Against Society,248,E09000030,Tower Hamlets,tower hamlets,256685,0.9661647544655901,96.61647544655901
Tower Hamlets,tower hamlets,2011,Nfib Fraud,0,E09000030,Tower Hamlets,tower hamlets,256685,0.0,0.0
Tower Hamlets,tower hamlets,2011,Possession Of Weapons,184,E09000030,Tower Hamlets,tower hamlets,256685,0.7168319146035024,71.68319146035023
Tower Hamlets,tower hamlets,2011,Public Order Offences,703,E09000030,Tower Hamlets,tower hamlets,256685,2.7387654128601207,273.87654128601207
Tower Hamlets,tower hamlets,2011,Robbery,1369,E09000030,Tower Hamlets,tower hamlets,256685,5.333385277674971,533.3385277674971
Tower Hamlets,tower hamlets,2011,Sexual Offences,403,E09000030,Tower Hamlets,tower hamlets,256685,1.570017726006584,157.0017726006584
Tower Hamlets,tower hamlets,2011,Theft,8141,E09000030,Tower Hamlets,tower hamlets,256685,31.715916395582134,3171.5916395582135
Tower Hamlets,tower hamlets,2011,Vehicle Offences,2895,E09000030,Tower Hamlets,tower hamlets,256685,11.278415178136626,1127.8415178136627
Tower Hamlets,tower hamlets,2011,Violence Against The Person,4698,E09000030,Tower Hamlets,tower hamlets,256685,18.30258877612638,1830.258877612638
Tower Hamlets,tower hamlets,2012,Arson And Criminal Damage,2185,E09000030,Tower Hamlets,tower hamlets,263676,8.286685174228978,828.6685174228978
Tower Hamlets,tower hamlets,2012,Burglary,5346,E09000030,Tower Hamlets,tower hamlets,263676,20.27488281072225,2027.4882810722252
Tower Hamlets,tower hamlets,2012,Drug Offences,3253,E09000030,Tower Hamlets,tower hamlets,263676,12.337110696460808,1233.7110696460807
Tower Hamlets,tower hamlets,2012,Fraud And Forgery,1013,E09000030,Tower Hamlets,tower hamlets,263676,3.841836192903412,384.1836192903412
Tower Hamlets,tower hamlets,2012,Miscellaneous Crimes Against Society,229,E09000030,Tower Hamlets,tower hamlets,263676,0.8684901166583231,86.84901166583231
Tower Hamlets,tower hamlets,2012,Nfib Fraud,0,E09000030,Tower Hamlets,tower hamlets,263676,0.0,0.0
Tower Hamlets,tower hamlets,2012,Possession Of Weapons,145,E09000030,Tower Hamlets,tower hamlets,263676,0.5499173227749208,54.991732277492076
Tower Hamlets,tower hamlets,2012,Public Order Offences,888,E09000030,Tower Hamlets,tower hamlets,263676,3.367769535338825,336.7769535338825
Tower Hamlets,tower hamlets,2012,Robbery,1348,E09000030,Tower Hamlets,tower hamlets,263676,5.1123348351765046,511.2334835176505
Tower Hamlets,tower hamlets,2012,Sexual Offences,369,E09000030,Tower Hamlets,tower hamlets,263676,1.3994447731306603,139.94447731306602
Tower Hamlets,tower hamlets,2012,Theft,8415,E09000030,Tower Hamlets,tower hamlets,263676,31.914167387247986,3191.4167387247985
Tower Hamlets,tower hamlets,2012,Vehicle Offences,2508,E09000030,Tower Hamlets,tower hamlets,263676,9.51167341737587,951.167341737587
Tower Hamlets,tower hamlets,2012,Violence Against The Person,5054,E09000030,Tower Hamlets,tower hamlets,263676,19.167463098651375,1916.7463098651374
Tower Hamlets,tower hamlets,2013,Arson And Criminal Damage,2024,E09000030,Tower Hamlets,tower hamlets,273563,7.398661368679244,739.8661368679244
Tower Hamlets,tower hamlets,2013,Burglary,5484,E09000030,Tower Hamlets,tower hamlets,273563,20.046570625413526,2004.6570625413526
Tower Hamlets,tower hamlets,2013,Drug Offences,3021,E09000030,Tower Hamlets,tower hamlets,273563,11.04316007647233,1104.316007647233
Tower Hamlets,tower hamlets,2013,Fraud And Forgery,104,E09000030,Tower Hamlets,tower hamlets,273563,0.38016837072264886,38.016837072264885
Tower Hamlets,tower hamlets,2013,Miscellaneous Crimes Against Society,248,E09000030,Tower Hamlets,tower hamlets,273563,0.9065553455693935,90.65553455693934
Tower Hamlets,tower hamlets,2013,Nfib Fraud,0,E09000030,Tower Hamlets,tower hamlets,273563,0.0,0.0
Tower Hamlets,tower hamlets,2013,Possession Of Weapons,139,E09000030,Tower Hamlets,tower hamlets,273563,0.5081096493312326,50.810964933123266
Tower Hamlets,tower hamlets,2013,Public Order Offences,1153,E09000030,Tower Hamlets,tower hamlets,273563,4.2147512638770595,421.4751263877059
Tower Hamlets,tower hamlets,2013,Robbery,1236,E09000030,Tower Hamlets,tower hamlets,273563,4.518154867434558,451.81548674345584
Tower Hamlets,tower hamlets,2013,Sexual Offences,365,E09000030,Tower Hamlets,tower hamlets,273563,1.3342447626323735,133.42447626323735
Tower Hamlets,tower hamlets,2013,Theft,7792,E09000030,Tower Hamlets,tower hamlets,273563,28.483384083373846,2848.338408337385
Tower Hamlets,tower hamlets,2013,Vehicle Offences,2666,E09000030,Tower Hamlets,tower hamlets,273563,9.74546996487098,974.546996487098
Tower Hamlets,tower hamlets,2013,Violence Against The Person,5235,E09000030,Tower Hamlets,tower hamlets,273563,19.13635981474103,1913.6359814741031
Tower Hamlets,tower hamlets,2014,Arson And Criminal Damage,2170,E09000030,Tower Hamlets,tower hamlets,284688,7.622379587478222,762.2379587478222
Tower Hamlets,tower hamlets,2014,Burglary,4674,E09000030,Tower Hamlets,tower hamlets,284688,16.417973360310235,1641.7973360310236
Tower Hamlets,tower hamlets,2014,Drug Offences,2195,E09000030,Tower Hamlets,tower hamlets,284688,7.710195020513685,771.0195020513685
Tower Hamlets,tower hamlets,2014,Fraud And Forgery,0,E09000030,Tower Hamlets,tower hamlets,284688,0.0,0.0
Tower Hamlets,tower hamlets,2014,Miscellaneous Crimes Against Society,252,E09000030,Tower Hamlets,tower hamlets,284688,0.885179564997471,88.5179564997471
Tower Hamlets,tower hamlets,2014,Nfib Fraud,0,E09000030,Tower Hamlets,tower hamlets,284688,0.0,0.0
Tower Hamlets,tower hamlets,2014,Possession Of Weapons,149,E09000030,Tower Hamlets,tower hamlets,284688,0.5233799808913617,52.33799808913618
Tower Hamlets,tower hamlets,2014,Public Order Offences,1375,E09000030,Tower Hamlets,tower hamlets,284688,4.829848816950486,482.9848816950486
Tower Hamlets,tower hamlets,2014,Robbery,1108,E09000030,Tower Hamlets,tower hamlets,284688,3.8919799921317373,389.1979992131737
Tower Hamlets,tower hamlets,2014,Sexual Offences,489,E09000030,Tower Hamlets,tower hamlets,284688,1.717669870173664,171.76698701736638
Tower Hamlets,tower hamlets,2014,Theft,6891,E09000030,Tower Hamlets,tower hamlets,284688,24.20544596189513,2420.544596189513
Tower Hamlets,tower hamlets,2014,Vehicle Offences,2680,E09000030,Tower Hamlets,tower hamlets,284688,9.413814421401675,941.3814421401676
Tower Hamlets,tower hamlets,2014,Violence Against The Person,6251,E09000030,Tower Hamlets,tower hamlets,284688,21.957370876187266,2195.7370876187265
Tower Hamlets,tower hamlets,2015,Arson And Criminal Damage,2369,E09000030,Tower Hamlets,tower hamlets,295909,8.005839633130455,800.5839633130455
Tower Hamlets,tower hamlets,2015,Burglary,5128,E09000030,Tower Hamlets,tower hamlets,295909,17.32965202139847,1732.9652021398472
Tower Hamlets,tower hamlets,2015,Drug Offences,1814,E09000030,Tower Hamlets,tower hamlets,295909,6.130263020050083,613.0263020050082
Tower Hamlets,tower hamlets,2015,Fraud And Forgery,0,E09000030,Tower Hamlets,tower hamlets,295909,0.0,0.0
Tower Hamlets,tower hamlets,2015,Miscellaneous Crimes Against Society,305,E09000030,Tower Hamlets,tower hamlets,295909,1.0307222828639886,103.07222828639885
Tower Hamlets,tower hamlets,2015,Nfib Fraud,0,E09000030,Tower Hamlets,tower hamlets,295909,0.0,0.0
Tower Hamlets,tower hamlets,2015,Possession Of Weapons,191,E09000030,Tower Hamlets,tower hamlets,295909,0.6454687082853174,64.54687082853174
Tower Hamlets,tower hamlets,2015,Public Order Offences,1710,E09000030,Tower Hamlets,tower hamlets,295909,5.778803618680067,577.8803618680067
Tower Hamlets,tower hamlets,2015,Robbery,1109,E09000030,Tower Hamlets,tower hamlets,295909,3.74777380883988,374.777380883988
Tower Hamlets,tower hamlets,2015,Sexual Offences,518,E09000030,Tower Hamlets,tower hamlets,295909,1.750538172208348,175.0538172208348
Tower Hamlets,tower hamlets,2015,Theft,7128,E09000030,Tower Hamlets,tower hamlets,295909,24.088486663129544,2408.8486663129543
Tower Hamlets,tower hamlets,2015,Vehicle Offences,3021,E09000030,Tower Hamlets,tower hamlets,295909,10.209219726334785,1020.9219726334786
Tower Hamlets,tower hamlets,2015,Violence Against The Person,7224,E09000030,Tower Hamlets,tower hamlets,295909,24.412910725932637,2441.291072593264
Tower Hamlets,tower hamlets,2016,Arson And Criminal Damage,2277,E09000030,Tower Hamlets,tower hamlets,305527,7.45269648836273,745.2696488362731
Tower Hamlets,tower hamlets,2016,Burglary,5610,E09000030,Tower Hamlets,tower hamlets,305527,18.36171598582122,1836.171598582122
Tower Hamlets,tower hamlets,2016,Drug Offences,1684,E09000030,Tower Hamlets,tower hamlets,305527,5.511787828898919,551.1787828898919
Tower Hamlets,tower hamlets,2016,Fraud And Forgery,0,E09000030,Tower Hamlets,tower hamlets,305527,0.0,0.0
Tower Hamlets,tower hamlets,2016,Miscellaneous Crimes Against Society,462,E09000030,Tower Hamlets,tower hamlets,305527,1.5121413164793946,151.21413164793947
Tower Hamlets,tower hamlets,2016,Nfib Fraud,0,E09000030,Tower Hamlets,tower hamlets,305527,0.0,0.0
Tower Hamlets,tower hamlets,2016,Possession Of Weapons,247,E09000030,Tower Hamlets,tower hamlets,305527,0.8084391886805421,80.8439188680542
Tower Hamlets,tower hamlets,2016,Public Order Offences,2094,E09000030,Tower Hamlets,tower hamlets,305527,6.853731421445568,685.3731421445568
Tower Hamlets,tower hamlets,2016,Robbery,1233,E09000030,Tower Hamlets,tower hamlets,305527,4.0356498770976055,403.5649877097605
Tower Hamlets,tower hamlets,2016,Sexual Offences,685,E09000030,Tower Hamlets,tower hamlets,305527,2.24202770949867,224.20277094986696
Tower Hamlets,tower hamlets,2016,Theft,8039,E09000030,Tower Hamlets,tower hamlets,305527,26.311913513371977,2631.191351337198
Tower Hamlets,tower hamlets,2016,Vehicle Offences,2908,E09000030,Tower Hamlets,tower hamlets,305527,9.517980407623549,951.7980407623548
Tower Hamlets,tower hamlets,2016,Violence Against The Person,7556,E09000030,Tower Hamlets,tower hamlets,305527,24.731038500688975,2473.1038500688974
Tower Hamlets,tower hamlets,2017,Arson And Criminal Damage,2333,E09000030,Tower Hamlets,tower hamlets,311044,7.500546546469311,750.054654646931
Tower Hamlets,tower hamlets,2017,Burglary,5792,E09000030,Tower Hamlets,tower hamlets,311044,18.62115970730829,1862.115970730829
Tower Hamlets,tower hamlets,2017,Drug Offences,1490,E09000030,Tower Hamlets,tower hamlets,311044,4.790319054538908,479.0319054538908
Tower Hamlets,tower hamlets,2017,Fraud And Forgery,0,E09000030,Tower Hamlets,tower hamlets,311044,0.0,0.0
Tower Hamlets,tower hamlets,2017,Miscellaneous Crimes Against Society,403,E09000030,Tower Hamlets,tower hamlets,311044,1.295636630187369,129.56366301873692
Tower Hamlets,tower hamlets,2017,Nfib Fraud,0,E09000030,Tower Hamlets,tower hamlets,311044,0.0,0.0
Tower Hamlets,tower hamlets,2017,Possession Of Weapons,312,E09000030,Tower Hamlets,tower hamlets,311044,1.0030735201450598,100.30735201450598
Tower Hamlets,tower hamlets,2017,Public Order Offences,2144,E09000030,Tower Hamlets,tower hamlets,311044,6.892915471766052,689.2915471766053
Tower Hamlets,tower hamlets,2017,Robbery,1470,E09000030,Tower Hamlets,tower hamlets,311044,4.726019469914225,472.60194699142244
Tower Hamlets,tower hamlets,2017,Sexual Offences,652,E09000030,Tower Hamlets,tower hamlets,311044,2.096166458764676,209.61664587646763
Tower Hamlets,tower hamlets,2017,Theft,8330,E09000030,Tower Hamlets,tower hamlets,311044,26.780776996180606,2678.0776996180607
Tower Hamlets,tower hamlets,2017,Vehicle Offences,3340,E09000030,Tower Hamlets,tower hamlets,311044,10.738030632322115,1073.8030632322116
Tower Hamlets,tower hamlets,2017,Violence Against The Person,7688,E09000030,Tower Hamlets,tower hamlets,311044,24.71676032972827,2471.6760329728268
Tower Hamlets,tower hamlets,2018,Arson And Criminal Damage,2066,E09000030,Tower Hamlets,tower hamlets,317203,6.513179257447123,651.3179257447124
Tower Hamlets,tower hamlets,2018,Burglary,6524,E09000030,Tower Hamlets,tower hamlets,317203,20.56727080134803,2056.727080134803
Tower Hamlets,tower hamlets,2018,Drug Offences,2125,E09000030,Tower Hamlets,tower hamlets,317203,6.699180020365507,669.9180020365507
Tower Hamlets,tower hamlets,2018,Fraud And Forgery,0,E09000030,Tower Hamlets,tower hamlets,317203,0.0,0.0
Tower Hamlets,tower hamlets,2018,Miscellaneous Crimes Against Society,387,E09000030,Tower Hamlets,tower hamlets,317203,1.2200389025324478,122.00389025324478
Tower Hamlets,tower hamlets,2018,Nfib Fraud,0,E09000030,Tower Hamlets,tower hamlets,317203,0.0,0.0
Tower Hamlets,tower hamlets,2018,Possession Of Weapons,357,E09000030,Tower Hamlets,tower hamlets,317203,1.1254622434214052,112.54622434214052
Tower Hamlets,tower hamlets,2018,Public Order Offences,2066,E09000030,Tower Hamlets,tower hamlets,317203,6.513179257447123,651.3179257447124
Tower Hamlets,tower hamlets,2018,Robbery,1520,E09000030,Tower Hamlets,tower hamlets,317203,4.791884061626151,479.1884061626151
Tower Hamlets,tower hamlets,2018,Sexual Offences,683,E09000030,Tower Hamlets,tower hamlets,317203,2.153195272428067,215.31952724280669
Tower Hamlets,tower hamlets,2018,Theft,8381,E09000030,Tower Hamlets,tower hamlets,317203,26.421566000321558,2642.156600032156
Tower Hamlets,tower hamlets,2018,Vehicle Offences,3502,E09000030,Tower Hamlets,tower hamlets,317203,11.040248673562356,1104.0248673562355
Tower Hamlets,tower hamlets,2018,Violence Against The Person,8396,E09000030,Tower Hamlets,tower hamlets,317203,26.46885432987708,2646.885432987708
Tower Hamlets,tower hamlets,2019,Arson And Criminal Damage,2026,E09000030,Tower Hamlets,tower hamlets,323696,6.258959023281103,625.8959023281103
Tower Hamlets,tower hamlets,2019,Burglary,6362,E09000030,Tower Hamlets,tower hamlets,323696,19.65424348771687,1965.424348771687
Tower Hamlets,tower hamlets,2019,Drug Offences,2486,E09000030,Tower Hamlets,tower hamlets,323696,7.680045474766447,768.0045474766447
Tower Hamlets,tower hamlets,2019,Fraud And Forgery,0,E09000030,Tower Hamlets,tower hamlets,323696,0.0,0.0
Tower Hamlets,tower hamlets,2019,Miscellaneous Crimes Against Society,375,E09000030,Tower Hamlets,tower hamlets,323696,1.158494389797835,115.8494389797835
Tower Hamlets,tower hamlets,2019,Nfib Fraud,0,E09000030,Tower Hamlets,tower hamlets,323696,0.0,0.0
Tower Hamlets,tower hamlets,2019,Possession Of Weapons,301,E09000030,Tower Hamlets,tower hamlets,323696,0.9298848302110622,92.98848302110622
Tower Hamlets,tower hamlets,2019,Public Order Offences,2068,E09000030,Tower Hamlets,tower hamlets,323696,6.388710394938461,638.8710394938461
Tower Hamlets,tower hamlets,2019,Robbery,1430,E09000030,Tower Hamlets,tower hamlets,323696,4.417725273095744,441.7725273095744
Tower Hamlets,tower hamlets,2019,Sexual Offences,658,E09000030,Tower Hamlets,tower hamlets,323696,2.032771489298601,203.27714892986012
Tower Hamlets,tower hamlets,2019,Theft,9152,E09000030,Tower Hamlets,tower hamlets,323696,28.273441747812765,2827.3441747812763
Tower Hamlets,tower hamlets,2019,Vehicle Offences,4049,E09000030,Tower Hamlets,tower hamlets,323696,12.508650091443824,1250.8650091443824
Tower Hamlets,tower hamlets,2019,Violence Against The Person,8394,E09000030,Tower Hamlets,tower hamlets,323696,25.931738421234737,2593.1738421234736
Tower Hamlets,tower hamlets,2020,Arson And Criminal Damage,1944,E09000030,Tower Hamlets,tower hamlets,328043,5.926052377279808,592.6052377279807
Tower Hamlets,tower hamlets,2020,Burglary,5330,E09000030,Tower Hamlets,tower hamlets,328043,16.24786994387931,1624.786994387931
Tower Hamlets,tower hamlets,2020,Drug Offences,2931,E09000030,Tower Hamlets,tower hamlets,328043,8.934804278707364,893.4804278707364
Tower Hamlets,tower hamlets,2020,Fraud And Forgery,0,E09000030,Tower Hamlets,tower hamlets,328043,0.0,0.0
Tower Hamlets,tower hamlets,2020,Miscellaneous Crimes Against Society,434,E09000030,Tower Hamlets,tower hamlets,328043,1.322997289989422,132.29972899894221
Tower Hamlets,tower hamlets,2020,Nfib Fraud,0,E09000030,Tower Hamlets,tower hamlets,328043,0.0,0.0
Tower Hamlets,tower hamlets,2020,Possession Of Weapons,266,E09000030,Tower Hamlets,tower hamlets,328043,0.8108693067677103,81.08693067677103
Tower Hamlets,tower hamlets,2020,Public Order Offences,2096,E09000030,Tower Hamlets,tower hamlets,328043,6.389406266861356,638.9406266861356
Tower Hamlets,tower hamlets,2020,Robbery,972,E09000030,Tower Hamlets,tower hamlets,328043,2.963026188639904,296.30261886399035
Tower Hamlets,tower hamlets,2020,Sexual Offences,653,E09000030,Tower Hamlets,tower hamlets,328043,1.9905926966891536,199.05926966891536
Tower Hamlets,tower hamlets,2020,Theft,6876,E09000030,Tower Hamlets,tower hamlets,328043,20.960666741860063,2096.0666741860064
Tower Hamlets,tower hamlets,2020,Vehicle Offences,3398,E09000030,Tower Hamlets,tower hamlets,328043,10.358398136829624,1035.8398136829624
Tower Hamlets,tower hamlets,2020,Violence Against The Person,8065,E09000030,Tower Hamlets,tower hamlets,328043,24.585191575494676,2458.5191575494678
Tower Hamlets,tower hamlets,2021,Arson And Criminal Damage,2100,E09000030,Tower Hamlets,tower hamlets,331620,6.332549303419577,633.2549303419577
Tower Hamlets,tower hamlets,2021,Burglary,4808,E09000030,Tower Hamlets,tower hamlets,331620,14.498522405162536,1449.8522405162535
Tower Hamlets,tower hamlets,2021,Drug Offences,2510,E09000030,Tower Hamlets,tower hamlets,331620,7.568904167420541,756.8904167420542
Tower Hamlets,tower hamlets,2021,Fraud And Forgery,0,E09000030,Tower Hamlets,tower hamlets,331620,0.0,0.0
Tower Hamlets,tower hamlets,2021,Miscellaneous Crimes Against Society,434,E09000030,Tower Hamlets,tower hamlets,331620,1.3087268560400458,130.87268560400457
Tower Hamlets,tower hamlets,2021,Nfib Fraud,0,E09000030,Tower Hamlets,tower hamlets,331620,0.0,0.0
Tower Hamlets,tower hamlets,2021,Possession Of Weapons,241,E09000030,Tower Hamlets,tower hamlets,331620,0.7267354200591037,72.67354200591038
Tower Hamlets,tower hamlets,2021,Public Order Offences,2355,E09000030,Tower Hamlets,tower hamlets,331620,7.101501718834811,710.1501718834811
Tower Hamlets,tower hamlets,2021,Robbery,966,E09000030,Tower Hamlets,tower hamlets,331620,2.9129726795730053,291.2972679573005
Tower Hamlets,tower hamlets,2021,Sexual Offences,878,E09000030,Tower Hamlets,tower hamlets,331620,2.647608708763042,264.7608708763042
Tower Hamlets,tower hamlets,2021,Theft,7184,E09000030,Tower Hamlets,tower hamlets,331620,21.663349617031542,2166.334961703154
Tower Hamlets,tower hamlets,2021,Vehicle Offences,3334,E09000030,Tower Hamlets,tower hamlets,331620,10.053675894095651,1005.3675894095652
Tower Hamlets,tower hamlets,2021,Violence Against The Person,9149,E09000030,Tower Hamlets,tower hamlets,331620,27.588806465231286,2758.8806465231287
Tower Hamlets,tower hamlets,2022,Arson And Criminal Damage,1966,E09000030,Tower Hamlets,tower hamlets,334834,5.871566208927409,587.1566208927409
Tower Hamlets,tower hamlets,2022,Burglary,4392,E09000030,Tower Hamlets,tower hamlets,334834,13.116947502344447,1311.6947502344447
Tower Hamlets,tower hamlets,2022,Drug Offences,2074,E09000030,Tower Hamlets,tower hamlets,334834,6.1941140983293215,619.4114098329322
Tower Hamlets,tower hamlets,2022,Fraud And Forgery,0,E09000030,Tower Hamlets,tower hamlets,334834,0.0,0.0
Tower Hamlets,tower hamlets,2022,Miscellaneous Crimes Against Society,426,E09000030,Tower Hamlets,tower hamlets,334834,1.2722722304186551,127.22722304186551
Tower Hamlets,tower hamlets,2022,Nfib Fraud,0,E09000030,Tower Hamlets,tower hamlets,334834,0.0,0.0
Tower Hamlets,tower hamlets,2022,Possession Of Weapons,288,E09000030,Tower Hamlets,tower hamlets,334834,0.860127705071767,86.0127705071767
Tower Hamlets,tower hamlets,2022,Public Order Offences,2227,E09000030,Tower Hamlets,tower hamlets,334834,6.651056941648697,665.1056941648698
Tower Hamlets,tower hamlets,2022,Robbery,937,E09000030,Tower Hamlets,tower hamlets,334834,2.7984015960147417,279.84015960147417
Tower Hamlets,tower hamlets,2022,Sexual Offences,960,E09000030,Tower Hamlets,tower hamlets,334834,2.867092350239223,286.7092350239223
Tower Hamlets,tower hamlets,2022,Theft,8067,E09000030,Tower Hamlets,tower hamlets,334834,24.09253540560397,2409.253540560397
Tower Hamlets,tower hamlets,2022,Vehicle Offences,3695,E09000030,Tower Hamlets,tower hamlets,334834,11.03531899388951,1103.531899388951
Tower Hamlets,tower hamlets,2022,Violence Against The Person,9319,E09000030,Tower Hamlets,tower hamlets,334834,27.831701679040957,2783.1701679040957
Tower Hamlets,tower hamlets,2023,Arson And Criminal Damage,2089,E09000030,Tower Hamlets,tower hamlets,341358,6.119674945365276,611.9674945365276
Tower Hamlets,tower hamlets,2023,Burglary,3232,E09000030,Tower Hamlets,tower hamlets,341358,9.468065784308555,946.8065784308556
Tower Hamlets,tower hamlets,2023,Drug Offences,2003,E09000030,Tower Hamlets,tower hamlets,341358,5.86774002659964,586.774002659964
Tower Hamlets,tower hamlets,2023,Fraud And Forgery,0,E09000030,Tower Hamlets,tower hamlets,341358,0.0,0.0
Tower Hamlets,tower hamlets,2023,Miscellaneous Crimes Against Society,385,E09000030,Tower Hamlets,tower hamlets,341358,1.1278481828461615,112.78481828461615
Tower Hamlets,tower hamlets,2023,Nfib Fraud,0,E09000030,Tower Hamlets,tower hamlets,341358,0.0,0.0
Tower Hamlets,tower hamlets,2023,Possession Of Weapons,244,E09000030,Tower Hamlets,tower hamlets,341358,0.7147920951025024,71.47920951025024
Tower Hamlets,tower hamlets,2023,Public Order Offences,2617,E09000030,Tower Hamlets,tower hamlets,341358,7.666438167554298,766.6438167554298
Tower Hamlets,tower hamlets,2023,Robbery,1382,E09000030,Tower Hamlets,tower hamlets,341358,4.04853555504778,404.853555504778
Tower Hamlets,tower hamlets,2023,Sexual Offences,921,E09000030,Tower Hamlets,tower hamlets,341358,2.6980472114319864,269.80472114319866
Tower Hamlets,tower hamlets,2023,Theft,10498,E09000030,Tower Hamlets,tower hamlets,341358,30.753636944205205,3075.3636944205205
Tower Hamlets,tower hamlets,2023,Vehicle Offences,3126,E09000030,Tower Hamlets,tower hamlets,341358,9.157541349550911,915.7541349550911
Tower Hamlets,tower hamlets,2023,Violence Against The Person,10175,E09000030,Tower Hamlets,tower hamlets,341358,29.807416260934268,2980.7416260934265
Tower Hamlets,tower hamlets,2024,Arson And Criminal Damage,2133,E09000030,Tower Hamlets,tower hamlets,348363,6.122923502208903,612.2923502208903
Tower Hamlets,tower hamlets,2024,Burglary,2497,E09000030,Tower Hamlets,tower hamlets,348363,7.167810588380511,716.7810588380511
Tower Hamlets,tower hamlets,2024,Drug Offences,2376,E09000030,Tower Hamlets,tower hamlets,348363,6.820471749295993,682.0471749295994
Tower Hamlets,tower hamlets,2024,Fraud And Forgery,6,E09000030,Tower Hamlets,tower hamlets,348363,0.017223413508323217,1.7223413508323215
Tower Hamlets,tower hamlets,2024,Miscellaneous Crimes Against Society,363,E09000030,Tower Hamlets,tower hamlets,348363,1.0420165172535545,104.20165172535545
Tower Hamlets,tower hamlets,2024,Nfib Fraud,2,E09000030,Tower Hamlets,tower hamlets,348363,0.005741137836107738,0.5741137836107738
Tower Hamlets,tower hamlets,2024,Possession Of Weapons,204,E09000030,Tower Hamlets,tower hamlets,348363,0.5855960592829893,58.55960592829893
Tower Hamlets,tower hamlets,2024,Public Order Offences,2458,E09000030,Tower Hamlets,tower hamlets,348363,7.055858400576411,705.585840057641
Tower Hamlets,tower hamlets,2024,Robbery,1411,E09000030,Tower Hamlets,tower hamlets,348363,4.050372743374009,405.0372743374009
Tower Hamlets,tower hamlets,2024,Sexual Offences,1031,E09000030,Tower Hamlets,tower hamlets,348363,2.959556554513539,295.9556554513539
Tower Hamlets,tower hamlets,2024,Theft,11131,E09000030,Tower Hamlets,tower hamlets,348363,31.952302626857616,3195.2302626857618
Tower Hamlets,tower hamlets,2024,Vehicle Offences,3288,E09000030,Tower Hamlets,tower hamlets,348363,9.438430602561121,943.8430602561122
Tower Hamlets,tower hamlets,2024,Violence Against The Person,9786,E09000030,Tower Hamlets,tower hamlets,348363,28.091387432075162,2809.138743207516
Tower Hamlets,tower hamlets,2025,Arson And Criminal Damage,459,E09000030,Tower Hamlets,tower hamlets,353945,1.2968116515277799,129.681165152778
Tower Hamlets,tower hamlets,2025,Burglary,535,E09000030,Tower Hamlets,tower hamlets,353945,1.5115342779245364,151.15342779245364
Tower Hamlets,tower hamlets,2025,Drug Offences,471,E09000030,Tower Hamlets,tower hamlets,353945,1.3307152241167413,133.07152241167412
Tower Hamlets,tower hamlets,2025,Fraud And Forgery,0,E09000030,Tower Hamlets,tower hamlets,353945,0.0,0.0
Tower Hamlets,tower hamlets,2025,Miscellaneous Crimes Against Society,113,E09000030,Tower Hamlets,tower hamlets,353945,0.319258641879388,31.925864187938803
Tower Hamlets,tower hamlets,2025,Nfib Fraud,0,E09000030,Tower Hamlets,tower hamlets,353945,0.0,0.0
Tower Hamlets,tower hamlets,2025,Possession Of Weapons,50,E09000030,Tower Hamlets,tower hamlets,353945,0.14126488578733984,14.126488578733985
Tower Hamlets,tower hamlets,2025,Public Order Offences,563,E09000030,Tower Hamlets,tower hamlets,353945,1.5906426139654466,159.06426139654465
Tower Hamlets,tower hamlets,2025,Robbery,305,E09000030,Tower Hamlets,tower hamlets,353945,0.861715803302773,86.17158033027731
Tower Hamlets,tower hamlets,2025,Sexual Offences,246,E09000030,Tower Hamlets,tower hamlets,353945,0.695023238073712,69.5023238073712
Tower Hamlets,tower hamlets,2025,Theft,2394,E09000030,Tower Hamlets,tower hamlets,353945,6.763762731497832,676.3762731497832
Tower Hamlets,tower hamlets,2025,Vehicle Offences,521,E09000030,Tower Hamlets,tower hamlets,353945,1.4719801099040812,147.1980109904081
Tower Hamlets,tower hamlets,2025,Violence Against The Person,2436,E09000030,Tower Hamlets,tower hamlets,353945,6.8824252355591975,688.2425235559198
Waltham Forest,waltham forest,2010,Arson And Criminal Damage,1944,E09000031,Waltham Forest,waltham forest,254009,7.65327212815294,765.3272128152939
Waltham Forest,waltham forest,2010,Burglary,5290,E09000031,Waltham Forest,waltham forest,254009,20.82603372321453,2082.603372321453
Waltham Forest,waltham forest,2010,Drug Offences,1350,E09000031,Waltham Forest,waltham forest,254009,5.314772311217319,531.4772311217318
Waltham Forest,waltham forest,2010,Fraud And Forgery,802,E09000031,Waltham Forest,waltham forest,254009,3.1573684397009556,315.73684397009555
Waltham Forest,waltham forest,2010,Miscellaneous Crimes Against Society,138,E09000031,Waltham Forest,waltham forest,254009,0.5432878362577704,54.32878362577704
Waltham Forest,waltham forest,2010,Nfib Fraud,0,E09000031,Waltham Forest,waltham forest,254009,0.0,0.0
Waltham Forest,waltham forest,2010,Possession Of Weapons,119,E09000031,Waltham Forest,waltham forest,254009,0.46848733706285994,46.848733706286
Waltham Forest,waltham forest,2010,Public Order Offences,275,E09000031,Waltham Forest,waltham forest,254009,1.0826388041368613,108.26388041368614
Waltham Forest,waltham forest,2010,Robbery,1249,E09000031,Waltham Forest,waltham forest,254009,4.9171486049706905,491.714860497069
Waltham Forest,waltham forest,2010,Sexual Offences,211,E09000031,Waltham Forest,waltham forest,254009,0.8306792279013735,83.06792279013735
Waltham Forest,waltham forest,2010,Theft,4742,E09000031,Waltham Forest,waltham forest,254009,18.66862985169817,1866.862985169817
Waltham Forest,waltham forest,2010,Vehicle Offences,3237,E09000031,Waltham Forest,waltham forest,254009,12.743642941785527,1274.3642941785527
Waltham Forest,waltham forest,2010,Violence Against The Person,3642,E09000031,Waltham Forest,waltham forest,254009,14.338074635150724,1433.8074635150722
Waltham Forest,waltham forest,2011,Arson And Criminal Damage,2332,E09000031,Waltham Forest,waltham forest,260397,8.955556323613559,895.555632361356
Waltham Forest,waltham forest,2011,Burglary,6704,E09000031,Waltham Forest,waltham forest,260397,25.745304285379632,2574.5304285379634
Waltham Forest,waltham forest,2011,Drug Offences,1269,E09000031,Waltham Forest,waltham forest,260397,4.873328033733107,487.3328033733107
Waltham Forest,waltham forest,2011,Fraud And Forgery,1054,E09000031,Waltham Forest,waltham forest,260397,4.047665679712132,404.7665679712132
Waltham Forest,waltham forest,2011,Miscellaneous Crimes Against Society,163,E09000031,Waltham Forest,waltham forest,260397,0.6259672730484607,62.59672730484606
Waltham Forest,waltham forest,2011,Nfib Fraud,0,E09000031,Waltham Forest,waltham forest,260397,0.0,0.0
Waltham Forest,waltham forest,2011,Possession Of Weapons,143,E09000031,Waltham Forest,waltham forest,260397,0.5491614726744164,54.91614726744164
Waltham Forest,waltham forest,2011,Public Order Offences,336,E09000031,Waltham Forest,waltham forest,260397,1.2903374462839432,129.03374462839432
Waltham Forest,waltham forest,2011,Robbery,1717,E09000031,Waltham Forest,waltham forest,260397,6.593777962111699,659.3777962111699
Waltham Forest,waltham forest,2011,Sexual Offences,290,E09000031,Waltham Forest,waltham forest,260397,1.1136841054236415,111.36841054236416
Waltham Forest,waltham forest,2011,Theft,5279,E09000031,Waltham Forest,waltham forest,260397,20.27289100872898,2027.289100872898
Waltham Forest,waltham forest,2011,Vehicle Offences,4724,E09000031,Waltham Forest,waltham forest,260397,18.14153004834925,1814.153004834925
Waltham Forest,waltham forest,2011,Violence Against The Person,4383,E09000031,Waltham Forest,waltham forest,260397,16.831991151971796,1683.1991151971797
Waltham Forest,waltham forest,2012,Arson And Criminal Damage,1900,E09000031,Waltham Forest,waltham forest,263221,7.218269059079633,721.8269059079632
Waltham Forest,waltham forest,2012,Burglary,5844,E09000031,Waltham Forest,waltham forest,263221,22.201875990137566,2220.1875990137564
Waltham Forest,waltham forest,2012,Drug Offences,1294,E09000031,Waltham Forest,waltham forest,263221,4.916021138131076,491.6021138131076
Waltham Forest,waltham forest,2012,Fraud And Forgery,1080,E09000031,Waltham Forest,waltham forest,263221,4.103016096740001,410.30160967400013
Waltham Forest,waltham forest,2012,Miscellaneous Crimes Against Society,204,E09000031,Waltham Forest,waltham forest,263221,0.7750141516064448,77.50141516064448
Waltham Forest,waltham forest,2012,Nfib Fraud,0,E09000031,Waltham Forest,waltham forest,263221,0.0,0.0
Waltham Forest,waltham forest,2012,Possession Of Weapons,147,E09000031,Waltham Forest,waltham forest,263221,0.5584660798340558,55.846607983405576
Waltham Forest,waltham forest,2012,Public Order Offences,560,E09000031,Waltham Forest,waltham forest,263221,2.1274898279392604,212.74898279392602
Waltham Forest,waltham forest,2012,Robbery,1321,E09000031,Waltham Forest,waltham forest,263221,5.018596540549576,501.8596540549577
Waltham Forest,waltham forest,2012,Sexual Offences,245,E09000031,Waltham Forest,waltham forest,263221,0.9307767997234263,93.07767997234262
Waltham Forest,waltham forest,2012,Theft,5814,E09000031,Waltham Forest,waltham forest,263221,22.087903320783678,2208.7903320783676
Waltham Forest,waltham forest,2012,Vehicle Offences,4069,E09000031,Waltham Forest,waltham forest,263221,15.458493053365803,1545.8493053365803
Waltham Forest,waltham forest,2012,Violence Against The Person,4219,E09000031,Waltham Forest,waltham forest,263221,16.028356400135248,1602.8356400135249
Waltham Forest,waltham forest,2013,Arson And Criminal Damage,1726,E09000031,Waltham Forest,waltham forest,266452,6.477714560220978,647.7714560220978
Waltham Forest,waltham forest,2013,Burglary,5364,E09000031,Waltham Forest,waltham forest,266452,20.131205620524522,2013.1205620524524
Waltham Forest,waltham forest,2013,Drug Offences,1695,E09000031,Waltham Forest,waltham forest,266452,6.361370903577379,636.137090357738
Waltham Forest,waltham forest,2013,Fraud And Forgery,103,E09000031,Waltham Forest,waltham forest,266452,0.3865611817513098,38.65611817513098
Waltham Forest,waltham forest,2013,Miscellaneous Crimes Against Society,269,E09000031,Waltham Forest,waltham forest,266452,1.0095626979718675,100.95626979718675
Waltham Forest,waltham forest,2013,Nfib Fraud,0,E09000031,Waltham Forest,waltham forest,266452,0.0,0.0
Waltham Forest,waltham forest,2013,Possession Of Weapons,141,E09000031,Waltham Forest,waltham forest,266452,0.5291759866692688,52.91759866692688
Waltham Forest,waltham forest,2013,Public Order Offences,655,E09000031,Waltham Forest,waltham forest,266452,2.4582288742437663,245.8228874243766
Waltham Forest,waltham forest,2013,Robbery,968,E09000031,Waltham Forest,waltham forest,266452,3.632924504225902,363.2924504225902
Waltham Forest,waltham forest,2013,Sexual Offences,275,E09000031,Waltham Forest,waltham forest,266452,1.0320808250641766,103.20808250641765
Waltham Forest,waltham forest,2013,Theft,5433,E09000031,Waltham Forest,waltham forest,266452,20.39016408208608,2039.016408208608
Waltham Forest,waltham forest,2013,Vehicle Offences,3803,E09000031,Waltham Forest,waltham forest,266452,14.27273955534205,1427.273955534205
Waltham Forest,waltham forest,2013,Violence Against The Person,4386,E09000031,Waltham Forest,waltham forest,266452,16.460750904478104,1646.0750904478102
Waltham Forest,waltham forest,2014,Arson And Criminal Damage,1633,E09000031,Waltham Forest,waltham forest,268675,6.077975248906672,607.7975248906672
Waltham Forest,waltham forest,2014,Burglary,4906,E09000031,Waltham Forest,waltham forest,268675,18.25997952917093,1825.9979529170932
Waltham Forest,waltham forest,2014,Drug Offences,1362,E09000031,Waltham Forest,waltham forest,268675,5.0693216711640465,506.9321671164046
Waltham Forest,waltham forest,2014,Fraud And Forgery,0,E09000031,Waltham Forest,waltham forest,268675,0.0,0.0
Waltham Forest,waltham forest,2014,Miscellaneous Crimes Against Society,266,E09000031,Waltham Forest,waltham forest,268675,0.9900437331348284,99.00437331348283
Waltham Forest,waltham forest,2014,Nfib Fraud,0,E09000031,Waltham Forest,waltham forest,268675,0.0,0.0
Waltham Forest,waltham forest,2014,Possession Of Weapons,175,E09000031,Waltham Forest,waltham forest,268675,0.6513445612729133,65.13445612729133
Waltham Forest,waltham forest,2014,Public Order Offences,957,E09000031,Waltham Forest,waltham forest,268675,3.5619242579324464,356.19242579324464
Waltham Forest,waltham forest,2014,Robbery,708,E09000031,Waltham Forest,waltham forest,268675,2.6351539964641293,263.51539964641296
Waltham Forest,waltham forest,2014,Sexual Offences,386,E09000031,Waltham Forest,waltham forest,268675,1.436680003721969,143.6680003721969
Waltham Forest,waltham forest,2014,Theft,4869,E09000031,Waltham Forest,waltham forest,268675,18.12226667907323,1812.226667907323
Waltham Forest,waltham forest,2014,Vehicle Offences,2633,E09000031,Waltham Forest,waltham forest,268675,9.799944170466178,979.9944170466177
Waltham Forest,waltham forest,2014,Violence Against The Person,5078,E09000031,Waltham Forest,waltham forest,268675,18.900158183679167,1890.0158183679166
Waltham Forest,waltham forest,2015,Arson And Criminal Damage,1920,E09000031,Waltham Forest,waltham forest,271825,7.063367975719673,706.3367975719673
Waltham Forest,waltham forest,2015,Burglary,4460,E09000031,Waltham Forest,waltham forest,271825,16.407615193598822,1640.7615193598822
Waltham Forest,waltham forest,2015,Drug Offences,1450,E09000031,Waltham Forest,waltham forest,271825,5.3343143566632945,533.4314356663294
Waltham Forest,waltham forest,2015,Fraud And Forgery,0,E09000031,Waltham Forest,waltham forest,271825,0.0,0.0
Waltham Forest,waltham forest,2015,Miscellaneous Crimes Against Society,267,E09000031,Waltham Forest,waltham forest,271825,0.982249609123517,98.22496091235169
Waltham Forest,waltham forest,2015,Nfib Fraud,0,E09000031,Waltham Forest,waltham forest,271825,0.0,0.0
Waltham Forest,waltham forest,2015,Possession Of Weapons,194,E09000031,Waltham Forest,waltham forest,271825,0.7136944725466753,71.36944725466752
Waltham Forest,waltham forest,2015,Public Order Offences,1149,E09000031,Waltham Forest,waltham forest,271825,4.226984272969742,422.6984272969742
Waltham Forest,waltham forest,2015,Robbery,647,E09000031,Waltham Forest,waltham forest,271825,2.380207854318036,238.02078543180357
Waltham Forest,waltham forest,2015,Sexual Offences,447,E09000031,Waltham Forest,waltham forest,271825,1.6444403568472363,164.44403568472362
Waltham Forest,waltham forest,2015,Theft,4708,E09000031,Waltham Forest,waltham forest,271825,17.319966890462613,1731.9966890462613
Waltham Forest,waltham forest,2015,Vehicle Offences,2652,E09000031,Waltham Forest,waltham forest,271825,9.756277016462796,975.6277016462797
Waltham Forest,waltham forest,2015,Violence Against The Person,5737,E09000031,Waltham Forest,waltham forest,271825,21.105490664949876,2110.5490664949875
Waltham Forest,waltham forest,2016,Arson And Criminal Damage,1897,E09000031,Waltham Forest,waltham forest,276498,6.8608091197766345,686.0809119776635
Waltham Forest,waltham forest,2016,Burglary,3748,E09000031,Waltham Forest,waltham forest,276498,13.555251755889735,1355.5251755889735
Waltham Forest,waltham forest,2016,Drug Offences,1063,E09000031,Waltham Forest,waltham forest,276498,3.844512437702985,384.4512437702985
Waltham Forest,waltham forest,2016,Fraud And Forgery,0,E09000031,Waltham Forest,waltham forest,276498,0.0,0.0
Waltham Forest,waltham forest,2016,Miscellaneous Crimes Against Society,346,E09000031,Waltham Forest,waltham forest,276498,1.2513652901648473,125.13652901648474
Waltham Forest,waltham forest,2016,Nfib Fraud,0,E09000031,Waltham Forest,waltham forest,276498,0.0,0.0
Waltham Forest,waltham forest,2016,Possession Of Weapons,196,E09000031,Waltham Forest,waltham forest,276498,0.7088658869141911,70.8865886914191
Waltham Forest,waltham forest,2016,Public Order Offences,1233,E09000031,Waltham Forest,waltham forest,276498,4.459345094720396,445.93450947203957
Waltham Forest,waltham forest,2016,Robbery,604,E09000031,Waltham Forest,waltham forest,276498,2.1844642637559764,218.44642637559764
Waltham Forest,waltham forest,2016,Sexual Offences,476,E09000031,Waltham Forest,waltham forest,276498,1.7215314396487498,172.15314396487497
Waltham Forest,waltham forest,2016,Theft,4854,E09000031,Waltham Forest,waltham forest,276498,17.555280689191243,1755.5280689191243
Waltham Forest,waltham forest,2016,Vehicle Offences,2522,E09000031,Waltham Forest,waltham forest,276498,9.121223299987703,912.1223299987703
Waltham Forest,waltham forest,2016,Violence Against The Person,6177,E09000031,Waltham Forest,waltham forest,276498,22.34012542586203,2234.0125425862034
Waltham Forest,waltham forest,2017,Arson And Criminal Damage,1906,E09000031,Waltham Forest,waltham forest,280050,6.805927512944118,680.5927512944118
Waltham Forest,waltham forest,2017,Burglary,4866,E09000031,Waltham Forest,waltham forest,280050,17.37546866630959,1737.546866630959
Waltham Forest,waltham forest,2017,Drug Offences,895,E09000031,Waltham Forest,waltham forest,280050,3.1958578825209787,319.58578825209787
Waltham Forest,waltham forest,2017,Fraud And Forgery,0,E09000031,Waltham Forest,waltham forest,280050,0.0,0.0
Waltham Forest,waltham forest,2017,Miscellaneous Crimes Against Society,244,E09000031,Waltham Forest,waltham forest,280050,0.8712729869666131,87.12729869666131
Waltham Forest,waltham forest,2017,Nfib Fraud,0,E09000031,Waltham Forest,waltham forest,280050,0.0,0.0
Waltham Forest,waltham forest,2017,Possession Of Weapons,247,E09000031,Waltham Forest,waltham forest,280050,0.8819853597571863,88.19853597571863
Waltham Forest,waltham forest,2017,Public Order Offences,1236,E09000031,Waltham Forest,waltham forest,280050,4.413497589716122,441.3497589716122
Waltham Forest,waltham forest,2017,Robbery,813,E09000031,Waltham Forest,waltham forest,280050,2.9030530262453134,290.30530262453135
Waltham Forest,waltham forest,2017,Sexual Offences,550,E09000031,Waltham Forest,waltham forest,280050,1.9639350116050707,196.39350116050707
Waltham Forest,waltham forest,2017,Theft,4816,E09000031,Waltham Forest,waltham forest,280050,17.196929119800036,1719.6929119800034
Waltham Forest,waltham forest,2017,Vehicle Offences,3389,E09000031,Waltham Forest,waltham forest,280050,12.101410462417425,1210.1410462417425
Waltham Forest,waltham forest,2017,Violence Against The Person,5959,E09000031,Waltham Forest,waltham forest,280050,21.278343153008393,2127.834315300839
Waltham Forest,waltham forest,2018,Arson And Criminal Damage,1619,E09000031,Waltham Forest,waltham forest,283524,5.710274967903952,571.0274967903952
Waltham Forest,waltham forest,2018,Burglary,4388,E09000031,Waltham Forest,waltham forest,283524,15.476643952540174,1547.6643952540173
Waltham Forest,waltham forest,2018,Drug Offences,1172,E09000031,Waltham Forest,waltham forest,283524,4.133688858791495,413.36888587914956
Waltham Forest,waltham forest,2018,Fraud And Forgery,0,E09000031,Waltham Forest,waltham forest,283524,0.0,0.0
Waltham Forest,waltham forest,2018,Miscellaneous Crimes Against Society,302,E09000031,Waltham Forest,waltham forest,283524,1.0651655591766482,106.51655591766482
Waltham Forest,waltham forest,2018,Nfib Fraud,0,E09000031,Waltham Forest,waltham forest,283524,0.0,0.0
Waltham Forest,waltham forest,2018,Possession Of Weapons,246,E09000031,Waltham Forest,waltham forest,283524,0.8676514157531637,86.76514157531638
Waltham Forest,waltham forest,2018,Public Order Offences,1224,E09000031,Waltham Forest,waltham forest,283524,4.317094849113302,431.70948491133026
Waltham Forest,waltham forest,2018,Robbery,982,E09000031,Waltham Forest,waltham forest,283524,3.4635515864618163,346.3551586461816
Waltham Forest,waltham forest,2018,Sexual Offences,496,E09000031,Waltham Forest,waltham forest,283524,1.749410984608005,174.9410984608005
Waltham Forest,waltham forest,2018,Theft,5051,E09000031,Waltham Forest,waltham forest,283524,17.81507032914321,1781.5070329143211
Waltham Forest,waltham forest,2018,Vehicle Offences,3796,E09000031,Waltham Forest,waltham forest,283524,13.38863729349191,1338.8637293491909
Waltham Forest,waltham forest,2018,Violence Against The Person,6352,E09000031,Waltham Forest,waltham forest,283524,22.403747125463806,2240.3747125463806
Waltham Forest,waltham forest,2019,Arson And Criminal Damage,1679,E09000031,Waltham Forest,waltham forest,286776,5.854743772142718,585.4743772142717
Waltham Forest,waltham forest,2019,Burglary,3920,E09000031,Waltham Forest,waltham forest,286776,13.669205233352862,1366.9205233352861
Waltham Forest,waltham forest,2019,Drug Offences,1788,E09000031,Waltham Forest,waltham forest,286776,6.23483136664156,623.483136664156
Waltham Forest,waltham forest,2019,Fraud And Forgery,0,E09000031,Waltham Forest,waltham forest,286776,0.0,0.0
Waltham Forest,waltham forest,2019,Miscellaneous Crimes Against Society,300,E09000031,Waltham Forest,waltham forest,286776,1.0461126454096576,104.61126454096576
Waltham Forest,waltham forest,2019,Nfib Fraud,0,E09000031,Waltham Forest,waltham forest,286776,0.0,0.0
Waltham Forest,waltham forest,2019,Possession Of Weapons,250,E09000031,Waltham Forest,waltham forest,286776,0.8717605378413814,87.17605378413815
Waltham Forest,waltham forest,2019,Public Order Offences,1198,E09000031,Waltham Forest,waltham forest,286776,4.1774764973359,417.74764973359004
Waltham Forest,waltham forest,2019,Robbery,839,E09000031,Waltham Forest,waltham forest,286776,2.925628364995676,292.5628364995676
Waltham Forest,waltham forest,2019,Sexual Offences,490,E09000031,Waltham Forest,waltham forest,286776,1.7086506541691078,170.86506541691077
Waltham Forest,waltham forest,2019,Theft,5079,E09000031,Waltham Forest,waltham forest,286776,17.710687086785505,1771.0687086785506
Waltham Forest,waltham forest,2019,Vehicle Offences,4283,E09000031,Waltham Forest,waltham forest,286776,14.935001534298546,1493.5001534298547
Waltham Forest,waltham forest,2019,Violence Against The Person,6111,E09000031,Waltham Forest,waltham forest,286776,21.309314586994727,2130.931458699473
Waltham Forest,waltham forest,2020,Arson And Criminal Damage,1541,E09000031,Waltham Forest,waltham forest,290024,5.313353377651505,531.3353377651505
Waltham Forest,waltham forest,2020,Burglary,3624,E09000031,Waltham Forest,waltham forest,290024,12.495517612335531,1249.551761233553
Waltham Forest,waltham forest,2020,Drug Offences,1796,E09000031,Waltham Forest,waltham forest,290024,6.192590957989684,619.2590957989684
Waltham Forest,waltham forest,2020,Fraud And Forgery,0,E09000031,Waltham Forest,waltham forest,290024,0.0,0.0
Waltham Forest,waltham forest,2020,Miscellaneous Crimes Against Society,344,E09000031,Waltham Forest,waltham forest,290024,1.186108735828759,118.6108735828759
Waltham Forest,waltham forest,2020,Nfib Fraud,0,E09000031,Waltham Forest,waltham forest,290024,0.0,0.0
Waltham Forest,waltham forest,2020,Possession Of Weapons,221,E09000031,Waltham Forest,waltham forest,290024,0.7620059029597551,76.20059029597552
Waltham Forest,waltham forest,2020,Public Order Offences,1364,E09000031,Waltham Forest,waltham forest,290024,4.703059057181474,470.30590571814747
Waltham Forest,waltham forest,2020,Robbery,728,E09000031,Waltham Forest,waltham forest,290024,2.5101370921027226,251.01370921027225
Waltham Forest,waltham forest,2020,Sexual Offences,490,E09000031,Waltham Forest,waltham forest,290024,1.6895153504537557,168.95153504537555
Waltham Forest,waltham forest,2020,Theft,4604,E09000031,Waltham Forest,waltham forest,290024,15.874548313243041,1587.4548313243042
Waltham Forest,waltham forest,2020,Vehicle Offences,3675,E09000031,Waltham Forest,waltham forest,290024,12.671365128403167,1267.1365128403168
Waltham Forest,waltham forest,2020,Violence Against The Person,6490,E09000031,Waltham Forest,waltham forest,290024,22.377458417234436,2237.745841723444
Waltham Forest,waltham forest,2021,Arson And Criminal Damage,1518,E09000031,Waltham Forest,waltham forest,292788,5.184638714701422,518.4638714701422
Waltham Forest,waltham forest,2021,Burglary,2568,E09000031,Waltham Forest,waltham forest,292788,8.77085126439608,877.0851264396081
Waltham Forest,waltham forest,2021,Drug Offences,1468,E09000031,Waltham Forest,waltham forest,292788,5.013866688525487,501.3866688525486
Waltham Forest,waltham forest,2021,Fraud And Forgery,0,E09000031,Waltham Forest,waltham forest,292788,0.0,0.0
Waltham Forest,waltham forest,2021,Miscellaneous Crimes Against Society,300,E09000031,Waltham Forest,waltham forest,292788,1.0246321570556172,102.46321570556171
Waltham Forest,waltham forest,2021,Nfib Fraud,0,E09000031,Waltham Forest,waltham forest,292788,0.0,0.0
Waltham Forest,waltham forest,2021,Possession Of Weapons,191,E09000031,Waltham Forest,waltham forest,292788,0.6523491399920762,65.23491399920762
Waltham Forest,waltham forest,2021,Public Order Offences,1541,E09000031,Waltham Forest,waltham forest,292788,5.263193846742353,526.3193846742353
Waltham Forest,waltham forest,2021,Robbery,727,E09000031,Waltham Forest,waltham forest,292788,2.483025260598112,248.30252605981119
Waltham Forest,waltham forest,2021,Sexual Offences,576,E09000031,Waltham Forest,waltham forest,292788,1.9672937415467846,196.72937415467845
Waltham Forest,waltham forest,2021,Theft,4453,E09000031,Waltham Forest,waltham forest,292788,15.208956651228876,1520.8956651228875
Waltham Forest,waltham forest,2021,Vehicle Offences,3372,E09000031,Waltham Forest,waltham forest,292788,11.516865445305136,1151.6865445305136
Waltham Forest,waltham forest,2021,Violence Against The Person,6671,E09000031,Waltham Forest,waltham forest,292788,22.784403732393404,2278.4403732393403
Waltham Forest,waltham forest,2022,Arson And Criminal Damage,1540,E09000031,Waltham Forest,waltham forest,295311,5.214841302897623,521.4841302897623
Waltham Forest,waltham forest,2022,Burglary,2354,E09000031,Waltham Forest,waltham forest,295311,7.971257420143509,797.125742014351
Waltham Forest,waltham forest,2022,Drug Offences,1490,E09000031,Waltham Forest,waltham forest,295311,5.045528273582765,504.55282735827655
Waltham Forest,waltham forest,2022,Fraud And Forgery,0,E09000031,Waltham Forest,waltham forest,295311,0.0,0.0
Waltham Forest,waltham forest,2022,Miscellaneous Crimes Against Society,312,E09000031,Waltham Forest,waltham forest,295311,1.0565133029247133,105.65133029247133
Waltham Forest,waltham forest,2022,Nfib Fraud,0,E09000031,Waltham Forest,waltham forest,295311,0.0,0.0
Waltham Forest,waltham forest,2022,Possession Of Weapons,214,E09000031,Waltham Forest,waltham forest,295311,0.7246597654675918,72.46597654675918
Waltham Forest,waltham forest,2022,Public Order Offences,1353,E09000031,Waltham Forest,waltham forest,295311,4.581610573260055,458.16105732600545
Waltham Forest,waltham forest,2022,Robbery,619,E09000031,Waltham Forest,waltham forest,295311,2.096095302917941,209.60953029179407
Waltham Forest,waltham forest,2022,Sexual Offences,595,E09000031,Waltham Forest,waltham forest,295311,2.014825048846809,201.4825048846809
Waltham Forest,waltham forest,2022,Theft,4808,E09000031,Waltham Forest,waltham forest,295311,16.281140898916735,1628.1140898916735
Waltham Forest,waltham forest,2022,Vehicle Offences,3545,E09000031,Waltham Forest,waltham forest,295311,12.004293778423426,1200.4293778423425
Waltham Forest,waltham forest,2022,Violence Against The Person,6652,E09000031,Waltham Forest,waltham forest,295311,22.525405420048696,2252.5405420048696
Waltham Forest,waltham forest,2023,Arson And Criminal Damage,1641,E09000031,Waltham Forest,waltham forest,297439,5.517097623378239,551.7097623378239
Waltham Forest,waltham forest,2023,Burglary,1694,E09000031,Waltham Forest,waltham forest,297439,5.695285419867603,569.5285419867603
Waltham Forest,waltham forest,2023,Drug Offences,1278,E09000031,Waltham Forest,waltham forest,297439,4.296679319120896,429.66793191208956
Waltham Forest,waltham forest,2023,Fraud And Forgery,0,E09000031,Waltham Forest,waltham forest,297439,0.0,0.0
Waltham Forest,waltham forest,2023,Miscellaneous Crimes Against Society,277,E09000031,Waltham Forest,waltham forest,297439,0.9312833891991299,93.12833891991299
Waltham Forest,waltham forest,2023,Nfib Fraud,0,E09000031,Waltham Forest,waltham forest,297439,0.0,0.0
Waltham Forest,waltham forest,2023,Possession Of Weapons,188,E09000031,Waltham Forest,waltham forest,297439,0.632062372452839,63.2062372452839
Waltham Forest,waltham forest,2023,Public Order Offences,1437,E09000031,Waltham Forest,waltham forest,297439,4.831242708588988,483.1242708588988
Waltham Forest,waltham forest,2023,Robbery,741,E09000031,Waltham Forest,waltham forest,297439,2.491267116955073,249.12671169550728
Waltham Forest,waltham forest,2023,Sexual Offences,606,E09000031,Waltham Forest,waltham forest,297439,2.0373925409915983,203.7392540991598
Waltham Forest,waltham forest,2023,Theft,5441,E09000031,Waltham Forest,waltham forest,297439,18.292826428276047,1829.2826428276048
Waltham Forest,waltham forest,2023,Vehicle Offences,3420,E09000031,Waltham Forest,waltham forest,297439,11.49815592440803,1149.8155924408031
Waltham Forest,waltham forest,2023,Violence Against The Person,6529,E09000031,Waltham Forest,waltham forest,297439,21.950719307152053,2195.0719307152053
Waltham Forest,waltham forest,2024,Arson And Criminal Damage,1706,E09000031,Waltham Forest,waltham forest,299105,5.703682653248859,570.3682653248859
Waltham Forest,waltham forest,2024,Burglary,1534,E09000031,Waltham Forest,waltham forest,299105,5.128633757376172,512.8633757376172
Waltham Forest,waltham forest,2024,Drug Offences,1355,E09000031,Waltham Forest,waltham forest,299105,4.530181708764481,453.01817087644804
Waltham Forest,waltham forest,2024,Fraud And Forgery,5,E09000031,Waltham Forest,waltham forest,299105,0.01671653767071764,1.6716537670717642
Waltham Forest,waltham forest,2024,Miscellaneous Crimes Against Society,243,E09000031,Waltham Forest,waltham forest,299105,0.8124237307968774,81.24237307968774
Waltham Forest,waltham forest,2024,Nfib Fraud,1,E09000031,Waltham Forest,waltham forest,299105,0.0033433075341435282,0.3343307534143528
Waltham Forest,waltham forest,2024,Possession Of Weapons,175,E09000031,Waltham Forest,waltham forest,299105,0.5850788184751174,58.50788184751175
Waltham Forest,waltham forest,2024,Public Order Offences,1418,E09000031,Waltham Forest,waltham forest,299105,4.740810083415522,474.08100834155226
Waltham Forest,waltham forest,2024,Robbery,972,E09000031,Waltham Forest,waltham forest,299105,3.2496949231875094,324.96949231875095
Waltham Forest,waltham forest,2024,Sexual Offences,604,E09000031,Waltham Forest,waltham forest,299105,2.019357750622691,201.9357750622691
Waltham Forest,waltham forest,2024,Theft,7141,E09000031,Waltham Forest,waltham forest,299105,23.874559101318937,2387.4559101318937
Waltham Forest,waltham forest,2024,Vehicle Offences,3771,E09000031,Waltham Forest,waltham forest,299105,12.607612711255245,1260.7612711255244
Waltham Forest,waltham forest,2024,Violence Against The Person,6203,E09000031,Waltham Forest,waltham forest,299105,20.738536634292306,2073.8536634292304
Waltham Forest,waltham forest,2025,Arson And Criminal Damage,414,E09000031,Waltham Forest,waltham forest,300284,1.3786948355556738,137.8694835555674
Waltham Forest,waltham forest,2025,Burglary,338,E09000031,Waltham Forest,waltham forest,300284,1.1256010976275792,112.56010976275792
Waltham Forest,waltham forest,2025,Drug Offences,399,E09000031,Waltham Forest,waltham forest,300284,1.3287421241224975,132.87421241224973
Waltham Forest,waltham forest,2025,Fraud And Forgery,0,E09000031,Waltham Forest,waltham forest,300284,0.0,0.0
Waltham Forest,waltham forest,2025,Miscellaneous Crimes Against Society,78,E09000031,Waltham Forest,waltham forest,300284,0.25975409945251826,25.975409945251826
Waltham Forest,waltham forest,2025,Nfib Fraud,0,E09000031,Waltham Forest,waltham forest,300284,0.0,0.0
Waltham Forest,waltham forest,2025,Possession Of Weapons,29,E09000031,Waltham Forest,waltham forest,300284,0.09657524210414141,9.657524210414142
Waltham Forest,waltham forest,2025,Public Order Offences,296,E09000031,Waltham Forest,waltham forest,300284,0.9857335056146848,98.57335056146849
Waltham Forest,waltham forest,2025,Robbery,218,E09000031,Waltham Forest,waltham forest,300284,0.7259794061621665,72.59794061621665
Waltham Forest,waltham forest,2025,Sexual Offences,138,E09000031,Waltham Forest,waltham forest,300284,0.45956494518522467,45.95649451852247
Waltham Forest,waltham forest,2025,Theft,1649,E09000031,Waltham Forest,waltham forest,300284,5.491468076887214,549.1468076887214
Waltham Forest,waltham forest,2025,Vehicle Offences,701,E09000031,Waltham Forest,waltham forest,300284,2.334456714310453,233.44567143104527
Waltham Forest,waltham forest,2025,Violence Against The Person,1441,E09000031,Waltham Forest,waltham forest,300284,4.798790478347165,479.87904783471646
Wandsworth,wandsworth,2010,Arson And Criminal Damage,1952,E09000032,Wandsworth,wandsworth,302620,6.4503337519000725,645.0333751900073
Wandsworth,wandsworth,2010,Burglary,4832,E09000032,Wandsworth,wandsworth,302620,15.967219615359195,1596.7219615359195
Wandsworth,wandsworth,2010,Drug Offences,885,E09000032,Wandsworth,wandsworth,302620,2.924459718458793,292.44597184587934
Wandsworth,wandsworth,2010,Fraud And Forgery,409,E09000032,Wandsworth,wandsworth,302620,1.3515299715815214,135.15299715815215
Wandsworth,wandsworth,2010,Miscellaneous Crimes Against Society,136,E09000032,Wandsworth,wandsworth,302620,0.4494084991077919,44.94084991077919
Wandsworth,wandsworth,2010,Possession Of Weapons,72,E09000032,Wandsworth,wandsworth,302620,0.2379221465864781,23.792214658647808
Wandsworth,wandsworth,2010,Public Order Offences,382,E09000032,Wandsworth,wandsworth,302620,1.262309166611592,126.2309166611592
Wandsworth,wandsworth,2010,Robbery,867,E09000032,Wandsworth,wandsworth,302620,2.8649791818121737,286.49791818121736
Wandsworth,wandsworth,2010,Sexual Offences,238,E09000032,Wandsworth,wandsworth,302620,0.7864648734386359,78.6464873438636
Wandsworth,wandsworth,2010,Theft,5190,E09000032,Wandsworth,wandsworth,302620,17.150221399775297,1715.0221399775296
Wandsworth,wandsworth,2010,Vehicle Offences,2811,E09000032,Wandsworth,wandsworth,302620,9.28887713964708,928.8877139647082
Wandsworth,wandsworth,2010,Violence Against The Person,3269,E09000032,Wandsworth,wandsworth,302620,10.802326349877733,1080.2326349877733
Wandsworth,wandsworth,2011,Arson And Criminal Damage,2141,E09000032,Wandsworth,wandsworth,308300,6.944534544275057,694.4534544275057
Wandsworth,wandsworth,2011,Burglary,6178,E09000032,Wandsworth,wandsworth,308300,20.038923126824525,2003.8923126824523
Wandsworth,wandsworth,2011,Drug Offences,1055,E09000032,Wandsworth,wandsworth,308300,3.421991566655855,342.19915666558546
Wandsworth,wandsworth,2011,Fraud And Forgery,526,E09000032,Wandsworth,wandsworth,308300,1.7061303924748623,170.61303924748623
Wandsworth,wandsworth,2011,Miscellaneous Crimes Against Society,190,E09000032,Wandsworth,wandsworth,308300,0.6162828413882582,61.62828413882582
Wandsworth,wandsworth,2011,Possession Of Weapons,90,E09000032,Wandsworth,wandsworth,308300,0.2919234511839118,29.192345118391177
Wandsworth,wandsworth,2011,Public Order Offences,449,E09000032,Wandsworth,wandsworth,308300,1.4563736620175154,145.63736620175155
Wandsworth,wandsworth,2011,Robbery,1247,E09000032,Wandsworth,wandsworth,308300,4.0447615958481995,404.47615958482
Wandsworth,wandsworth,2011,Sexual Offences,304,E09000032,Wandsworth,wandsworth,308300,0.9860525462212131,98.60525462212131
Wandsworth,wandsworth,2011,Theft,6399,E09000032,Wandsworth,wandsworth,308300,20.755757379176128,2075.575737917613
Wandsworth,wandsworth,2011,Vehicle Offences,3711,E09000032,Wandsworth,wandsworth,308300,12.036976970483297,1203.6976970483295
Wandsworth,wandsworth,2011,Violence Against The Person,3455,E09000032,Wandsworth,wandsworth,308300,11.206616931560168,1120.6616931560168
Wandsworth,wandsworth,2012,Arson And Criminal Damage,1999,E09000032,Wandsworth,wandsworth,308902,6.471308052392021,647.1308052392021
Wandsworth,wandsworth,2012,Burglary,6834,E09000032,Wandsworth,wandsworth,308902,22.123521375711388,2212.352137571139
Wandsworth,wandsworth,2012,Drug Offences,1050,E09000032,Wandsworth,wandsworth,308902,3.3991362956536375,339.91362956536375
Wandsworth,wandsworth,2012,Fraud And Forgery,889,E09000032,Wandsworth,wandsworth,308902,2.877935396986747,287.7935396986747
Wandsworth,wandsworth,2012,Miscellaneous Crimes Against Society,227,E09000032,Wandsworth,wandsworth,308902,0.7348608943936912,73.48608943936912
Wandsworth,wandsworth,2012,Possession Of Weapons,79,E09000032,Wandsworth,wandsworth,308902,0.25574454033965466,25.574454033965466
Wandsworth,wandsworth,2012,Public Order Offences,686,E09000032,Wandsworth,wandsworth,308902,2.22076904649371,222.076904649371
Wandsworth,wandsworth,2012,Robbery,1183,E09000032,Wandsworth,wandsworth,308902,3.829693559769765,382.96935597697654
Wandsworth,wandsworth,2012,Sexual Offences,292,E09000032,Wandsworth,wandsworth,308902,0.945283617457964,94.5283617457964
Wandsworth,wandsworth,2012,Theft,8002,E09000032,Wandsworth,wandsworth,308902,25.904655845543246,2590.4655845543243
Wandsworth,wandsworth,2012,Vehicle Offences,4319,E09000032,Wandsworth,wandsworth,308902,13.981780629455296,1398.1780629455295
Wandsworth,wandsworth,2012,Violence Against The Person,3405,E09000032,Wandsworth,wandsworth,308902,11.022913415905368,1102.2913415905368
Wandsworth,wandsworth,2013,Arson And Criminal Damage,1769,E09000032,Wandsworth,wandsworth,311106,5.686164844136726,568.6164844136725
Wandsworth,wandsworth,2013,Burglary,6188,E09000032,Wandsworth,wandsworth,311106,19.890326769654074,1989.0326769654073
Wandsworth,wandsworth,2013,Drug Offences,1073,E09000032,Wandsworth,wandsworth,311106,3.448985233328833,344.8985233328833
Wandsworth,wandsworth,2013,Fraud And Forgery,82,E09000032,Wandsworth,wandsworth,311106,0.2635757587446079,26.357575874460792
Wandsworth,wandsworth,2013,Miscellaneous Crimes Against Society,253,E09000032,Wandsworth,wandsworth,311106,0.8132276458827538,81.32276458827538
Wandsworth,wandsworth,2013,Possession Of Weapons,111,E09000032,Wandsworth,wandsworth,311106,0.3567915758616034,35.67915758616034
Wandsworth,wandsworth,2013,Public Order Offences,660,E09000032,Wandsworth,wandsworth,311106,2.1214634240419667,212.14634240419664
Wandsworth,wandsworth,2013,Robbery,935,E09000032,Wandsworth,wandsworth,311106,3.0054065173927857,300.5406517392786
Wandsworth,wandsworth,2013,Sexual Offences,353,E09000032,Wandsworth,wandsworth,311106,1.1346614980103245,113.46614980103246
Wandsworth,wandsworth,2013,Theft,7361,E09000032,Wandsworth,wandsworth,311106,23.660745855110477,2366.0745855110476
Wandsworth,wandsworth,2013,Vehicle Offences,3673,E09000032,Wandsworth,wandsworth,311106,11.806265388645672,1180.626538864567
Wandsworth,wandsworth,2013,Violence Against The Person,3295,E09000032,Wandsworth,wandsworth,311106,10.591245427603454,1059.1245427603453
Wandsworth,wandsworth,2014,Arson And Criminal Damage,1722,E09000032,Wandsworth,wandsworth,312735,5.506259293011655,550.6259293011656
Wandsworth,wandsworth,2014,Burglary,5338,E09000032,Wandsworth,wandsworth,312735,17.06876428925448,1706.8764289254482
Wandsworth,wandsworth,2014,Drug Offences,851,E09000032,Wandsworth,wandsworth,312735,2.7211536924232975,272.11536924232973
Wandsworth,wandsworth,2014,Fraud And Forgery,0,E09000032,Wandsworth,wandsworth,312735,0.0,0.0
Wandsworth,wandsworth,2014,Miscellaneous Crimes Against Society,271,E09000032,Wandsworth,wandsworth,312735,0.8665483556365613,86.65483556365614
Wandsworth,wandsworth,2014,Possession Of Weapons,95,E09000032,Wandsworth,wandsworth,312735,0.3037715637840344,30.37715637840344
Wandsworth,wandsworth,2014,Public Order Offences,925,E09000032,Wandsworth,wandsworth,312735,2.957775752634019,295.7775752634019
Wandsworth,wandsworth,2014,Robbery,587,E09000032,Wandsworth,wandsworth,312735,1.8769885046445074,187.69885046445074
Wandsworth,wandsworth,2014,Sexual Offences,389,E09000032,Wandsworth,wandsworth,312735,1.2438646138104146,124.38646138104146
Wandsworth,wandsworth,2014,Theft,6181,E09000032,Wandsworth,wandsworth,312735,19.764337218411754,1976.4337218411754
Wandsworth,wandsworth,2014,Vehicle Offences,3490,E09000032,Wandsworth,wandsworth,312735,11.159607974802949,1115.9607974802948
Wandsworth,wandsworth,2014,Violence Against The Person,4466,E09000032,Wandsworth,wandsworth,312735,14.28046109325787,1428.046109325787
Wandsworth,wandsworth,2015,Arson And Criminal Damage,1884,E09000032,Wandsworth,wandsworth,315134,5.978409184664302,597.8409184664301
Wandsworth,wandsworth,2015,Burglary,4784,E09000032,Wandsworth,wandsworth,315134,15.180843704582811,1518.0843704582812
Wandsworth,wandsworth,2015,Drug Offences,719,E09000032,Wandsworth,wandsworth,315134,2.2815691102832445,228.15691102832446
Wandsworth,wandsworth,2015,Fraud And Forgery,0,E09000032,Wandsworth,wandsworth,315134,0.0,0.0
Wandsworth,wandsworth,2015,Miscellaneous Crimes Against Society,334,E09000032,Wandsworth,wandsworth,315134,1.059866596431994,105.9866596431994
Wandsworth,wandsworth,2015,Possession Of Weapons,139,E09000032,Wandsworth,wandsworth,315134,0.4410822062995424,44.10822062995424
Wandsworth,wandsworth,2015,Public Order Offences,1333,E09000032,Wandsworth,wandsworth,315134,4.229946625879784,422.9946625879785
Wandsworth,wandsworth,2015,Robbery,450,E09000032,Wandsworth,wandsworth,315134,1.4279639772287345,142.79639772287345
Wandsworth,wandsworth,2015,Sexual Offences,534,E09000032,Wandsworth,wandsworth,315134,1.6945172529780983,169.45172529780984
Wandsworth,wandsworth,2015,Theft,6424,E09000032,Wandsworth,wandsworth,315134,20.38497908826087,2038.4979088260868
Wandsworth,wandsworth,2015,Vehicle Offences,3089,E09000032,Wandsworth,wandsworth,315134,9.80217939035458,980.217939035458
Wandsworth,wandsworth,2015,Violence Against The Person,5630,E09000032,Wandsworth,wandsworth,315134,17.86541598177283,1786.5415981772833
Wandsworth,wandsworth,2016,Arson And Criminal Damage,1783,E09000032,Wandsworth,wandsworth,316686,5.630182578326797,563.0182578326798
Wandsworth,wandsworth,2016,Burglary,4700,E09000032,Wandsworth,wandsworth,316686,14.841199168892848,1484.1199168892847
Wandsworth,wandsworth,2016,Drug Offences,885,E09000032,Wandsworth,wandsworth,316686,2.7945662264830147,279.45662264830145
Wandsworth,wandsworth,2016,Fraud And Forgery,0,E09000032,Wandsworth,wandsworth,316686,0.0,0.0
Wandsworth,wandsworth,2016,Miscellaneous Crimes Against Society,294,E09000032,Wandsworth,wandsworth,316686,0.92836437354351,92.836437354351
Wandsworth,wandsworth,2016,Possession Of Weapons,133,E09000032,Wandsworth,wandsworth,316686,0.41997435946015926,41.997435946015926
Wandsworth,wandsworth,2016,Public Order Offences,1299,E09000032,Wandsworth,wandsworth,316686,4.101854834125916,410.1854834125916
Wandsworth,wandsworth,2016,Robbery,610,E09000032,Wandsworth,wandsworth,316686,1.9261981900052418,192.6198190005242
Wandsworth,wandsworth,2016,Sexual Offences,624,E09000032,Wandsworth,wandsworth,316686,1.9704060173168376,197.04060173168378
Wandsworth,wandsworth,2016,Theft,6619,E09000032,Wandsworth,wandsworth,316686,20.900829212532287,2090.0829212532285
Wandsworth,wandsworth,2016,Vehicle Offences,4184,E09000032,Wandsworth,wandsworth,316686,13.211824962265462,1321.1824962265462
Wandsworth,wandsworth,2016,Violence Against The Person,5537,E09000032,Wandsworth,wandsworth,316686,17.484195701736105,1748.4195701736105
Wandsworth,wandsworth,2017,Arson And Criminal Damage,1956,E09000032,Wandsworth,wandsworth,319731,6.117642643347064,611.7642643347064
Wandsworth,wandsworth,2017,Burglary,4768,E09000032,Wandsworth,wandsworth,319731,14.912535850449283,1491.2535850449283
Wandsworth,wandsworth,2017,Drug Offences,841,E09000032,Wandsworth,wandsworth,319731,2.630336126306176,263.0336126306176
Wandsworth,wandsworth,2017,Fraud And Forgery,0,E09000032,Wandsworth,wandsworth,319731,0.0,0.0
Wandsworth,wandsworth,2017,Miscellaneous Crimes Against Society,296,E09000032,Wandsworth,wandsworth,319731,0.9257782323265495,92.57782323265495
Wandsworth,wandsworth,2017,Possession Of Weapons,186,E09000032,Wandsworth,wandsworth,319731,0.5817390243673588,58.17390243673588
Wandsworth,wandsworth,2017,Public Order Offences,1402,E09000032,Wandsworth,wandsworth,319731,4.3849360868980485,438.49360868980483
Wandsworth,wandsworth,2017,Robbery,746,E09000032,Wandsworth,wandsworth,319731,2.333211355795966,233.3211355795966
Wandsworth,wandsworth,2017,Sexual Offences,667,E09000032,Wandsworth,wandsworth,319731,2.086128651898002,208.61286518980017
Wandsworth,wandsworth,2017,Theft,6462,E09000032,Wandsworth,wandsworth,319731,20.21073965302082,2021.073965302082
Wandsworth,wandsworth,2017,Vehicle Offences,3910,E09000032,Wandsworth,wandsworth,319731,12.229030028367596,1222.9030028367597
Wandsworth,wandsworth,2017,Violence Against The Person,6010,E09000032,Wandsworth,wandsworth,319731,18.797051271224873,1879.7051271224875
Wandsworth,wandsworth,2018,Arson And Criminal Damage,1703,E09000032,Wandsworth,wandsworth,324400,5.249691738594328,524.9691738594328
Wandsworth,wandsworth,2018,Burglary,5506,E09000032,Wandsworth,wandsworth,324400,16.972872996300865,1697.2872996300864
Wandsworth,wandsworth,2018,Drug Offences,701,E09000032,Wandsworth,wandsworth,324400,2.160912453760789,216.0912453760789
Wandsworth,wandsworth,2018,Fraud And Forgery,0,E09000032,Wandsworth,wandsworth,324400,0.0,0.0
Wandsworth,wandsworth,2018,Miscellaneous Crimes Against Society,321,E09000032,Wandsworth,wandsworth,324400,0.9895191122071517,98.95191122071516
Wandsworth,wandsworth,2018,Possession Of Weapons,207,E09000032,Wandsworth,wandsworth,324400,0.6381011097410604,63.81011097410604
Wandsworth,wandsworth,2018,Public Order Offences,1476,E09000032,Wandsworth,wandsworth,324400,4.549938347718866,454.99383477188655
Wandsworth,wandsworth,2018,Robbery,849,E09000032,Wandsworth,wandsworth,324400,2.6171393341553637,261.71393341553636
Wandsworth,wandsworth,2018,Sexual Offences,665,E09000032,Wandsworth,wandsworth,324400,2.0499383477188657,204.99383477188658
Wandsworth,wandsworth,2018,Theft,6182,E09000032,Wandsworth,wandsworth,324400,19.056720098643652,1905.6720098643652
Wandsworth,wandsworth,2018,Vehicle Offences,3991,E09000032,Wandsworth,wandsworth,324400,12.302712700369913,1230.2712700369914
Wandsworth,wandsworth,2018,Violence Against The Person,6572,E09000032,Wandsworth,wandsworth,324400,20.258939580764487,2025.8939580764488
Wandsworth,wandsworth,2019,Arson And Criminal Damage,1627,E09000032,Wandsworth,wandsworth,328828,4.947875485056017,494.7875485056017
Wandsworth,wandsworth,2019,Burglary,5438,E09000032,Wandsworth,wandsworth,328828,16.53752113566971,1653.752113566971
Wandsworth,wandsworth,2019,Drug Offences,945,E09000032,Wandsworth,wandsworth,328828,2.873842860097072,287.3842860097072
Wandsworth,wandsworth,2019,Fraud And Forgery,0,E09000032,Wandsworth,wandsworth,328828,0.0,0.0
Wandsworth,wandsworth,2019,Miscellaneous Crimes Against Society,287,E09000032,Wandsworth,wandsworth,328828,0.8727967204739255,87.27967204739255
Wandsworth,wandsworth,2019,Possession Of Weapons,176,E09000032,Wandsworth,wandsworth,328828,0.5352342257958568,53.523422579585684
Wandsworth,wandsworth,2019,Public Order Offences,1610,E09000032,Wandsworth,wandsworth,328828,4.896176724609827,489.61767246098265
Wandsworth,wandsworth,2019,Robbery,878,E09000032,Wandsworth,wandsworth,328828,2.6700889218679675,267.00889218679674
Wandsworth,wandsworth,2019,Sexual Offences,691,E09000032,Wandsworth,wandsworth,328828,2.1014025569598695,210.14025569598698
Wandsworth,wandsworth,2019,Theft,6383,E09000032,Wandsworth,wandsworth,328828,19.41136399576678,1941.1363995766783
Wandsworth,wandsworth,2019,Vehicle Offences,4137,E09000032,Wandsworth,wandsworth,328828,12.581045409758293,1258.1045409758292
Wandsworth,wandsworth,2019,Violence Against The Person,6646,E09000032,Wandsworth,wandsworth,328828,20.211174230904913,2021.1174230904912
Wandsworth,wandsworth,2020,Arson And Criminal Damage,1529,E09000032,Wandsworth,wandsworth,332731,4.595303713810856,459.5303713810856
Wandsworth,wandsworth,2020,Burglary,4496,E09000032,Wandsworth,wandsworth,332731,13.512416937405892,1351.2416937405892
Wandsworth,wandsworth,2020,Drug Offences,1503,E09000032,Wandsworth,wandsworth,332731,4.517162512660377,451.7162512660378
Wandsworth,wandsworth,2020,Fraud And Forgery,0,E09000032,Wandsworth,wandsworth,332731,0.0,0.0
Wandsworth,wandsworth,2020,Miscellaneous Crimes Against Society,343,E09000032,Wandsworth,wandsworth,332731,1.0308627690236256,103.08627690236256
Wandsworth,wandsworth,2020,Possession Of Weapons,182,E09000032,Wandsworth,wandsworth,332731,0.5469884080533524,54.69884080533524
Wandsworth,wandsworth,2020,Public Order Offences,1675,E09000032,Wandsworth,wandsworth,332731,5.034096612578931,503.40966125789305
Wandsworth,wandsworth,2020,Robbery,763,E09000032,Wandsworth,wandsworth,332731,2.293143710685208,229.3143710685208
Wandsworth,wandsworth,2020,Sexual Offences,605,E09000032,Wandsworth,wandsworth,332731,1.8182856421553746,181.82856421553745
Wandsworth,wandsworth,2020,Theft,5192,E09000032,Wandsworth,wandsworth,332731,15.604196783587943,1560.4196783587943
Wandsworth,wandsworth,2020,Vehicle Offences,3548,E09000032,Wandsworth,wandsworth,332731,10.663268526226892,1066.326852622689
Wandsworth,wandsworth,2020,Violence Against The Person,6744,E09000032,Wandsworth,wandsworth,332731,20.26862540610884,2026.862540610884
Wandsworth,wandsworth,2021,Arson And Criminal Damage,1650,E09000032,Wandsworth,wandsworth,337783,4.88479289958346,488.47928995834604
Wandsworth,wandsworth,2021,Burglary,4438,E09000032,Wandsworth,wandsworth,337783,13.138612659606908,1313.8612659606908
Wandsworth,wandsworth,2021,Drug Offences,1084,E09000032,Wandsworth,wandsworth,337783,3.2091609109990733,320.91609109990736
Wandsworth,wandsworth,2021,Fraud And Forgery,0,E09000032,Wandsworth,wandsworth,337783,0.0,0.0
Wandsworth,wandsworth,2021,Miscellaneous Crimes Against Society,333,E09000032,Wandsworth,wandsworth,337783,0.9858400215522983,98.58400215522984
Wandsworth,wandsworth,2021,Possession Of Weapons,157,E09000032,Wandsworth,wandsworth,337783,0.46479544559672925,46.479544559672924
Wandsworth,wandsworth,2021,Public Order Offences,1871,E09000032,Wandsworth,wandsworth,337783,5.539059100073124,553.9059100073124
Wandsworth,wandsworth,2021,Robbery,587,E09000032,Wandsworth,wandsworth,337783,1.7378020800336311,173.7802080033631
Wandsworth,wandsworth,2021,Sexual Offences,802,E09000032,Wandsworth,wandsworth,337783,2.374305397252082,237.4305397252082
Wandsworth,wandsworth,2021,Theft,5712,E09000032,Wandsworth,wandsworth,337783,16.91026487419438,1691.0264874194377
Wandsworth,wandsworth,2021,Vehicle Offences,3145,E09000032,Wandsworth,wandsworth,337783,9.310711314660596,931.0711314660596
Wandsworth,wandsworth,2021,Violence Against The Person,7420,E09000032,Wandsworth,wandsworth,337783,21.966765645399562,2196.6765645399564
Wandsworth,wandsworth,2022,Arson And Criminal Damage,1513,E09000032,Wandsworth,wandsworth,343147,4.409189064744846,440.9189064744847
Wandsworth,wandsworth,2022,Burglary,3562,E09000032,Wandsworth,wandsworth,343147,10.380390911183836,1038.0390911183836
Wandsworth,wandsworth,2022,Drug Offences,1018,E09000032,Wandsworth,wandsworth,343147,2.9666586040385026,296.6658604038502
Wandsworth,wandsworth,2022,Fraud And Forgery,0,E09000032,Wandsworth,wandsworth,343147,0.0,0.0
Wandsworth,wandsworth,2022,Miscellaneous Crimes Against Society,330,E09000032,Wandsworth,wandsworth,343147,0.9616869738042296,96.16869738042297
Wandsworth,wandsworth,2022,Possession Of Weapons,168,E09000032,Wandsworth,wandsworth,343147,0.48958609575488055,48.958609575488055
Wandsworth,wandsworth,2022,Public Order Offences,1664,E09000032,Wandsworth,wandsworth,343147,4.8492337103340555,484.9233710334055
Wandsworth,wandsworth,2022,Robbery,673,E09000032,Wandsworth,wandsworth,343147,1.9612585859704441,196.1258585970444
Wandsworth,wandsworth,2022,Sexual Offences,746,E09000032,Wandsworth,wandsworth,343147,2.1739954013877436,217.39954013877434
Wandsworth,wandsworth,2022,Theft,5668,E09000032,Wandsworth,wandsworth,343147,16.517702325825375,1651.7702325825376
Wandsworth,wandsworth,2022,Vehicle Offences,3301,E09000032,Wandsworth,wandsworth,343147,9.61978394099322,961.9783940993219
Wandsworth,wandsworth,2022,Violence Against The Person,7195,E09000032,Wandsworth,wandsworth,343147,20.96769023188313,2096.769023188313
Wandsworth,wandsworth,2023,Arson And Criminal Damage,1721,E09000032,Wandsworth,wandsworth,348272,4.941539945789498,494.1539945789498
Wandsworth,wandsworth,2023,Burglary,2754,E09000032,Wandsworth,wandsworth,348272,7.907612440850829,790.7612440850829
Wandsworth,wandsworth,2023,Drug Offences,874,E09000032,Wandsworth,wandsworth,348272,2.509532778977351,250.9532778977351
Wandsworth,wandsworth,2023,Fraud And Forgery,0,E09000032,Wandsworth,wandsworth,348272,0.0,0.0
Wandsworth,wandsworth,2023,Miscellaneous Crimes Against Society,310,E09000032,Wandsworth,wandsworth,348272,0.8901088804153076,89.01088804153075
Wandsworth,wandsworth,2023,Possession Of Weapons,156,E09000032,Wandsworth,wandsworth,348272,0.44792575917673544,44.792575917673545
Wandsworth,wandsworth,2023,Public Order Offences,1750,E09000032,Wandsworth,wandsworth,348272,5.024808195892866,502.48081958928657
Wandsworth,wandsworth,2023,Robbery,908,E09000032,Wandsworth,wandsworth,348272,2.6071576239261267,260.71576239261265
Wandsworth,wandsworth,2023,Sexual Offences,764,E09000032,Wandsworth,wandsworth,348272,2.193687692378371,219.36876923783709
Wandsworth,wandsworth,2023,Theft,6636,E09000032,Wandsworth,wandsworth,348272,19.054072678825744,1905.4072678825744
Wandsworth,wandsworth,2023,Vehicle Offences,3848,E09000032,Wandsworth,wandsworth,348272,11.048835393026142,1104.883539302614
Wandsworth,wandsworth,2023,Violence Against The Person,7372,E09000032,Wandsworth,wandsworth,348272,21.167363440069828,2116.736344006983
Wandsworth,wandsworth,2024,Arson And Criminal Damage,1613,E09000032,Wandsworth,wandsworth,353279,4.565796438508941,456.57964385089406
Wandsworth,wandsworth,2024,Burglary,1809,E09000032,Wandsworth,wandsworth,353279,5.120598733578843,512.0598733578843
Wandsworth,wandsworth,2024,Drug Offences,955,E09000032,Wandsworth,wandsworth,353279,2.7032458764885545,270.32458764885547
Wandsworth,wandsworth,2024,Fraud And Forgery,3,E09000032,Wandsworth,wandsworth,353279,0.008491871863314831,0.8491871863314832
Wandsworth,wandsworth,2024,Miscellaneous Crimes Against Society,288,E09000032,Wandsworth,wandsworth,353279,0.8152196988782237,81.52196988782237
Wandsworth,wandsworth,2024,Possession Of Weapons,135,E09000032,Wandsworth,wandsworth,353279,0.38213423384916734,38.21342338491674
Wandsworth,wandsworth,2024,Public Order Offences,1731,E09000032,Wandsworth,wandsworth,353279,4.899810065132657,489.9810065132657
Wandsworth,wandsworth,2024,Robbery,882,E09000032,Wandsworth,wandsworth,353279,2.49661032781456,249.66103278145602
Wandsworth,wandsworth,2024,Sexual Offences,751,E09000032,Wandsworth,wandsworth,353279,2.125798589783146,212.57985897831458
Wandsworth,wandsworth,2024,Theft,7783,E09000032,Wandsworth,wandsworth,353279,22.03074623739311,2203.074623739311
Wandsworth,wandsworth,2024,Vehicle Offences,3160,E09000032,Wandsworth,wandsworth,353279,8.944771696024956,894.4771696024956
Wandsworth,wandsworth,2024,Violence Against The Person,6870,E09000032,Wandsworth,wandsworth,353279,19.44638656699096,1944.6386566990961
Wandsworth,wandsworth,2025,Arson And Criminal Damage,390,E09000032,Wandsworth,wandsworth,357242,1.091696944928088,109.16969449280879
Wandsworth,wandsworth,2025,Burglary,374,E09000032,Wandsworth,wandsworth,357242,1.0469093779566792,104.69093779566792
Wandsworth,wandsworth,2025,Drug Offences,274,E09000032,Wandsworth,wandsworth,357242,0.7669870843853747,76.69870843853747
Wandsworth,wandsworth,2025,Fraud And Forgery,0,E09000032,Wandsworth,wandsworth,357242,0.0,0.0
Wandsworth,wandsworth,2025,Miscellaneous Crimes Against Society,106,E09000032,Wandsworth,wandsworth,357242,0.29671763118558286,29.671763118558285
Wandsworth,wandsworth,2025,Possession Of Weapons,30,E09000032,Wandsworth,wandsworth,357242,0.08397668807139137,8.397668807139137
Wandsworth,wandsworth,2025,Public Order Offences,371,E09000032,Wandsworth,wandsworth,357242,1.0385117091495402,103.85117091495401
Wandsworth,wandsworth,2025,Robbery,172,E09000032,Wandsworth,wandsworth,357242,0.48146634494264395,48.1466344942644
Wandsworth,wandsworth,2025,Sexual Offences,240,E09000032,Wandsworth,wandsworth,357242,0.671813504571131,67.1813504571131
Wandsworth,wandsworth,2025,Theft,1743,E09000032,Wandsworth,wandsworth,357242,4.879045576947839,487.90455769478393
Wandsworth,wandsworth,2025,Vehicle Offences,700,E09000032,Wandsworth,wandsworth,357242,1.959456054999132,195.9456054999132
Wandsworth,wandsworth,2025,Violence Against The Person,1614,E09000032,Wandsworth,wandsworth,357242,4.517945818240856,451.7945818240856
Westminster,westminster,2010,Arson And Criminal Damage,2096,E09000033,Westminster,westminster,217187,9.65066969938348,965.066969938348
Westminster,westminster,2010,Burglary,4826,E09000033,Westminster,westminster,217187,22.2204828097446,2222.04828097446
Westminster,westminster,2010,Drug Offences,4441,E09000033,Westminster,westminster,217187,20.447816858283414,2044.7816858283413
Westminster,westminster,2010,Fraud And Forgery,1341,E09000033,Westminster,westminster,217187,6.1744027036609,617.44027036609
Westminster,westminster,2010,Miscellaneous Crimes Against Society,324,E09000033,Westminster,westminster,217187,1.4918019955153852,149.18019955153852
Westminster,westminster,2010,Nfib Fraud,0,E09000033,Westminster,westminster,217187,0.0,0.0
Westminster,westminster,2010,Possession Of Weapons,171,E09000033,Westminster,westminster,217187,0.7873399420775644,78.73399420775645
Westminster,westminster,2010,Public Order Offences,908,E09000033,Westminster,westminster,217187,4.180729049160401,418.0729049160401
Westminster,westminster,2010,Robbery,1248,E09000033,Westminster,westminster,217187,5.746200279022226,574.6200279022225
Westminster,westminster,2010,Sexual Offences,343,E09000033,Westminster,westminster,217187,1.5792842113017815,157.92842113017815
Westminster,westminster,2010,Theft,25165,E09000033,Westminster,westminster,217187,115.86789264550825,11586.789264550824
Westminster,westminster,2010,Vehicle Offences,2437,E09000033,Westminster,westminster,217187,11.220745256391957,1122.0745256391956
Westminster,westminster,2010,Violence Against The Person,5187,E09000033,Westminster,westminster,217187,23.882644909686125,2388.2644909686123
Westminster,westminster,2011,Arson And Criminal Damage,2469,E09000033,Westminster,westminster,219582,11.24409104571413,1124.409104571413
Westminster,westminster,2011,Burglary,6542,E09000033,Westminster,westminster,219582,29.79297027989544,2979.297027989544
Westminster,westminster,2011,Drug Offences,6344,E09000033,Westminster,westminster,219582,28.891257024710587,2889.125702471059
Westminster,westminster,2011,Fraud And Forgery,1786,E09000033,Westminster,westminster,219582,8.133635726061334,813.3635726061334
Westminster,westminster,2011,Miscellaneous Crimes Against Society,431,E09000033,Westminster,westminster,219582,1.9628202675993478,196.28202675993478
Westminster,westminster,2011,Nfib Fraud,0,E09000033,Westminster,westminster,219582,0.0,0.0
Westminster,westminster,2011,Possession Of Weapons,232,E09000033,Westminster,westminster,219582,1.0565529050650782,105.65529050650781
Westminster,westminster,2011,Public Order Offences,1217,E09000033,Westminster,westminster,219582,5.542348644242242,554.2348644242242
Westminster,westminster,2011,Robbery,2125,E09000033,Westminster,westminster,219582,9.677478117514186,967.7478117514186
Westminster,westminster,2011,Sexual Offences,478,E09000033,Westminster,westminster,219582,2.1768633130220145,217.68633130220144
Westminster,westminster,2011,Theft,35685,E09000033,Westminster,westminster,219582,162.51332076399706,16251.332076399705
Westminster,westminster,2011,Vehicle Offences,3132,E09000033,Westminster,westminster,219582,14.263464218378555,1426.3464218378556
Westminster,westminster,2011,Violence Against The Person,6868,E09000033,Westminster,westminster,219582,31.277609275805847,3127.760927580585
Westminster,westminster,2012,Arson And Criminal Damage,2201,E09000033,Westminster,westminster,223858,9.832125722556263,983.2125722556264
Westminster,westminster,2012,Burglary,8032,E09000033,Westminster,westminster,223858,35.87988814337661,3587.9888143376606
Westminster,westminster,2012,Drug Offences,4644,E09000033,Westminster,westminster,223858,20.745293891663465,2074.529389166347
Westminster,westminster,2012,Fraud And Forgery,2260,E09000033,Westminster,westminster,223858,10.095685657872401,1009.5685657872401
Westminster,westminster,2012,Miscellaneous Crimes Against Society,371,E09000033,Westminster,westminster,223858,1.657300610208257,165.7300610208257
Westminster,westminster,2012,Nfib Fraud,0,E09000033,Westminster,westminster,223858,0.0,0.0
Westminster,westminster,2012,Possession Of Weapons,173,E09000033,Westminster,westminster,223858,0.7728113357574891,77.28113357574891
Westminster,westminster,2012,Public Order Offences,1339,E09000033,Westminster,westminster,223858,5.981470396412011,598.1470396412011
Westminster,westminster,2012,Robbery,2305,E09000033,Westminster,westminster,223858,10.296705947520303,1029.6705947520304
Westminster,westminster,2012,Sexual Offences,421,E09000033,Westminster,westminster,223858,1.8806564875948146,188.06564875948146
Westminster,westminster,2012,Theft,34918,E09000033,Westminster,westminster,223858,155.98281053167634,15598.281053167635
Westminster,westminster,2012,Vehicle Offences,3165,E09000033,Westminster,westminster,223858,14.138427038569093,1413.8427038569093
Westminster,westminster,2012,Violence Against The Person,5735,E09000033,Westminster,westminster,223858,25.618919136238148,2561.891913623815
Westminster,westminster,2013,Arson And Criminal Damage,2043,E09000033,Westminster,westminster,226841,9.006308383405116,900.6308383405116
Westminster,westminster,2013,Burglary,7748,E09000033,Westminster,westminster,226841,34.15608289506747,3415.608289506747
Westminster,westminster,2013,Drug Offences,4159,E09000033,Westminster,westminster,226841,18.334428079579972,1833.442807957997
Westminster,westminster,2013,Fraud And Forgery,176,E09000033,Westminster,westminster,226841,0.7758738499653942,77.58738499653943
Westminster,westminster,2013,Miscellaneous Crimes Against Society,472,E09000033,Westminster,westminster,226841,2.0807525976344667,208.07525976344667
Westminster,westminster,2013,Nfib Fraud,0,E09000033,Westminster,westminster,226841,0.0,0.0
Westminster,westminster,2013,Possession Of Weapons,229,E09000033,Westminster,westminster,226841,1.0095176797845187,100.95176797845187
Westminster,westminster,2013,Public Order Offences,1454,E09000033,Westminster,westminster,226841,6.409776010509564,640.9776010509563
Westminster,westminster,2013,Robbery,2189,E09000033,Westminster,westminster,226841,9.64993100894459,964.9931008944591
Westminster,westminster,2013,Sexual Offences,478,E09000033,Westminster,westminster,226841,2.10720284251965,210.720284251965
Westminster,westminster,2013,Theft,30355,E09000033,Westminster,westminster,226841,133.81619724829287,13381.619724829286
Westminster,westminster,2013,Vehicle Offences,3489,E09000033,Westminster,westminster,226841,15.380817400734434,1538.0817400734436
Westminster,westminster,2013,Violence Against The Person,5449,E09000033,Westminster,westminster,226841,24.02123072989451,2402.1230729894505
Westminster,westminster,2014,Arson And Criminal Damage,1981,E09000033,Westminster,westminster,233292,8.49150420931708,849.150420931708
Westminster,westminster,2014,Burglary,6838,E09000033,Westminster,westminster,233292,29.31090650343775,2931.090650343775
Westminster,westminster,2014,Drug Offences,2799,E09000033,Westminster,westminster,233292,11.997839617303637,1199.7839617303637
Westminster,westminster,2014,Fraud And Forgery,0,E09000033,Westminster,westminster,233292,0.0,0.0
Westminster,westminster,2014,Miscellaneous Crimes Against Society,429,E09000033,Westminster,westminster,233292,1.8388971760711896,183.88971760711897
Westminster,westminster,2014,Nfib Fraud,0,E09000033,Westminster,westminster,233292,0.0,0.0
Westminster,westminster,2014,Possession Of Weapons,277,E09000033,Westminster,westminster,233292,1.1873531882790664,118.73531882790665
Westminster,westminster,2014,Public Order Offences,1734,E09000033,Westminster,westminster,233292,7.43274522915488,743.274522915488
Westminster,westminster,2014,Robbery,1930,E09000033,Westminster,westminster,233292,8.272894055518407,827.2894055518407
Westminster,westminster,2014,Sexual Offences,620,E09000033,Westminster,westminster,233292,2.657613634415239,265.76136344152394
Westminster,westminster,2014,Theft,24781,E09000033,Westminster,westminster,233292,106.22310237813555,10622.310237813555
Westminster,westminster,2014,Vehicle Offences,3351,E09000033,Westminster,westminster,233292,14.363973046653978,1436.3973046653978
Westminster,westminster,2014,Violence Against The Person,6760,E09000033,Westminster,westminster,233292,28.9765615623339,2897.65615623339
Westminster,westminster,2015,Arson And Criminal Damage,2033,E09000033,Westminster,westminster,242299,8.390459721253492,839.0459721253492
Westminster,westminster,2015,Burglary,6306,E09000033,Westminster,westminster,242299,26.025695524950578,2602.569552495058
Westminster,westminster,2015,Drug Offences,2106,E09000033,Westminster,westminster,242299,8.69174037036884,869.1740370368841
Westminster,westminster,2015,Fraud And Forgery,0,E09000033,Westminster,westminster,242299,0.0,0.0
Westminster,westminster,2015,Miscellaneous Crimes Against Society,432,E09000033,Westminster,westminster,242299,1.7829211016141215,178.29211016141215
Westminster,westminster,2015,Nfib Fraud,0,E09000033,Westminster,westminster,242299,0.0,0.0
Westminster,westminster,2015,Possession Of Weapons,264,E09000033,Westminster,westminster,242299,1.089562895430852,108.95628954308519
Westminster,westminster,2015,Public Order Offences,2081,E09000033,Westminster,westminster,242299,8.588562065877284,858.8562065877284
Westminster,westminster,2015,Robbery,1501,E09000033,Westminster,westminster,242299,6.194825401673139,619.4825401673139
Westminster,westminster,2015,Sexual Offences,695,E09000033,Westminster,westminster,242299,2.8683568648653113,286.83568648653113
Westminster,westminster,2015,Theft,24842,E09000033,Westminster,westminster,242299,102.5262176071713,10252.621760717131
Westminster,westminster,2015,Vehicle Offences,3157,E09000033,Westminster,westminster,242299,13.029356291193938,1302.9356291193938
Westminster,westminster,2015,Violence Against The Person,7866,E09000033,Westminster,westminster,242299,32.464021725223795,3246.4021725223793
Westminster,westminster,2016,Arson And Criminal Damage,2146,E09000033,Westminster,westminster,247614,8.666715129193017,866.6715129193018
Westminster,westminster,2016,Burglary,6438,E09000033,Westminster,westminster,247614,26.000145387579053,2600.0145387579055
Westminster,westminster,2016,Drug Offences,2081,E09000033,Westminster,westminster,247614,8.4042097781224,840.42097781224
Westminster,westminster,2016,Fraud And Forgery,0,E09000033,Westminster,westminster,247614,0.0,0.0
Westminster,westminster,2016,Miscellaneous Crimes Against Society,454,E09000033,Westminster,westminster,247614,1.833498913631701,183.3498913631701
Westminster,westminster,2016,Nfib Fraud,0,E09000033,Westminster,westminster,247614,0.0,0.0
Westminster,westminster,2016,Possession Of Weapons,359,E09000033,Westminster,westminster,247614,1.4498372466823364,144.98372466823363
Westminster,westminster,2016,Public Order Offences,2419,E09000033,Westminster,westminster,247614,9.769237603689614,976.9237603689614
Westminster,westminster,2016,Robbery,1823,E09000033,Westminster,westminster,247614,7.362265461565178,736.2265461565178
Westminster,westminster,2016,Sexual Offences,799,E09000033,Westminster,westminster,247614,3.2267965462372885,322.6796546237289
Westminster,westminster,2016,Theft,23519,E09000033,Westminster,westminster,247614,94.98251310507483,9498.251310507483
Westminster,westminster,2016,Vehicle Offences,3995,E09000033,Westminster,westminster,247614,16.133982731186443,1613.3982731186443
Westminster,westminster,2016,Violence Against The Person,8368,E09000033,Westminster,westminster,247614,33.7945350424451,3379.4535042445095
Westminster,westminster,2017,Arson And Criminal Damage,2226,E09000033,Westminster,westminster,250049,8.902255157989035,890.2255157989034
Westminster,westminster,2017,Burglary,7024,E09000033,Westminster,westminster,250049,28.09049426312443,2809.049426312443
Westminster,westminster,2017,Drug Offences,2314,E09000033,Westminster,westminster,250049,9.254186179508817,925.4186179508816
Westminster,westminster,2017,Fraud And Forgery,0,E09000033,Westminster,westminster,250049,0.0,0.0
Westminster,westminster,2017,Miscellaneous Crimes Against Society,462,E09000033,Westminster,westminster,250049,1.8476378629788561,184.76378629788562
Westminster,westminster,2017,Nfib Fraud,0,E09000033,Westminster,westminster,250049,0.0,0.0
Westminster,westminster,2017,Possession Of Weapons,473,E09000033,Westminster,westminster,250049,1.8916292406688289,189.1629240668829
Westminster,westminster,2017,Public Order Offences,2971,E09000033,Westminster,westminster,250049,11.881671192446282,1188.167119244628
Westminster,westminster,2017,Robbery,2344,E09000033,Westminster,westminster,250049,9.374162664117835,937.4162664117833
Westminster,westminster,2017,Sexual Offences,865,E09000033,Westminster,westminster,250049,3.4593219728933127,345.93219728933127
Westminster,westminster,2017,Theft,27106,E09000033,Westminster,westminster,250049,108.40275306040016,10840.275306040015
Westminster,westminster,2017,Vehicle Offences,4349,E09000033,Westminster,westminster,250049,17.392591052153776,1739.2591052153778
Westminster,westminster,2017,Violence Against The Person,9300,E09000033,Westminster,westminster,250049,37.19271022879515,3719.2710228795154
Westminster,westminster,2018,Arson And Criminal Damage,2266,E09000033,Westminster,westminster,254375,8.90810810810811,890.8108108108108
Westminster,westminster,2018,Burglary,8672,E09000033,Westminster,westminster,254375,34.09140049140049,3409.140049140049
Westminster,westminster,2018,Drug Offences,1915,E09000033,Westminster,westminster,254375,7.528255528255528,752.8255528255528
Westminster,westminster,2018,Fraud And Forgery,0,E09000033,Westminster,westminster,254375,0.0,0.0
Westminster,westminster,2018,Miscellaneous Crimes Against Society,390,E09000033,Westminster,westminster,254375,1.533169533169533,153.31695331695332
Westminster,westminster,2018,Nfib Fraud,0,E09000033,Westminster,westminster,254375,0.0,0.0
Westminster,westminster,2018,Possession Of Weapons,461,E09000033,Westminster,westminster,254375,1.8122850122850123,181.22850122850122
Westminster,westminster,2018,Public Order Offences,3138,E09000033,Westminster,westminster,254375,12.336117936117935,1233.6117936117935
Westminster,westminster,2018,Robbery,3127,E09000033,Westminster,westminster,254375,12.292874692874692,1229.2874692874693
Westminster,westminster,2018,Sexual Offences,978,E09000033,Westminster,westminster,254375,3.844717444717445,384.4717444717445
Westminster,westminster,2018,Theft,31462,E09000033,Westminster,westminster,254375,123.68353808353808,12368.35380835381
Westminster,westminster,2018,Vehicle Offences,4201,E09000033,Westminster,westminster,254375,16.51498771498772,1651.4987714987717
Westminster,westminster,2018,Violence Against The Person,9774,E09000033,Westminster,westminster,254375,38.42358722358722,3842.358722358722
Westminster,westminster,2019,Arson And Criminal Damage,2345,E09000033,Westminster,westminster,258511,9.071180723450839,907.1180723450839
Westminster,westminster,2019,Burglary,9258,E09000033,Westminster,westminster,258511,35.81278939774323,3581.278939774323
Westminster,westminster,2019,Drug Offences,3338,E09000033,Westminster,westminster,258511,12.91240991679271,1291.240991679271
Westminster,westminster,2019,Fraud And Forgery,0,E09000033,Westminster,westminster,258511,0.0,0.0
Westminster,westminster,2019,Miscellaneous Crimes Against Society,375,E09000033,Westminster,westminster,258511,1.4506152542831832,145.06152542831833
Westminster,westminster,2019,Nfib Fraud,0,E09000033,Westminster,westminster,258511,0.0,0.0
Westminster,westminster,2019,Possession Of Weapons,469,E09000033,Westminster,westminster,258511,1.814236144690168,181.4236144690168
Westminster,westminster,2019,Public Order Offences,3219,E09000033,Westminster,westminster,258511,12.452081342766844,1245.2081342766844
Westminster,westminster,2019,Robbery,4369,E09000033,Westminster,westminster,258511,16.900634789235276,1690.0634789235276
Westminster,westminster,2019,Sexual Offences,983,E09000033,Westminster,westminster,258511,3.802546119894318,380.2546119894318
Westminster,westminster,2019,Theft,45128,E09000033,Westminster,westminster,258511,174.56897385411065,17456.897385411066
Westminster,westminster,2019,Vehicle Offences,4638,E09000033,Westminster,westminster,258511,17.941209464974413,1794.1209464974413
Westminster,westminster,2019,Violence Against The Person,10736,E09000033,Westminster,westminster,258511,41.53014765329135,4153.014765329135
Westminster,westminster,2020,Arson And Criminal Damage,1982,E09000033,Westminster,westminster,259981,7.623634034794851,762.3634034794851
Westminster,westminster,2020,Burglary,5962,E09000033,Westminster,westminster,259981,22.932445063293084,2293.2445063293085
Westminster,westminster,2020,Drug Offences,3180,E09000033,Westminster,westminster,259981,12.231663083071455,1223.1663083071455
Westminster,westminster,2020,Fraud And Forgery,0,E09000033,Westminster,westminster,259981,0.0,0.0
Westminster,westminster,2020,Miscellaneous Crimes Against Society,339,E09000033,Westminster,westminster,259981,1.3039414418745987,130.39414418745986
Westminster,westminster,2020,Nfib Fraud,0,E09000033,Westminster,westminster,259981,0.0,0.0
Westminster,westminster,2020,Possession Of Weapons,294,E09000033,Westminster,westminster,259981,1.130851869944342,113.08518699443421
Westminster,westminster,2020,Public Order Offences,2867,E09000033,Westminster,westminster,259981,11.027728949423226,1102.7728949423226
Westminster,westminster,2020,Robbery,2105,E09000033,Westminster,westminster,259981,8.096745531404219,809.6745531404218
Westminster,westminster,2020,Sexual Offences,789,E09000033,Westminster,westminster,259981,3.034837161177163,303.4837161177163
Westminster,westminster,2020,Theft,19961,E09000033,Westminster,westminster,259981,76.77868767332997,7677.868767332998
Westminster,westminster,2020,Vehicle Offences,3706,E09000033,Westminster,westminster,259981,14.254887857189564,1425.4887857189563
Westminster,westminster,2020,Violence Against The Person,8528,E09000033,Westminster,westminster,259981,32.802397098249486,3280.239709824949
Westminster,westminster,2021,Arson And Criminal Damage,2197,E09000033,Westminster,westminster,262317,8.375362633759917,837.5362633759917
Westminster,westminster,2021,Burglary,4536,E09000033,Westminster,westminster,262317,17.292055032651334,1729.2055032651333
Westminster,westminster,2021,Drug Offences,2902,E09000033,Westminster,westminster,262317,11.062950552194483,1106.2950552194484
Westminster,westminster,2021,Fraud And Forgery,0,E09000033,Westminster,westminster,262317,0.0,0.0
Westminster,westminster,2021,Miscellaneous Crimes Against Society,344,E09000033,Westminster,westminster,262317,1.3113904169382846,131.13904169382846
Westminster,westminster,2021,Nfib Fraud,0,E09000033,Westminster,westminster,262317,0.0,0.0
Westminster,westminster,2021,Possession Of Weapons,324,E09000033,Westminster,westminster,262317,1.2351467880465237,123.51467880465238
Westminster,westminster,2021,Public Order Offences,3185,E09000033,Westminster,westminster,262317,12.141797901012897,1214.1797901012897
Westminster,westminster,2021,Robbery,2127,E09000033,Westminster,westminster,262317,8.108509932638754,810.8509932638755
Westminster,westminster,2021,Sexual Offences,1218,E09000033,Westminster,westminster,262317,4.643236999508229,464.3236999508229
Westminster,westminster,2021,Theft,20982,E09000033,Westminster,westminster,262317,79.98719107034619,7998.719107034619
Westminster,westminster,2021,Vehicle Offences,3393,E09000033,Westminster,westminster,262317,12.93473164148721,1293.4731641487208
Westminster,westminster,2021,Violence Against The Person,9832,E09000033,Westminster,westminster,262317,37.48136796318958,3748.1367963189577
Westminster,westminster,2022,Arson And Criminal Damage,2217,E09000033,Westminster,westminster,264875,8.369985842378481,836.9985842378481
Westminster,westminster,2022,Burglary,5644,E09000033,Westminster,westminster,264875,21.308164228409627,2130.8164228409623
Westminster,westminster,2022,Drug Offences,3530,E09000033,Westminster,westminster,264875,13.327041057102408,1332.7041057102408
Westminster,westminster,2022,Fraud And Forgery,0,E09000033,Westminster,westminster,264875,0.0,0.0
Westminster,westminster,2022,Miscellaneous Crimes Against Society,377,E09000033,Westminster,westminster,264875,1.4233128834355828,142.3312883435583
Westminster,westminster,2022,Nfib Fraud,0,E09000033,Westminster,westminster,264875,0.0,0.0
Westminster,westminster,2022,Possession Of Weapons,410,E09000033,Westminster,westminster,264875,1.5478999528079282,154.78999528079282
Westminster,westminster,2022,Public Order Offences,3382,E09000033,Westminster,westminster,264875,12.76828692779613,1276.828692779613
Westminster,westminster,2022,Robbery,3180,E09000033,Westminster,westminster,264875,12.005663048607834,1200.5663048607835
Westminster,westminster,2022,Sexual Offences,1442,E09000033,Westminster,westminster,264875,5.444077394997641,544.407739499764
Westminster,westminster,2022,Theft,42773,E09000033,Westminster,westminster,264875,161.48371873525247,16148.371873525246
Westminster,westminster,2022,Vehicle Offences,4054,E09000033,Westminster,westminster,264875,15.30533270410571,1530.533270410571
Westminster,westminster,2022,Violence Against The Person,10865,E09000033,Westminster,westminster,264875,41.0193487494101,4101.93487494101
Westminster,westminster,2023,Arson And Criminal Damage,2321,E09000033,Westminster,westminster,267274,8.683972253193351,868.3972253193351
Westminster,westminster,2023,Burglary,3856,E09000033,Westminster,westminster,267274,14.427142183676677,1442.7142183676676
Westminster,westminster,2023,Drug Offences,2695,E09000033,Westminster,westminster,267274,10.083285317688963,1008.3285317688963
Westminster,westminster,2023,Fraud And Forgery,0,E09000033,Westminster,westminster,267274,0.0,0.0
Westminster,westminster,2023,Miscellaneous Crimes Against Society,393,E09000033,Westminster,westminster,267274,1.4704011613550139,147.0401161355014
Westminster,westminster,2023,Nfib Fraud,0,E09000033,Westminster,westminster,267274,0.0,0.0
Westminster,westminster,2023,Possession Of Weapons,464,E09000033,Westminster,westminster,267274,1.7360461548822557,173.60461548822556
Westminster,westminster,2023,Public Order Offences,3719,E09000033,Westminster,westminster,267274,13.914559590532562,1391.4559590532563
Westminster,westminster,2023,Robbery,4136,E09000033,Westminster,westminster,267274,15.474756242657348,1547.4756242657347
Westminster,westminster,2023,Sexual Offences,1385,E09000033,Westminster,westminster,267274,5.18194811317225,518.194811317225
Westminster,westminster,2023,Theft,55810,E09000033,Westminster,westminster,267274,208.81193082754027,20881.193082754027
Westminster,westminster,2023,Vehicle Offences,4353,E09000033,Westminster,westminster,267274,16.28665713836737,1628.6657138367368
Westminster,westminster,2023,Violence Against The Person,11322,E09000033,Westminster,westminster,267274,42.36102277063987,4236.102277063987
Westminster,westminster,2024,Arson And Criminal Damage,2397,E09000033,Westminster,westminster,269593,8.89118040898688,889.1180408986882
Westminster,westminster,2024,Burglary,3063,E09000033,Westminster,westminster,269593,11.361570960670344,1136.1570960670342
Westminster,westminster,2024,Drug Offences,2214,E09000033,Westminster,westminster,269593,8.212379401542325,821.2379401542324
Westminster,westminster,2024,Fraud And Forgery,3,E09000033,Westminster,westminster,269593,0.011127885367943529,1.1127885367943529
Westminster,westminster,2024,Miscellaneous Crimes Against Society,319,E09000033,Westminster,westminster,269593,1.183265144124662,118.32651441246621
Westminster,westminster,2024,Nfib Fraud,1,E09000033,Westminster,westminster,269593,0.003709295122647843,0.3709295122647843
Westminster,westminster,2024,Possession Of Weapons,288,E09000033,Westminster,westminster,269593,1.0682769953225788,106.82769953225788
Westminster,westminster,2024,Public Order Offences,3506,E09000033,Westminster,westminster,269593,13.004788700003338,1300.4788700003337
Westminster,westminster,2024,Robbery,3748,E09000033,Westminster,westminster,269593,13.902438119684117,1390.2438119684116
Westminster,westminster,2024,Sexual Offences,1483,E09000033,Westminster,westminster,269593,5.500884666886751,550.0884666886752
Westminster,westminster,2024,Theft,59275,E09000033,Westminster,westminster,269593,219.86846839495092,21986.84683949509
Westminster,westminster,2024,Vehicle Offences,4243,E09000033,Westminster,westminster,269593,15.738539205394797,1573.8539205394798
Westminster,westminster,2024,Violence Against The Person,10876,E09000033,Westminster,westminster,269593,40.34229375391794,4034.2293753917943
Westminster,westminster,2025,Arson And Criminal Damage,583,E09000033,Westminster,westminster,270541,2.154941395204424,215.4941395204424
Westminster,westminster,2025,Burglary,689,E09000033,Westminster,westminster,270541,2.546748921605228,254.6748921605228
Westminster,westminster,2025,Drug Offences,494,E09000033,Westminster,westminster,270541,1.8259709249245033,182.59709249245032
Westminster,westminster,2025,Fraud And Forgery,3,E09000033,Westminster,westminster,270541,0.011088892256626537,1.1088892256626537
Westminster,westminster,2025,Miscellaneous Crimes Against Society,117,E09000033,Westminster,westminster,270541,0.43246679800843496,43.246679800843495
Westminster,westminster,2025,Nfib Fraud,0,E09000033,Westminster,westminster,270541,0.0,0.0
Westminster,westminster,2025,Possession Of Weapons,55,E09000033,Westminster,westminster,270541,0.20329635803815319,20.329635803815318
Westminster,westminster,2025,Public Order Offences,726,E09000033,Westminster,westminster,270541,2.683511926103622,268.3511926103622
Westminster,westminster,2025,Robbery,842,E09000033,Westminster,westminster,270541,3.1122824266931812,311.22824266931815
Westminster,westminster,2025,Sexual Offences,334,E09000033,Westminster,westminster,270541,1.2345633379044212,123.45633379044212
Westminster,westminster,2025,Theft,13680,E09000033,Westminster,westminster,270541,50.565348690217014,5056.5348690217015
Westminster,westminster,2025,Vehicle Offences,1090,E09000033,Westminster,westminster,270541,4.028964186574308,402.89641865743084
Westminster,westminster,2025,Violence Against The Person,2562,E09000033,Westminster,westminster,270541,9.469913987159062,946.9913987159063
