BoroughName,Date,Year,Month,CrimeCount,Population,CrimeRate_per_1000,CrimeRate_per_100k
Barking And Dagenham,2010-04-01,2010,4,1793,182838.0,9.806495367483784,980.6495367483783
Barking And Dagenham,2010-05-01,2010,5,1772,182838.0,9.691639593519946,969.1639593519947
Barking And Dagenham,2010-06-01,2010,6,1895,182838.0,10.364366269593848,1036.4366269593847
Barking And Dagenham,2010-07-01,2010,7,1922,182838.0,10.512037978975924,1051.2037978975925
Barking And Dagenham,2010-08-01,2010,8,1835,182838.0,10.036206915411457,1003.6206915411457
Barking And Dagenham,2010-09-01,2010,9,1740,182838.0,9.516621271289338,951.6621271289339
Barking And Dagenham,2010-10-01,2010,10,1734,182838.0,9.483805335871098,948.3805335871099
Barking And Dagenham,2010-11-01,2010,11,1788,182838.0,9.779148754635251,977.914875463525
Barking And Dagenham,2010-12-01,2010,12,1354,182838.0,7.4054627593826226,740.5462759382623
Barking And Dagenham,2011-01-01,2011,1,1673,187418.0,8.926570553522073,892.6570553522074
Barking And Dagenham,2011-02-01,2011,2,1559,187418.0,8.318304538518179,831.8304538518179
Barking And Dagenham,2011-03-01,2011,3,1800,187418.0,9.604200236903607,960.4200236903606
Barking And Dagenham,2011-04-01,2011,4,1790,187418.0,9.550843568920808,955.0843568920808
Barking And Dagenham,2011-05-01,2011,5,1896,187418.0,10.116424249538465,1011.6424249538464
Barking And Dagenham,2011-06-01,2011,6,1750,187418.0,9.337416896989616,933.7416896989616
Barking And Dagenham,2011-07-01,2011,7,1761,187418.0,9.396109231770694,939.6109231770694
Barking And Dagenham,2011-08-01,2011,8,1840,187418.0,9.817626908834796,981.7626908834798
Barking And Dagenham,2011-09-01,2011,9,1539,187418.0,8.211591202552583,821.1591202552584
Barking And Dagenham,2011-10-01,2011,10,1595,187418.0,8.510388543256251,851.038854325625
Barking And Dagenham,2011-11-01,2011,11,1712,187418.0,9.134661558654985,913.4661558654985
Barking And Dagenham,2011-12-01,2011,12,1640,187418.0,8.750493549178842,875.0493549178841
Barking And Dagenham,2012-01-01,2012,1,1727,190949.0,9.044299786854081,904.4299786854082
Barking And Dagenham,2012-02-01,2012,2,1556,190949.0,8.148772708943225,814.8772708943226
Barking And Dagenham,2012-03-01,2012,3,1874,190949.0,9.81413885383008,981.413885383008
Barking And Dagenham,2012-04-01,2012,4,1548,190949.0,8.106876705298273,810.6876705298273
Barking And Dagenham,2012-05-01,2012,5,1642,190949.0,8.599154748126463,859.9154748126463
Barking And Dagenham,2012-06-01,2012,6,1549,190949.0,8.112113705753892,811.2113705753892
Barking And Dagenham,2012-07-01,2012,7,1586,190949.0,8.305882722611797,830.5882722611797
Barking And Dagenham,2012-08-01,2012,8,1510,190949.0,7.90787068798475,790.787068798475
Barking And Dagenham,2012-09-01,2012,9,1438,190949.0,7.530806655180179,753.0806655180179
Barking And Dagenham,2012-10-01,2012,10,1574,190949.0,8.243038717144369,824.3038717144368
Barking And Dagenham,2012-11-01,2012,11,1744,190949.0,9.133328794599606,913.3328794599605
Barking And Dagenham,2012-12-01,2012,12,1582,190949.0,8.284934720789321,828.4934720789321
Barking And Dagenham,2013-01-01,2013,1,1776,194741.0,9.119805279833214,911.9805279833215
Barking And Dagenham,2013-02-01,2013,2,1710,194741.0,8.78089359713671,878.089359713671
Barking And Dagenham,2013-03-01,2013,3,1668,194741.0,8.565222526329844,856.5222526329843
Barking And Dagenham,2013-04-01,2013,4,1502,194741.0,7.71280829409318,771.280829409318
Barking And Dagenham,2013-05-01,2013,5,1497,194741.0,7.687133166616173,768.7133166616172
Barking And Dagenham,2013-06-01,2013,6,1370,194741.0,7.034984928700171,703.4984928700171
Barking And Dagenham,2013-07-01,2013,7,1603,194741.0,8.23144586912874,823.144586912874
Barking And Dagenham,2013-08-01,2013,8,1392,194741.0,7.147955489599006,714.7955489599005
Barking And Dagenham,2013-09-01,2013,9,1352,194741.0,6.942554469782943,694.2554469782942
Barking And Dagenham,2013-10-01,2013,10,1532,194741.0,7.866859058955227,786.6859058955228
Barking And Dagenham,2013-11-01,2013,11,1566,194741.0,8.041449925798881,804.1449925798881
Barking And Dagenham,2013-12-01,2013,12,1334,194741.0,6.850124010865715,685.0124010865713
Barking And Dagenham,2014-01-01,2014,1,1441,198683.0,7.252759420785875,725.2759420785875
Barking And Dagenham,2014-02-01,2014,2,1396,198683.0,7.026267974612826,702.6267974612825
Barking And Dagenham,2014-03-01,2014,3,1655,198683.0,8.329852075919932,832.9852075919932
Barking And Dagenham,2014-04-01,2014,4,1356,198683.0,6.824942244681226,682.4942244681225
Barking And Dagenham,2014-05-01,2014,5,1395,198683.0,7.021234831364535,702.1234831364535
Barking And Dagenham,2014-06-01,2014,6,1433,198683.0,7.212494274799555,721.2494274799556
Barking And Dagenham,2014-07-01,2014,7,1512,198683.0,7.610112591414465,761.0112591414464
Barking And Dagenham,2014-08-01,2014,8,1412,198683.0,7.106798266585465,710.6798266585465
Barking And Dagenham,2014-09-01,2014,9,1481,198683.0,7.454085150717475,745.4085150717475
Barking And Dagenham,2014-10-01,2014,10,1484,198683.0,7.469184580462344,746.9184580462345
Barking And Dagenham,2014-11-01,2014,11,1681,198683.0,8.460713800375473,846.0713800375472
Barking And Dagenham,2014-12-01,2014,12,1438,198683.0,7.237659991041005,723.7659991041005
Barking And Dagenham,2015-01-01,2015,1,1473,202368.0,7.278818785578748,727.8818785578748
Barking And Dagenham,2015-02-01,2015,2,1337,202368.0,6.606775774826059,660.6775774826059
Barking And Dagenham,2015-03-01,2015,3,1679,202368.0,8.296766287160025,829.6766287160025
Barking And Dagenham,2015-04-01,2015,4,1410,202368.0,6.967504743833017,696.7504743833017
Barking And Dagenham,2015-05-01,2015,5,1569,202368.0,7.753202087286527,775.3202087286527
Barking And Dagenham,2015-06-01,2015,6,1489,202368.0,7.3578826691967105,735.7882669196711
Barking And Dagenham,2015-07-01,2015,7,1663,202368.0,8.217702403542063,821.7702403542062
Barking And Dagenham,2015-08-01,2015,8,1516,202368.0,7.491302972802024,749.1302972802024
Barking And Dagenham,2015-09-01,2015,9,1527,202368.0,7.545659392789374,754.5659392789374
Barking And Dagenham,2015-10-01,2015,10,1497,202368.0,7.397414611005693,739.7414611005693
Barking And Dagenham,2015-11-01,2015,11,1632,202368.0,8.064516129032258,806.4516129032259
Barking And Dagenham,2015-12-01,2015,12,1607,202368.0,7.940978810879191,794.0978810879191
Barking And Dagenham,2016-01-01,2016,1,1556,206849.0,7.522395563913773,752.2395563913774
Barking And Dagenham,2016-02-01,2016,2,1544,206849.0,7.46438223051598,746.438223051598
Barking And Dagenham,2016-03-01,2016,3,1691,206849.0,8.175045564638939,817.504556463894
Barking And Dagenham,2016-04-01,2016,4,1465,206849.0,7.082461118980512,708.2461118980513
Barking And Dagenham,2016-05-01,2016,5,1709,206849.0,8.262065564735629,826.2065564735628
Barking And Dagenham,2016-06-01,2016,6,1599,206849.0,7.730276675255864,773.0276675255864
Barking And Dagenham,2016-07-01,2016,7,1648,206849.0,7.967164453296849,796.716445329685
Barking And Dagenham,2016-08-01,2016,8,1467,206849.0,7.092130007880145,709.2130007880145
Barking And Dagenham,2016-09-01,2016,9,1485,206849.0,7.179150007976833,717.9150007976833
Barking And Dagenham,2016-10-01,2016,10,1467,206849.0,7.092130007880145,709.2130007880145
Barking And Dagenham,2016-11-01,2016,11,1458,206849.0,7.0486200078318,704.86200078318
Barking And Dagenham,2016-12-01,2016,12,1446,206849.0,6.990606674434007,699.0606674434007
Barking And Dagenham,2017-01-01,2017,1,1491,210513.0,7.082697980647276,708.2697980647276
Barking And Dagenham,2017-02-01,2017,2,1556,210513.0,7.391467510320028,739.1467510320027
Barking And Dagenham,2017-03-01,2017,3,1710,210513.0,8.123013780621624,812.3013780621625
Barking And Dagenham,2017-04-01,2017,4,1596,210513.0,7.581479528580182,758.1479528580182
Barking And Dagenham,2017-05-01,2017,5,1842,210513.0,8.750053440880135,875.0053440880135
Barking And Dagenham,2017-06-01,2017,6,1652,210513.0,7.8474963541444,784.74963541444
Barking And Dagenham,2017-07-01,2017,7,1826,210513.0,8.674048633576074,867.4048633576074
Barking And Dagenham,2017-08-01,2017,8,1687,210513.0,8.013756870122036,801.3756870122036
Barking And Dagenham,2017-09-01,2017,9,1619,210513.0,7.690736439079772,769.0736439079772
Barking And Dagenham,2017-10-01,2017,10,1755,210513.0,8.336777301164298,833.6777301164299
Barking And Dagenham,2017-11-01,2017,11,1609,210513.0,7.643233434514734,764.3233434514733
Barking And Dagenham,2017-12-01,2017,12,1567,210513.0,7.44372081534157,744.372081534157
Barking And Dagenham,2018-01-01,2018,1,1658,212773.0,7.792342073477368,779.2342073477369
Barking And Dagenham,2018-02-01,2018,2,1573,212773.0,7.392855296489686,739.2855296489686
Barking And Dagenham,2018-03-01,2018,3,1735,212773.0,8.154230094983856,815.4230094983857
Barking And Dagenham,2018-04-01,2018,4,1534,212773.0,7.209561363518867,720.9561363518867
Barking And Dagenham,2018-05-01,2018,5,1586,212773.0,7.453953274146626,745.3953274146626
Barking And Dagenham,2018-06-01,2018,6,1655,212773.0,7.77824254017192,777.8242540171921
Barking And Dagenham,2018-07-01,2018,7,1723,212773.0,8.097831961762065,809.7831961762065
Barking And Dagenham,2018-08-01,2018,8,1520,212773.0,7.143763541426779,714.3763541426779
Barking And Dagenham,2018-09-01,2018,9,1579,212773.0,7.421054363100581,742.1054363100582
Barking And Dagenham,2018-10-01,2018,10,1695,212773.0,7.966236317577888,796.6236317577888
Barking And Dagenham,2018-11-01,2018,11,1679,212773.0,7.891038806615501,789.1038806615501
Barking And Dagenham,2018-12-01,2018,12,1707,212773.0,8.022634450799679,802.2634450799678
Barking And Dagenham,2019-01-01,2019,1,1714,214858.0,7.977361792439658,797.7361792439658
Barking And Dagenham,2019-02-01,2019,2,1666,214858.0,7.7539584283573335,775.3958428357334
Barking And Dagenham,2019-03-01,2019,3,1749,214858.0,8.140260078749685,814.0260078749686
Barking And Dagenham,2019-04-01,2019,4,1724,214858.0,8.023904159956809,802.3904159956809
Barking And Dagenham,2019-05-01,2019,5,1884,214858.0,8.768582040231223,876.8582040231222
Barking And Dagenham,2019-06-01,2019,6,1752,214858.0,8.154222789004832,815.4222789004831
Barking And Dagenham,2019-07-01,2019,7,1847,214858.0,8.596375280417764,859.6375280417765
Barking And Dagenham,2019-08-01,2019,8,1583,214858.0,7.3676567779649815,736.7656777964982
Barking And Dagenham,2019-09-01,2019,9,1692,214858.0,7.874968583901926,787.4968583901925
Barking And Dagenham,2019-10-01,2019,10,1855,214858.0,8.633609174431484,863.3609174431485
Barking And Dagenham,2019-11-01,2019,11,1724,214858.0,8.023904159956809,802.3904159956809
Barking And Dagenham,2019-12-01,2019,12,1762,214858.0,8.200765156521982,820.0765156521982
Barking And Dagenham,2020-01-01,2020,1,1759,218367.0,8.055246442914909,805.524644291491
Barking And Dagenham,2020-02-01,2020,2,1657,218367.0,7.588142897049463,758.8142897049463
Barking And Dagenham,2020-03-01,2020,3,1471,218367.0,6.736365842824236,673.6365842824237
Barking And Dagenham,2020-04-01,2020,4,1305,218367.0,5.976177719160862,597.6177719160862
Barking And Dagenham,2020-05-01,2020,5,1485,218367.0,6.800478094217533,680.0478094217533
Barking And Dagenham,2020-06-01,2020,6,1632,218367.0,7.473656733847148,747.3656733847147
Barking And Dagenham,2020-07-01,2020,7,1707,218367.0,7.817115223454094,781.7115223454093
Barking And Dagenham,2020-08-01,2020,8,1655,218367.0,7.578984003993277,757.8984003993278
Barking And Dagenham,2020-09-01,2020,9,1659,218367.0,7.597301790105648,759.7301790105648
Barking And Dagenham,2020-10-01,2020,10,1722,218367.0,7.885806921375482,788.5806921375483
Barking And Dagenham,2020-11-01,2020,11,1749,218367.0,8.009451977633983,800.9451977633983
Barking And Dagenham,2020-12-01,2020,12,1545,218367.0,7.075244885903089,707.5244885903089
Barking And Dagenham,2021-01-01,2021,1,1427,221495.0,6.44258335402605,644.258335402605
Barking And Dagenham,2021-02-01,2021,2,1466,221495.0,6.618659563421296,661.8659563421296
Barking And Dagenham,2021-03-01,2021,3,1589,221495.0,7.173976839206302,717.3976839206302
Barking And Dagenham,2021-04-01,2021,4,1626,221495.0,7.341023499401793,734.1023499401792
Barking And Dagenham,2021-05-01,2021,5,1705,221495.0,7.697690692792162,769.7690692792162
Barking And Dagenham,2021-06-01,2021,6,1779,221495.0,8.031784013183142,803.1784013183142
Barking And Dagenham,2021-07-01,2021,7,1731,221495.0,7.815074832388993,781.5074832388993
Barking And Dagenham,2021-08-01,2021,8,1652,221495.0,7.458407638998623,745.8407638998623
Barking And Dagenham,2021-09-01,2021,9,1657,221495.0,7.480981511998014,748.0981511998014
Barking And Dagenham,2021-10-01,2021,10,1853,221495.0,8.365877333574122,836.5877333574122
Barking And Dagenham,2021-11-01,2021,11,1745,221495.0,7.878281676787287,787.8281676787286
Barking And Dagenham,2021-12-01,2021,12,1589,221495.0,7.173976839206302,717.3976839206302
Barking And Dagenham,2022-01-01,2022,1,1652,224407.0,7.361624191758724,736.1624191758724
Barking And Dagenham,2022-02-01,2022,2,1611,224407.0,7.178920443658175,717.8920443658175
Barking And Dagenham,2022-03-01,2022,3,1737,224407.0,7.740400254894009,774.0400254894009
Barking And Dagenham,2022-04-01,2022,4,1649,224407.0,7.348255624824537,734.8255624824537
Barking And Dagenham,2022-05-01,2022,5,1715,224407.0,7.642364097376642,764.2364097376642
Barking And Dagenham,2022-06-01,2022,6,1779,224407.0,7.9275601919726215,792.756019197262
Barking And Dagenham,2022-07-01,2022,7,1676,224407.0,7.468572727232217,746.8572727232216
Barking And Dagenham,2022-08-01,2022,8,1785,224407.0,7.954297325840995,795.4297325840994
Barking And Dagenham,2022-09-01,2022,9,1672,224407.0,7.450747971319968,745.0747971319968
Barking And Dagenham,2022-10-01,2022,10,1895,224407.0,8.444478113427834,844.4478113427834
Barking And Dagenham,2022-11-01,2022,11,1892,224407.0,8.431109546493648,843.1109546493648
Barking And Dagenham,2022-12-01,2022,12,1795,224407.0,7.998859215621616,799.8859215621616
Barking And Dagenham,2023-01-01,2023,1,1855,226988.0,8.172238179991894,817.2238179991894
Barking And Dagenham,2023-02-01,2023,2,1736,226988.0,7.647981391086753,764.7981391086753
Barking And Dagenham,2023-03-01,2023,3,1825,226988.0,8.040072602956984,804.0072602956984
Barnet,2010-04-01,2010,4,2365,351438.0,6.729494249341278,672.9494249341278
Barnet,2010-05-01,2010,5,2351,351438.0,6.689657919746868,668.9657919746869
Barnet,2010-06-01,2010,6,2537,351438.0,7.218912012929734,721.8912012929734
Barnet,2010-07-01,2010,7,2468,351438.0,7.022575817071575,702.2575817071574
Barnet,2010-08-01,2010,8,2378,351438.0,6.7664851268218005,676.64851268218
Barnet,2010-09-01,2010,9,2473,351438.0,7.036803077641006,703.6803077641007
Barnet,2010-10-01,2010,10,2589,351438.0,7.366875522851826,736.6875522851826
Barnet,2010-11-01,2010,11,2587,351438.0,7.361184618624053,736.1184618624053
Barnet,2010-12-01,2010,12,2267,351438.0,6.450639942180413,645.0639942180413
Barnet,2011-01-01,2011,1,2628,357653.0,7.347904253564209,734.7904253564209
Barnet,2011-02-01,2011,2,2429,357653.0,6.791499022795838,679.1499022795839
Barnet,2011-03-01,2011,3,2656,357653.0,7.426192426737648,742.6192426737648
Barnet,2011-04-01,2011,4,2612,357653.0,7.303168154607958,730.3168154607959
Barnet,2011-05-01,2011,5,2725,357653.0,7.61911685348648,761.911685348648
Barnet,2011-06-01,2011,6,2695,357653.0,7.53523666794351,753.523666794351
Barnet,2011-07-01,2011,7,2673,357653.0,7.4737245318786645,747.3724531878664
Barnet,2011-08-01,2011,8,2392,357653.0,6.688046793959508,668.8046793959508
Barnet,2011-09-01,2011,9,2244,357653.0,6.274237878614188,627.4237878614188
Barnet,2011-10-01,2011,10,2499,357653.0,6.987219455729436,698.7219455729436
Barnet,2011-11-01,2011,11,2671,357653.0,7.468132519509133,746.8132519509134
Barnet,2011-12-01,2011,12,2447,357653.0,6.841827134121621,684.1827134121621
Barnet,2012-01-01,2012,1,2400,364071.0,6.592120767652463,659.2120767652464
Barnet,2012-02-01,2012,2,2437,364071.0,6.693749296153772,669.3749296153771
Barnet,2012-03-01,2012,3,2798,364071.0,7.685314128288163,768.5314128288164
Barnet,2012-04-01,2012,4,2349,364071.0,6.452038201339849,645.2038201339849
Barnet,2012-05-01,2012,5,2456,364071.0,6.745936918897688,674.5936918897687
Barnet,2012-06-01,2012,6,2560,364071.0,7.031595485495961,703.1595485495961
Barnet,2012-07-01,2012,7,2475,364071.0,6.798124541641603,679.8124541641603
Barnet,2012-08-01,2012,8,2305,364071.0,6.331182653932887,633.1182653932887
Barnet,2012-09-01,2012,9,2235,364071.0,6.1389124648763564,613.8912464876356
Barnet,2012-10-01,2012,10,2652,364071.0,7.284293448255972,728.4293448255972
Barnet,2012-11-01,2012,11,2958,364071.0,8.124788846131661,812.4788846131661
Barnet,2012-12-01,2012,12,2392,364071.0,6.570147031760288,657.0147031760289
Barnet,2013-01-01,2013,1,2532,369203.0,6.858015779936783,685.8015779936783
Barnet,2013-02-01,2013,2,2306,369203.0,6.245886409373705,624.5886409373704
Barnet,2013-03-01,2013,3,2507,369203.0,6.7903023539895395,679.030235398954
Barnet,2013-04-01,2013,4,2144,369203.0,5.80710340923557,580.7103409235569
Barnet,2013-05-01,2013,5,2204,369203.0,5.969615631508953,596.9615631508952
Barnet,2013-06-01,2013,6,2116,369203.0,5.731264372174658,573.1264372174658
Barnet,2013-07-01,2013,7,2249,369203.0,6.091499798213991,609.149979821399
Barnet,2013-08-01,2013,8,1972,369203.0,5.341235038718537,534.1235038718537
Barnet,2013-09-01,2013,9,2073,369203.0,5.6147972795453995,561.47972795454
Barnet,2013-10-01,2013,10,2318,369203.0,6.278388853828382,627.8388853828382
Barnet,2013-11-01,2013,11,2413,369203.0,6.535699872427906,653.5699872427906
Barnet,2013-12-01,2013,12,2380,369203.0,6.446318150177545,644.6318150177544
Barnet,2014-01-01,2014,1,2161,375030.0,5.76220569021145,576.2205690211449
Barnet,2014-02-01,2014,2,2082,375030.0,5.551555875529957,555.1555875529957
Barnet,2014-03-01,2014,3,2307,375030.0,6.1515078793696505,615.150787936965
Barnet,2014-04-01,2014,4,2232,375030.0,5.951523878089753,595.1523878089753
Barnet,2014-05-01,2014,5,2198,375030.0,5.860864464176199,586.0864464176199
Barnet,2014-06-01,2014,6,1987,375030.0,5.2982428072420875,529.8242807242087
Barnet,2014-07-01,2014,7,2229,375030.0,5.943524518038557,594.3524518038557
Barnet,2014-08-01,2014,8,2163,375030.0,5.767538596912247,576.7538596912246
Barnet,2014-09-01,2014,9,2145,375030.0,5.719542436605072,571.9542436605071
Barnet,2014-10-01,2014,10,2365,375030.0,6.306162173692771,630.6162173692771
Barnet,2014-11-01,2014,11,2352,375030.0,6.271498280137589,627.1498280137589
Barnet,2014-12-01,2014,12,2273,375030.0,6.060848465456097,606.0848465456097
Barnet,2015-01-01,2015,1,2360,379806.0,6.213698572429082,621.3698572429082
Barnet,2015-02-01,2015,2,2154,379806.0,5.671316408903492,567.1316408903492
Barnet,2015-03-01,2015,3,2313,379806.0,6.089951185605282,608.9951185605282
Barnet,2015-04-01,2015,4,2219,379806.0,5.842456411957683,584.2456411957684
Barnet,2015-05-01,2015,5,2267,379806.0,5.968836721905394,596.8836721905394
Barnet,2015-06-01,2015,6,2354,379806.0,6.197901033685619,619.7901033685619
Barnet,2015-07-01,2015,7,2433,379806.0,6.405901960474559,640.5901960474558
Barnet,2015-08-01,2015,8,2249,379806.0,5.921444105675002,592.1444105675002
Barnet,2015-09-01,2015,9,2247,379806.0,5.9161782594271815,591.6178259427181
Barnet,2015-10-01,2015,10,2611,379806.0,6.87456227653065,687.456227653065
Barnet,2015-11-01,2015,11,2619,379806.0,6.895625661521935,689.5625661521935
Barnet,2015-12-01,2015,12,2469,379806.0,6.500687192935341,650.0687192935341
Barnet,2016-01-01,2016,1,2432,386198.0,6.2972879196681495,629.7287919668149
Barnet,2016-02-01,2016,2,2285,386198.0,5.9166541514974185,591.6654151497419
Barnet,2016-03-01,2016,3,2463,386198.0,6.377557625881025,637.7557625881025
Barnet,2016-04-01,2016,4,2384,386198.0,6.172999342306278,617.2999342306277
Barnet,2016-05-01,2016,5,2470,386198.0,6.395683043412964,639.5683043412964
Barnet,2016-06-01,2016,6,2379,386198.0,6.16005261549775,616.005261549775
Barnet,2016-07-01,2016,7,2337,386198.0,6.051300110306112,605.1300110306113
Barnet,2016-08-01,2016,8,2372,386198.0,6.14192719796581,614.1927197965811
Barnet,2016-09-01,2016,9,2379,386198.0,6.16005261549775,616.005261549775
Barnet,2016-10-01,2016,10,2350,386198.0,6.084961600008286,608.4961600008286
Barnet,2016-11-01,2016,11,2439,386198.0,6.315413337200089,631.5413337200089
Barnet,2016-12-01,2016,12,2318,386198.0,6.0021025484337045,600.2102548433704
Barnet,2017-01-01,2017,1,2325,391446.0,5.939516561671342,593.9516561671342
Barnet,2017-02-01,2017,2,2251,391446.0,5.750473884009544,575.0473884009544
Barnet,2017-03-01,2017,3,2676,391446.0,6.836191965175273,683.6191965175274
Barnet,2017-04-01,2017,4,2425,391446.0,6.19497963959269,619.497963959269
Barnet,2017-05-01,2017,5,2448,391446.0,6.2537361475146,625.37361475146
Barnet,2017-06-01,2017,6,2410,391446.0,6.156660177904487,615.6660177904488
Barnet,2017-07-01,2017,7,2603,391446.0,6.64970391829269,664.9703918292689
Barnet,2017-08-01,2017,8,2454,391446.0,6.26906393218988,626.9063932189881
Barnet,2017-09-01,2017,9,2372,391446.0,6.059584208294376,605.9584208294375
Barnet,2017-10-01,2017,10,2654,391446.0,6.7799900880325765,677.9990088032577
Barnet,2017-11-01,2017,11,2798,391446.0,7.147856920239318,714.7856920239318
Barnet,2017-12-01,2017,12,2354,391446.0,6.013600854268532,601.3600854268532
Barnet,2018-01-01,2018,1,2533,397049.0,6.3795652425771125,637.9565242577113
Barnet,2018-02-01,2018,2,2351,397049.0,5.921183531503669,592.1183531503668
Barnet,2018-03-01,2018,3,2672,397049.0,6.729647977957381,672.964797795738
Barnet,2018-04-01,2018,4,2603,397049.0,6.555865900682283,655.5865900682284
Barnet,2018-05-01,2018,5,2588,397049.0,6.518087188231175,651.8087188231175
Barnet,2018-06-01,2018,6,2583,397049.0,6.5054942840808065,650.5494284080806
Barnet,2018-07-01,2018,7,2590,397049.0,6.523124349891323,652.3124349891323
Barnet,2018-08-01,2018,8,2463,397049.0,6.203264584471942,620.3264584471942
Barnet,2018-09-01,2018,9,2455,397049.0,6.18311593783135,618.3115937831351
Barnet,2018-10-01,2018,10,2862,397049.0,7.208178335671416,720.8178335671416
Barnet,2018-11-01,2018,11,2907,397049.0,7.32151447302474,732.1514473024739
Barnet,2018-12-01,2018,12,2676,397049.0,6.739722301277676,673.9722301277676
Barnet,2019-01-01,2019,1,2698,402363.0,6.705387920857534,670.5387920857534
Barnet,2019-02-01,2019,2,2847,402363.0,7.075700300474944,707.5700300474945
Barnet,2019-03-01,2019,3,3135,402363.0,7.79147187986967,779.147187986967
Barnet,2019-04-01,2019,4,2795,402363.0,6.9464637653064525,694.6463765306453
Barnet,2019-05-01,2019,5,2810,402363.0,6.983743535066594,698.3743535066594
Barnet,2019-06-01,2019,6,2971,402363.0,7.383879730492118,738.3879730492118
Barnet,2019-07-01,2019,7,3071,402363.0,7.632411528893065,763.2411528893065
Barnet,2019-08-01,2019,8,2592,402363.0,6.441944214552531,644.1944214552531
Barnet,2019-09-01,2019,9,2816,402363.0,6.998655442970651,699.8655442970651
Barnet,2019-10-01,2019,10,2853,402363.0,7.090612208379001,709.0612208379001
Barnet,2019-11-01,2019,11,3117,402363.0,7.7467361561575,774.6736156157499
Barnet,2019-12-01,2019,12,2914,402363.0,7.242216605403578,724.2216605403578
Barnet,2020-01-01,2020,1,2930,407148.0,7.196400326171318,719.6400326171319
Barnet,2020-02-01,2020,2,2831,407148.0,6.953245502863823,695.3245502863823
Barnet,2020-03-01,2020,3,2105,407148.0,5.170110131942193,517.0110131942193
Barnet,2020-04-01,2020,4,1772,407148.0,4.352225726271528,435.2225726271528
Barnet,2020-05-01,2020,5,2144,407148.0,5.265898395669388,526.5898395669388
Barnet,2020-06-01,2020,6,2236,407148.0,5.491860453692515,549.1860453692515
Barnet,2020-07-01,2020,7,2529,407148.0,6.211500486309647,621.1500486309646
Barnet,2020-08-01,2020,8,2612,407148.0,6.415357560395728,641.5357560395728
Barnet,2020-09-01,2020,9,2543,407148.0,6.245886016878384,624.5886016878384
Barnet,2020-10-01,2020,10,2739,407148.0,6.727283444840697,672.7283444840697
Barnet,2020-11-01,2020,11,2705,407148.0,6.643775727745194,664.3775727745193
Barnet,2020-12-01,2020,12,2361,407148.0,5.798874119484807,579.8874119484807
Barnet,2021-01-01,2021,1,2039,411275.0,4.957753328065163,495.7753328065163
Barnet,2021-02-01,2021,2,2068,411275.0,5.02826575892043,502.826575892043
Barnet,2021-03-01,2021,3,2761,411275.0,6.713269710048022,671.3269710048021
Barnet,2021-04-01,2021,4,2430,411275.0,5.9084554130448,590.84554130448
Barnet,2021-05-01,2021,5,2547,411275.0,6.192936599598808,619.2936599598809
Barnet,2021-06-01,2021,6,2666,411275.0,6.482280712418698,648.2280712418698
Barnet,2021-07-01,2021,7,2410,411275.0,5.859826150385994,585.9826150385994
Barnet,2021-08-01,2021,8,2315,411275.0,5.628837152756672,562.8837152756671
Barnet,2021-09-01,2021,9,2472,411275.0,6.01057686462829,601.057686462829
Barnet,2021-10-01,2021,10,2572,411275.0,6.253723177922315,625.3723177922315
Barnet,2021-11-01,2021,11,2478,411275.0,6.0251656434259315,602.5165643425931
Barnet,2021-12-01,2021,12,2394,411275.0,5.8209227402589505,582.0922740258951
Barnet,2022-01-01,2022,1,2522,415041.0,6.0765081040186395,607.6508104018639
Barnet,2022-02-01,2022,2,2355,415041.0,5.674138217670062,567.4138217670061
Barnet,2022-03-01,2022,3,2601,415041.0,6.266850744866169,626.6850744866169
Barnet,2022-04-01,2022,4,2332,415041.0,5.618722005777743,561.8722005777743
Barnet,2022-05-01,2022,5,2696,415041.0,6.495743793986618,649.5743793986619
Barnet,2022-06-01,2022,6,2422,415041.0,5.8355680523129045,583.5568052312904
Barnet,2022-07-01,2022,7,2453,415041.0,5.910259468341682,591.0259468341682
Barnet,2022-08-01,2022,8,2467,415041.0,5.943991075580485,594.3991075580485
Barnet,2022-09-01,2022,9,2465,415041.0,5.939172274546371,593.917227454637
Barnet,2022-10-01,2022,10,2579,415041.0,6.213843933490908,621.3843933490908
Barnet,2022-11-01,2022,11,2700,415041.0,6.505381396054847,650.5381396054847
Barnet,2022-12-01,2022,12,2357,415041.0,5.6789570187041765,567.8957018704176
Barnet,2023-01-01,2023,1,2617,418291.0,6.2564100112122905,625.641001121229
Barnet,2023-02-01,2023,2,2306,418291.0,5.512908477590959,551.290847759096
Barnet,2023-03-01,2023,3,2651,418291.0,6.337693137074429,633.7693137074428
Bexley,2010-04-01,2010,4,1237,230711.0,5.361686265500994,536.1686265500995
Bexley,2010-05-01,2010,5,1320,230711.0,5.721443710963066,572.1443710963066
Bexley,2010-06-01,2010,6,1286,230711.0,5.57407319113523,557.4073191135229
Bexley,2010-07-01,2010,7,1257,230711.0,5.448374806576193,544.8374806576193
Bexley,2010-08-01,2010,8,1306,230711.0,5.660761732210428,566.0761732210428
Bexley,2010-09-01,2010,9,1164,230711.0,5.045273090576522,504.5273090576522
Bexley,2010-10-01,2010,10,1281,230711.0,5.55240105586643,555.240105586643
Bexley,2010-11-01,2010,11,1346,230711.0,5.8341388143608235,583.4138814360824
Bexley,2010-12-01,2010,12,1010,230711.0,4.377771324297498,437.77713242974977
Bexley,2011-01-01,2011,1,1183,233002.0,5.077209637685513,507.7209637685513
Bexley,2011-02-01,2011,2,1044,233002.0,4.480648234779101,448.06482347791007
Bexley,2011-03-01,2011,3,1205,233002.0,5.171629428073579,517.1629428073579
Bexley,2011-04-01,2011,4,1029,233002.0,4.416271104969056,441.62711049690563
Bexley,2011-05-01,2011,5,1301,233002.0,5.583643058857864,558.3643058857864
Bexley,2011-06-01,2011,6,1059,233002.0,4.545025364589145,454.5025364589145
Bexley,2011-07-01,2011,7,1121,233002.0,4.811117501137329,481.1117501137329
Bexley,2011-08-01,2011,8,1075,233002.0,4.613694303053193,461.36943030531927
Bexley,2011-09-01,2011,9,986,233002.0,4.231723332846928,423.17233328469285
Bexley,2011-10-01,2011,10,961,233002.0,4.124428116496854,412.44281164968544
Bexley,2011-11-01,2011,11,1110,233002.0,4.763907605943297,476.39076059432966
Bexley,2011-12-01,2011,12,942,233002.0,4.042883752070797,404.28837520707975
Bexley,2012-01-01,2012,1,1091,234499.0,4.652471865551665,465.24718655516654
Bexley,2012-02-01,2012,2,1017,234499.0,4.336905487869885,433.6905487869884
Bexley,2012-03-01,2012,3,1221,234499.0,5.206845231749389,520.6845231749389
Bexley,2012-04-01,2012,4,1062,234499.0,4.528803960784481,452.8803960784481
Bexley,2012-05-01,2012,5,1248,234499.0,5.321984315498147,532.1984315498147
Bexley,2012-06-01,2012,6,1127,234499.0,4.805990643883343,480.5990643883343
Bexley,2012-07-01,2012,7,1122,234499.0,4.784668591337277,478.46685913372767
Bexley,2012-08-01,2012,8,1018,234499.0,4.341169898379098,434.1169898379098
Bexley,2012-09-01,2012,9,1026,234499.0,4.375285182452804,437.52851824528034
Bexley,2012-10-01,2012,10,1166,234499.0,4.97230265374266,497.230265374266
Bexley,2012-11-01,2012,11,1068,234499.0,4.55439042383976,455.439042383976
Bexley,2012-12-01,2012,12,1079,234499.0,4.601298939441106,460.1298939441106
Bexley,2013-01-01,2013,1,1150,236915.0,4.854061583268261,485.4061583268261
Bexley,2013-02-01,2013,2,1092,236915.0,4.609248042546905,460.92480425469046
Bexley,2013-03-01,2013,3,1028,236915.0,4.339108963130236,433.91089631302367
Bexley,2013-04-01,2013,4,1017,236915.0,4.292678808855497,429.2678808855497
Bexley,2013-05-01,2013,5,1059,236915.0,4.469957579722686,446.99575797226856
Bexley,2013-06-01,2013,6,976,236915.0,4.119620961104193,411.96209611041934
Bexley,2013-07-01,2013,7,1065,236915.0,4.495283118417998,449.5283118417998
Bexley,2013-08-01,2013,8,1004,236915.0,4.237806808348986,423.7806808348986
Bexley,2013-09-01,2013,9,996,236915.0,4.204039423421903,420.40394234219025
Bexley,2013-10-01,2013,10,1058,236915.0,4.4657366566068,446.57366566068
Bexley,2013-11-01,2013,11,1196,236915.0,5.048224046598991,504.8224046598991
Bexley,2013-12-01,2013,12,1267,236915.0,5.347909587826858,534.7909587826857
Bexley,2014-01-01,2014,1,1084,240093.0,4.51491713627636,451.491713627636
Bexley,2014-02-01,2014,2,930,240093.0,3.873499019130087,387.3499019130087
Bexley,2014-03-01,2014,3,1165,240093.0,4.852286405684463,485.2286405684464
Bexley,2014-04-01,2014,4,1115,240093.0,4.644033770247363,464.40337702473624
Bexley,2014-05-01,2014,5,978,240093.0,4.073421549149704,407.3421549149704
Bexley,2014-06-01,2014,6,1104,240093.0,4.5982181904512,459.82181904512004
Bexley,2014-07-01,2014,7,1221,240093.0,5.085529357374018,508.55293573740175
Bexley,2014-08-01,2014,8,1000,240093.0,4.165052708742029,416.5052708742029
Bexley,2014-09-01,2014,9,1009,240093.0,4.202538183120708,420.25381831207073
Bexley,2014-10-01,2014,10,1104,240093.0,4.5982181904512,459.82181904512004
Bexley,2014-11-01,2014,11,1116,240093.0,4.648198822956105,464.81988229561046
Bexley,2014-12-01,2014,12,1108,240093.0,4.614878401286168,461.4878401286168
Bexley,2015-01-01,2015,1,1140,242370.0,4.703552419853942,470.35524198539423
Bexley,2015-02-01,2015,2,948,242370.0,3.9113751701943307,391.1375170194331
Bexley,2015-03-01,2015,3,1085,242370.0,4.476626645211866,447.6626645211866
Bexley,2015-04-01,2015,4,937,242370.0,3.8659900152659157,386.59900152659156
Bexley,2015-05-01,2015,5,1121,242370.0,4.625159879523044,462.51598795230433
Bexley,2015-06-01,2015,6,1090,242370.0,4.497256261088419,449.7256261088419
Bexley,2015-07-01,2015,7,1076,242370.0,4.439493336634072,443.9493336634072
Bexley,2015-08-01,2015,8,915,242370.0,3.7752197054090852,377.52197054090857
Bexley,2015-09-01,2015,9,1032,242370.0,4.2579527169204106,425.79527169204107
Bexley,2015-10-01,2015,10,1265,242370.0,5.2192928167677515,521.9292816767752
Bexley,2015-11-01,2015,11,1185,242370.0,4.8892189627429135,488.9218962742914
Bexley,2015-12-01,2015,12,1137,242370.0,4.691174650328011,469.1174650328011
Bexley,2016-01-01,2016,1,1228,244988.0,5.012490407693438,501.24904076934376
Bexley,2016-02-01,2016,2,1122,244988.0,4.579816154260617,457.9816154260617
Bexley,2016-03-01,2016,3,1145,244988.0,4.67369830359038,467.369830359038
Bexley,2016-04-01,2016,4,978,244988.0,3.9920322628047087,399.20322628047086
Bexley,2016-05-01,2016,5,1059,244988.0,4.3226607017486565,432.2660701748657
Bexley,2016-06-01,2016,6,1105,244988.0,4.510425000408183,451.0425000408183
Bexley,2016-07-01,2016,7,1167,244988.0,4.763498620340588,476.3498620340588
Bexley,2016-08-01,2016,8,1059,244988.0,4.322660701748657,432.2660701748657
Bexley,2016-09-01,2016,9,1180,244988.0,4.816562443874802,481.6562443874802
Bexley,2016-10-01,2016,10,1249,244988.0,5.0982088918640915,509.8208891864091
Bexley,2016-11-01,2016,11,1287,244988.0,5.253318529887178,525.3318529887179
Bexley,2016-12-01,2016,12,1317,244988.0,5.375773507273825,537.5773507273825
Bexley,2017-01-01,2017,1,1141,247179.0,4.616087936272903,461.6087936272903
Bexley,2017-02-01,2017,2,1195,247179.0,4.834553097148221,483.4553097148221
Bexley,2017-03-01,2017,3,1303,247179.0,5.271483418898855,527.1483418898855
Bexley,2017-04-01,2017,4,1144,247179.0,4.628224889654866,462.8224889654865
Bexley,2017-05-01,2017,5,1239,247179.0,5.012561746750331,501.2561746750331
Bexley,2017-06-01,2017,6,1321,247179.0,5.344305139190627,534.4305139190627
Bexley,2017-07-01,2017,7,1304,247179.0,5.275529070026176,527.5529070026175
Bexley,2017-08-01,2017,8,1261,247179.0,5.101566071551386,510.1566071551386
Bexley,2017-09-01,2017,9,1363,247179.0,5.514222486538096,551.4222486538096
Bexley,2017-10-01,2017,10,1521,247179.0,6.153435364654764,615.3435364654764
Bexley,2017-11-01,2017,11,1481,247179.0,5.991609319561936,599.1609319561937
Bexley,2017-12-01,2017,12,1314,247179.0,5.315985581299382,531.5985581299382
Bexley,2018-01-01,2018,1,1429,249999.0,5.716022864091457,571.6022864091457
Bexley,2018-02-01,2018,2,1205,249999.0,4.820019280077121,482.0019280077121
Bexley,2018-03-01,2018,3,1275,249999.0,5.1000204000816005,510.00204000816
Bexley,2018-04-01,2018,4,1254,249999.0,5.016020064080257,501.60200640802566
Bexley,2018-05-01,2018,5,1350,249999.0,5.400021600086401,540.00216000864
Bexley,2018-06-01,2018,6,1374,249999.0,5.496021984087936,549.6021984087936
Bexley,2018-07-01,2018,7,1279,249999.0,5.116020464081856,511.60204640818563
Bexley,2018-08-01,2018,8,1308,249999.0,5.232020928083712,523.2020928083713
Bexley,2018-09-01,2018,9,1353,249999.0,5.412021648086593,541.2021648086593
Bexley,2018-10-01,2018,10,1433,249999.0,5.7320229280917125,573.2022928091712
Bexley,2018-11-01,2018,11,1559,249999.0,6.236024944099777,623.6024944099777
Bexley,2018-12-01,2018,12,1637,249999.0,6.548026192104769,654.8026192104769
Bexley,2019-01-01,2019,1,1671,252885.0,6.607746604187675,660.7746604187674
Bexley,2019-02-01,2019,2,1436,252885.0,5.678470450995512,567.8470450995512
Bexley,2019-03-01,2019,3,1570,252885.0,6.208355576645511,620.8355576645511
Bexley,2019-04-01,2019,4,1591,252885.0,6.2913972754414065,629.1397275441407
Bexley,2019-05-01,2019,5,1696,252885.0,6.706605769420883,670.6605769420883
Bexley,2019-06-01,2019,6,1535,252885.0,6.069952745319019,606.9952745319018
Bexley,2019-07-01,2019,7,1571,252885.0,6.212309943254839,621.230994325484
Bexley,2019-08-01,2019,8,1573,252885.0,6.220218676473496,622.0218676473496
Bexley,2019-09-01,2019,9,1542,252885.0,6.097633311584317,609.7633311584317
Bexley,2019-10-01,2019,10,1800,252885.0,7.117859896791032,711.7859896791032
Bexley,2019-11-01,2019,11,1658,252885.0,6.556339838266406,655.6339838266406
Bexley,2019-12-01,2019,12,1525,252885.0,6.030409079225735,603.0409079225735
Bexley,2020-01-01,2020,1,1770,254970.0,6.941993175667726,694.1993175667726
Bexley,2020-02-01,2020,2,1568,254970.0,6.1497431070322,614.97431070322
Bexley,2020-03-01,2020,3,1083,254970.0,4.247558536298388,424.75585362983884
Bexley,2020-04-01,2020,4,950,254970.0,3.725928540612621,372.5928540612621
Bexley,2020-05-01,2020,5,1270,254970.0,4.980978154292662,498.0978154292662
Bexley,2020-06-01,2020,6,1236,254970.0,4.847629132839158,484.76291328391574
Bexley,2020-07-01,2020,7,1380,254970.0,5.412401458995176,541.2401458995175
Bexley,2020-08-01,2020,8,1471,254970.0,5.769306192885438,576.9306192885438
Bexley,2020-09-01,2020,9,1355,254970.0,5.3143507079264225,531.4350707926423
Bexley,2020-10-01,2020,10,1351,254970.0,5.298662587755422,529.8662587755423
Bexley,2020-11-01,2020,11,1396,254970.0,5.475153939679178,547.5153939679178
Bexley,2020-12-01,2020,12,1235,254970.0,4.843707102796407,484.3707102796408
Bexley,2021-01-01,2021,1,1099,256845.0,4.278845217932995,427.8845217932995
Bexley,2021-02-01,2021,2,1051,256845.0,4.091962078296248,409.1962078296249
Bexley,2021-03-01,2021,3,1269,256845.0,4.94072300414647,494.072300414647
Bexley,2021-04-01,2021,4,1200,256845.0,4.672078490918647,467.2078490918648
Bexley,2021-05-01,2021,5,1246,256845.0,4.851174833070529,485.1174833070529
Bexley,2021-06-01,2021,6,1293,256845.0,5.034164573964842,503.41645739648425
Bexley,2021-07-01,2021,7,1309,256845.0,5.096458953843758,509.64589538437576
Bexley,2021-08-01,2021,8,1282,256845.0,4.991337187798088,499.1337187798088
Bexley,2021-09-01,2021,9,1320,256845.0,5.139286340010512,513.9286340010513
Bexley,2021-10-01,2021,10,1385,256845.0,5.392357258268605,539.2357258268605
Bexley,2021-11-01,2021,11,1468,256845.0,5.715509353890479,571.5509353890479
Bexley,2021-12-01,2021,12,1363,256845.0,5.306702485935097,530.6702485935097
Bexley,2022-01-01,2022,1,1310,258607.0,5.0656014725046115,506.5601472504611
Bexley,2022-02-01,2022,2,1349,258607.0,5.2164094552738325,521.6409455273832
Bexley,2022-03-01,2022,3,1437,258607.0,5.556694134342845,555.6694134342845
Bexley,2022-04-01,2022,4,1281,258607.0,4.95346220326596,495.3462203265959
Bexley,2022-05-01,2022,5,1395,258607.0,5.3942855375144525,539.4285537514453
Bexley,2022-06-01,2022,6,1415,258607.0,5.471622964575591,547.1622964575591
Bexley,2022-07-01,2022,7,1279,258607.0,4.945728460559845,494.57284605598454
Bexley,2022-08-01,2022,8,1345,258607.0,5.200941969861605,520.0941969861605
Bexley,2022-09-01,2022,9,1396,258607.0,5.398152408867509,539.815240886751
Bexley,2022-10-01,2022,10,1400,258607.0,5.413619894279737,541.3619894279738
Bexley,2022-11-01,2022,11,1414,258607.0,5.467756093222535,546.7756093222534
Bexley,2022-12-01,2022,12,1206,258607.0,4.663446851786688,466.3446851786688
Bexley,2023-01-01,2023,1,1386,260232.0,5.3260167850225955,532.6016785022596
Bexley,2023-02-01,2023,2,1348,260232.0,5.179993236804083,517.9993236804082
Bexley,2023-03-01,2023,3,1442,260232.0,5.541209382397245,554.1209382397245
Brent,2010-04-01,2010,4,2680,304785.0,8.793083649129715,879.3083649129715
Brent,2010-05-01,2010,5,2708,304785.0,8.88495168725495,888.495168725495
Brent,2010-06-01,2010,6,2598,304785.0,8.524041537477238,852.4041537477239
Brent,2010-07-01,2010,7,2910,304785.0,9.547713962301295,954.7713962301294
Brent,2010-08-01,2010,8,2670,304785.0,8.760273635513558,876.0273635513558
Brent,2010-09-01,2010,9,2565,304785.0,8.415768492543924,841.5768492543925
Brent,2010-10-01,2010,10,2588,304785.0,8.491231523861082,849.1231523861082
Brent,2010-11-01,2010,11,2800,304785.0,9.186803812523582,918.6803812523582
Brent,2010-12-01,2010,12,2325,304785.0,7.628328165756189,762.8328165756188
Brent,2011-01-01,2011,1,2661,313084.0,8.499316477367096,849.9316477367097
Brent,2011-02-01,2011,2,2518,313084.0,8.042570045099717,804.2570045099717
Brent,2011-03-01,2011,3,2639,313084.0,8.429047795479807,842.9047795479808
Brent,2011-04-01,2011,4,2744,313084.0,8.764421049941868,876.4421049941868
Brent,2011-05-01,2011,5,2928,313084.0,9.352122752999195,935.2122752999195
Brent,2011-06-01,2011,6,2878,313084.0,9.192421203255355,919.2421203255357
Brent,2011-07-01,2011,7,3049,313084.0,9.738600503379285,973.8600503379286
Brent,2011-08-01,2011,8,2535,313084.0,8.096868572012623,809.6868572012623
Brent,2011-09-01,2011,9,2551,313084.0,8.147973067930652,814.7973067930652
Brent,2011-10-01,2011,10,3058,313084.0,9.767346782333176,976.7346782333176
Brent,2011-11-01,2011,11,3003,313084.0,9.591675077614953,959.1675077614954
Brent,2011-12-01,2011,12,2781,313084.0,8.882600196752309,888.260019675231
Brent,2012-01-01,2012,1,2978,315499.0,9.439015654566258,943.9015654566258
Brent,2012-02-01,2012,2,2680,315499.0,8.494480172678836,849.4480172678836
Brent,2012-03-01,2012,3,2924,315499.0,9.267858218251087,926.7858218251088
Brent,2012-04-01,2012,4,2467,315499.0,7.819359173880107,781.9359173880107
Brent,2012-05-01,2012,5,2693,315499.0,8.535684740680637,853.5684740680636
Brent,2012-06-01,2012,6,2502,315499.0,7.930294549269569,793.029454926957
Brent,2012-07-01,2012,7,2608,315499.0,8.266270257591941,826.6270257591942
Brent,2012-08-01,2012,8,2686,315499.0,8.513497665602744,851.3497665602744
Brent,2012-09-01,2012,9,2234,315499.0,7.0808465320016865,708.0846532001686
Brent,2012-10-01,2012,10,2592,315499.0,8.215556943128188,821.5556943128188
Brent,2012-11-01,2012,11,2736,315499.0,8.671976773301976,867.1976773301976
Brent,2012-12-01,2012,12,2482,315499.0,7.8669029061898765,786.6902906189877
Brent,2013-01-01,2013,1,2393,318103.0,7.522720628224191,752.2720628224191
Brent,2013-02-01,2013,2,2328,318103.0,7.3183842969101205,731.838429691012
Brent,2013-03-01,2013,3,2363,318103.0,7.428411552233081,742.8411552233082
Brent,2013-04-01,2013,4,2028,318103.0,6.375293536999022,637.5293536999022
Brent,2013-05-01,2013,5,2236,318103.0,7.02916979720405,702.916979720405
Brent,2013-06-01,2013,6,2192,318103.0,6.890849819083756,689.0849819083755
Brent,2013-07-01,2013,7,2270,318103.0,7.1360534166606415,713.6053416660641
Brent,2013-08-01,2013,8,2141,318103.0,6.73052438989887,673.0524389898869
Brent,2013-09-01,2013,9,2136,318103.0,6.714806210567017,671.4806210567017
Brent,2013-10-01,2013,10,2292,318103.0,7.205213405720788,720.5213405720789
Brent,2013-11-01,2013,11,2449,318103.0,7.69876423674093,769.876423674093
Brent,2013-12-01,2013,12,2207,318103.0,6.938004357079311,693.8004357079311
Brent,2014-01-01,2014,1,2385,321601.0,7.416021716350384,741.6021716350384
Brent,2014-02-01,2014,2,2051,321601.0,6.377467731754566,637.7467731754565
Brent,2014-03-01,2014,3,2286,321601.0,7.108186852652821,710.8186852652822
Brent,2014-04-01,2014,4,2181,321601.0,6.781695330549345,678.1695330549345
Brent,2014-05-01,2014,5,2344,321601.0,7.288534550576646,728.8534550576646
Brent,2014-06-01,2014,6,2385,321601.0,7.416021716350384,741.6021716350385
Brent,2014-07-01,2014,7,2346,321601.0,7.29475343671195,729.475343671195
Brent,2014-08-01,2014,8,2163,321601.0,6.7257253553316065,672.5725355331606
Brent,2014-09-01,2014,9,2271,321601.0,7.061545206638039,706.1545206638039
Brent,2014-10-01,2014,10,2483,321601.0,7.720747136980295,772.0747136980295
Brent,2014-11-01,2014,11,2350,321601.0,7.307191208982559,730.7191208982558
Brent,2014-12-01,2014,12,2162,321601.0,6.722615912263954,672.2615912263955
Brent,2015-01-01,2015,1,2208,324851.0,6.796962299638912,679.6962299638911
Brent,2015-02-01,2015,2,2082,324851.0,6.409092168409517,640.9092168409517
Brent,2015-03-01,2015,3,2333,324851.0,7.181754096493469,718.1754096493469
Brent,2015-04-01,2015,4,2196,324851.0,6.760022287140874,676.0022287140873
Brent,2015-05-01,2015,5,2419,324851.0,7.446490852729405,744.6490852729405
Brent,2015-06-01,2015,6,2303,324851.0,7.089404065248376,708.9404065248375
Brent,2015-07-01,2015,7,2221,324851.0,6.836980646511785,683.6980646511786
Brent,2015-08-01,2015,8,2209,324851.0,6.800040634013747,680.0040634013748
Brent,2015-09-01,2015,9,2281,324851.0,7.0216807090019735,702.1680709001973
Brent,2015-10-01,2015,10,2649,324851.0,8.154507758941792,815.4507758941792
Brent,2015-11-01,2015,11,2728,324851.0,8.397696174553872,839.7696174553872
Brent,2015-12-01,2015,12,2456,324851.0,7.560389224598355,756.0389224598355
Brent,2016-01-01,2016,1,2373,329093.0,7.210727666647421,721.0727666647422
Brent,2016-02-01,2016,2,2307,329093.0,7.010176454679984,701.0176454679984
Brent,2016-03-01,2016,3,2428,329093.0,7.377853676620287,737.7853676620286
Brent,2016-04-01,2016,4,2331,329093.0,7.083104168122689,708.3104168122688
Brent,2016-05-01,2016,5,2667,329093.0,8.104092156320554,810.4092156320553
Brent,2016-06-01,2016,6,2560,329093.0,7.7789561005551615,777.8956100555163
Brent,2016-07-01,2016,7,2560,329093.0,7.778956100555162,777.8956100555163
Brent,2016-08-01,2016,8,2562,329093.0,7.785033410008721,778.5033410008721
Brent,2016-09-01,2016,9,2426,329093.0,7.371776367166728,737.1776367166729
Brent,2016-10-01,2016,10,2628,329093.0,7.985584621976159,798.5584621976159
Brent,2016-11-01,2016,11,2449,329093.0,7.441665425882653,744.1665425882653
Brent,2016-12-01,2016,12,2605,329093.0,7.9156955632602335,791.5695563260233
Brent,2017-01-01,2017,1,2453,332750.0,7.37190082644628,737.1900826446281
Brent,2017-02-01,2017,2,2369,332750.0,7.119459053343351,711.9459053343351
Brent,2017-03-01,2017,3,2746,332750.0,8.25244177310293,825.244177310293
Brent,2017-04-01,2017,4,2494,332750.0,7.4951164537941395,749.511645379414
Brent,2017-05-01,2017,5,2779,332750.0,8.351615326821939,835.1615326821939
Brent,2017-06-01,2017,6,2634,332750.0,7.915852742299023,791.5852742299023
Brent,2017-07-01,2017,7,2719,332750.0,8.17129977460556,817.1299774605559
Brent,2017-08-01,2017,8,2701,332750.0,8.117205108940645,811.7205108940647
Brent,2017-09-01,2017,9,2688,332750.0,8.078136739293765,807.8136739293764
Brent,2017-10-01,2017,10,3020,332750.0,9.07588279489106,907.588279489106
Brent,2017-11-01,2017,11,2918,332750.0,8.769346356123215,876.9346356123216
Brent,2017-12-01,2017,12,2621,332750.0,7.876784372652141,787.6784372652141
Brent,2018-01-01,2018,1,2743,336859.0,8.142872834034417,814.2872834034417
Brent,2018-02-01,2018,2,2611,336859.0,7.751017488029116,775.1017488029116
Brent,2018-03-01,2018,3,2784,336859.0,8.26458547938455,826.458547938455
Brent,2018-04-01,2018,4,2584,336859.0,7.670865258164396,767.0865258164396
Brent,2018-05-01,2018,5,2810,336859.0,8.34176910814317,834.1769108143169
Brent,2018-06-01,2018,6,2842,336859.0,8.436764343538394,843.6764343538395
Brent,2018-07-01,2018,7,2938,336859.0,8.721750049724069,872.1750049724069
Brent,2018-08-01,2018,8,2688,336859.0,7.979599773198876,797.9599773198876
Brent,2018-09-01,2018,9,2737,336859.0,8.125061227397813,812.5061227397813
Brent,2018-10-01,2018,10,2927,336859.0,8.68909543755696,868.909543755696
Brent,2018-11-01,2018,11,2940,336859.0,8.72768725193627,872.768725193627
Brent,2018-12-01,2018,12,2585,336859.0,7.673833859270496,767.3833859270496
Brent,2019-01-01,2019,1,2695,340710.0,7.9099527457368435,790.9952745736844
Brent,2019-02-01,2019,2,2558,340710.0,7.5078512517977165,750.7851251797716
Brent,2019-03-01,2019,3,2883,340710.0,8.461741657127762,846.1741657127762
Brent,2019-04-01,2019,4,2580,340710.0,7.572422294620058,757.2422294620058
Brent,2019-05-01,2019,5,2752,340710.0,8.077250447594729,807.7250447594729
Brent,2019-06-01,2019,6,2810,340710.0,8.24748319685363,824.748319685363
Brent,2019-07-01,2019,7,2782,340710.0,8.165301869625194,816.5301869625195
Brent,2019-08-01,2019,8,2628,340710.0,7.713304569868804,771.3304569868803
Brent,2019-09-01,2019,9,2699,340710.0,7.921692935340905,792.1692935340906
Brent,2019-10-01,2019,10,2812,340710.0,8.25335329165566,825.335329165566
Brent,2019-11-01,2019,11,2704,340710.0,7.936368172345984,793.6368172345983
Brent,2019-12-01,2019,12,2647,340710.0,7.769070470488098,776.9070470488099
Brent,2020-01-01,2020,1,2701,343853.0,7.855100871593384,785.5100871593384
Brent,2020-02-01,2020,2,2609,343853.0,7.5875446775220805,758.754467752208
Brent,2020-03-01,2020,3,1927,343853.0,5.604138977993503,560.4138977993503
Brent,2020-04-01,2020,4,2140,343853.0,6.223589731658587,622.3589731658587
Brent,2020-05-01,2020,5,2389,343853.0,6.947736387351572,694.7736387351572
Brent,2020-06-01,2020,6,2534,343853.0,7.3694282149639525,736.9428214963953
Brent,2020-07-01,2020,7,2752,343853.0,8.003420066132911,800.3420066132911
Brent,2020-08-01,2020,8,2768,343853.0,8.049951578145313,804.9951578145312
Brent,2020-09-01,2020,9,2656,343853.0,7.724230994058508,772.4230994058507
Brent,2020-10-01,2020,10,2765,343853.0,8.041226919642988,804.1226919642987
Brent,2020-11-01,2020,11,2456,343853.0,7.142587093903499,714.25870939035
Brent,2020-12-01,2020,12,2391,343853.0,6.953552826353121,695.3552826353122
Brent,2021-01-01,2021,1,2020,346437.0,5.830785972629944,583.0785972629944
Brent,2021-02-01,2021,2,2196,346437.0,6.338814849453147,633.8814849453147
Brent,2021-03-01,2021,3,2324,346437.0,6.708290396233659,670.8290396233658
Brent,2021-04-01,2021,4,2183,346437.0,6.301289989233252,630.1289989233252
Brent,2021-05-01,2021,5,2571,346437.0,7.421262740411676,742.1262740411676
Brent,2021-06-01,2021,6,2478,346437.0,7.1528156634539615,715.2815663453962
Brent,2021-07-01,2021,7,2753,346437.0,7.946610783490216,794.6610783490216
Brent,2021-08-01,2021,8,2574,346437.0,7.429922323539344,742.9922323539345
Brent,2021-09-01,2021,9,2465,346437.0,7.115290803234066,711.5290803234066
Brent,2021-10-01,2021,10,2794,346437.0,8.064958419568349,806.4958419568349
Brent,2021-11-01,2021,11,2520,346437.0,7.274049827241316,727.4049827241316
Brent,2021-12-01,2021,12,2197,346437.0,6.34170137716237,634.1701377162369
Brent,2022-01-01,2022,1,2452,348783.0,7.030159153399105,703.0159153399105
Brent,2022-02-01,2022,2,2481,348783.0,7.11330540766035,711.330540766035
Brent,2022-03-01,2022,3,2728,348783.0,7.82148212498889,782.148212498889
Brent,2022-04-01,2022,4,2578,348783.0,7.391415292603137,739.1415292603137
Brent,2022-05-01,2022,5,2691,348783.0,7.715398973000404,771.5398973000404
Brent,2022-06-01,2022,6,2671,348783.0,7.658056728682304,765.8056728682304
Brent,2022-07-01,2022,7,2638,348783.0,7.563442025557438,756.3442025557438
Brent,2022-08-01,2022,8,2695,348783.0,7.726867421864025,772.6867421864024
Brent,2022-09-01,2022,9,2594,348783.0,7.437289088057618,743.7289088057616
Brent,2022-10-01,2022,10,2592,348783.0,7.4315548636258075,743.1554863625807
Brent,2022-11-01,2022,11,2658,348783.0,7.620784269875538,762.0784269875538
Brent,2022-12-01,2022,12,2397,348783.0,6.872467981524329,687.2467981524328
Brent,2023-01-01,2023,1,2615,350714.0,7.456217886939216,745.6217886939215
Brent,2023-02-01,2023,2,2469,350714.0,7.039924268777408,703.9924268777409
Brent,2023-03-01,2023,3,2709,350714.0,7.724242545207776,772.4242545207776
Bromley,2010-04-01,2010,4,2057,308560.0,6.666450609281825,666.6450609281825
Bromley,2010-05-01,2010,5,2138,308560.0,6.928960331864143,692.8960331864143
Bromley,2010-06-01,2010,6,2068,308560.0,6.702100077780658,670.2100077780658
Bromley,2010-07-01,2010,7,2006,308560.0,6.501166709878143,650.1166709878144
Bromley,2010-08-01,2010,8,2000,308560.0,6.481721545242416,648.1721545242416
Bromley,2010-09-01,2010,9,1851,308560.0,5.998833290121857,599.8833290121856
Bromley,2010-10-01,2010,10,2125,308560.0,6.886829141820067,688.6829141820067
Bromley,2010-11-01,2010,11,2149,308560.0,6.964609800362977,696.4609800362977
Bromley,2010-12-01,2010,12,1862,308560.0,6.0344827586206895,603.448275862069
Bromley,2011-01-01,2011,1,2158,311110.0,6.93645334447623,693.645334447623
Bromley,2011-02-01,2011,2,1901,311110.0,6.110378965639163,611.0378965639163
Bromley,2011-03-01,2011,3,2139,311110.0,6.875381697791778,687.5381697791778
Bromley,2011-04-01,2011,4,1981,311110.0,6.367522741152647,636.7522741152648
Bromley,2011-05-01,2011,5,2104,311110.0,6.762881296004629,676.2881296004629
Bromley,2011-06-01,2011,6,1992,311110.0,6.402880010285751,640.2880010285751
Bromley,2011-07-01,2011,7,2031,311110.0,6.528237600848574,652.8237600848574
Bromley,2011-08-01,2011,8,2127,311110.0,6.836810131464755,683.6810131464755
Bromley,2011-09-01,2011,9,1979,311110.0,6.36109414676481,636.109414676481
Bromley,2011-10-01,2011,10,2046,311110.0,6.5764520587573525,657.6452058757353
Bromley,2011-11-01,2011,11,2068,311110.0,6.647166597023561,664.7166597023561
Bromley,2011-12-01,2011,12,2182,311110.0,7.0135964771302755,701.3596477130276
Bromley,2012-01-01,2012,1,2160,314592.0,6.8660360085444,686.6036008544401
Bromley,2012-02-01,2012,2,1953,314592.0,6.208040891058896,620.8040891058895
Bromley,2012-03-01,2012,3,2143,314592.0,6.811997762180856,681.1997762180856
Bromley,2012-04-01,2012,4,1778,314592.0,5.651764825551826,565.1764825551826
Bromley,2012-05-01,2012,5,1928,314592.0,6.128572881700743,612.8572881700743
Bromley,2012-06-01,2012,6,1917,314592.0,6.093606957583155,609.3606957583155
Bromley,2012-07-01,2012,7,1993,314592.0,6.335189706031939,633.518970603194
Bromley,2012-08-01,2012,8,1947,314592.0,6.188968568812939,618.8968568812938
Bromley,2012-09-01,2012,9,1849,314592.0,5.877453972128979,587.745397212898
Bromley,2012-10-01,2012,10,2015,314592.0,6.405121554267114,640.5121554267114
Bromley,2012-11-01,2012,11,2090,314592.0,6.643525582341573,664.3525582341572
Bromley,2012-12-01,2012,12,1888,314592.0,6.001424066727698,600.1424066727698
Bromley,2013-01-01,2013,1,1995,318455.0,6.264621375076541,626.4621375076541
Bromley,2013-02-01,2013,2,1863,318455.0,5.8501201111617025,585.0120111161702
Bromley,2013-03-01,2013,3,1877,318455.0,5.894082366425398,589.4082366425398
Bromley,2013-04-01,2013,4,1898,318455.0,5.96002574932094,596.002574932094
Bromley,2013-05-01,2013,5,1740,318455.0,5.463880297059239,546.3880297059239
Bromley,2013-06-01,2013,6,1623,318455.0,5.096481449498359,509.6481449498359
Bromley,2013-07-01,2013,7,1887,318455.0,5.925483977328037,592.5483977328037
Bromley,2013-08-01,2013,8,1696,318455.0,5.325713209087626,532.5713209087626
Bromley,2013-09-01,2013,9,1755,318455.0,5.510982713413198,551.0982713413198
Bromley,2013-10-01,2013,10,2007,318455.0,6.302303308159709,630.2303308159709
Bromley,2013-11-01,2013,11,1980,318455.0,6.217518958722582,621.7518958722583
Bromley,2013-12-01,2013,12,1928,318455.0,6.054230582028858,605.4230582028858
Bromley,2014-01-01,2014,1,1972,321834.0,6.127382439394222,612.7382439394222
Bromley,2014-02-01,2014,2,1768,321834.0,5.493515290491372,549.3515290491372
Bromley,2014-03-01,2014,3,1908,321834.0,5.928522157385484,592.8522157385485
Bromley,2014-04-01,2014,4,1774,321834.0,5.5121584419296905,551.215844192969
Bromley,2014-05-01,2014,5,1826,321834.0,5.67373242106179,567.373242106179
Bromley,2014-06-01,2014,6,1830,321834.0,5.686161188687335,568.6161188687336
Bromley,2014-07-01,2014,7,2101,321834.0,6.528210195318083,652.8210195318084
Bromley,2014-08-01,2014,8,1843,321834.0,5.7265546834703605,572.655468347036
Bromley,2014-09-01,2014,9,1759,321834.0,5.465550563333893,546.5550563333893
Bromley,2014-10-01,2014,10,1915,321834.0,5.95027250073019,595.027250073019
Bromley,2014-11-01,2014,11,1968,321834.0,6.114953671768676,611.4953671768676
Bromley,2014-12-01,2014,12,1937,321834.0,6.018630722670693,601.8630722670694
Bromley,2015-01-01,2015,1,1909,325413.0,5.8663913242556385,586.6391324255638
Bromley,2015-02-01,2015,2,1821,325413.0,5.595965741995556,559.5965741995557
Bromley,2015-03-01,2015,3,2010,325413.0,6.176766140258687,617.6766140258687
Bromley,2015-04-01,2015,4,1936,325413.0,5.9493628097218,594.9362809721799
Bromley,2015-05-01,2015,5,2030,325413.0,6.23822649986325,623.822649986325
Bromley,2015-06-01,2015,6,1996,325413.0,6.133743888535491,613.3743888535491
Bromley,2015-07-01,2015,7,1988,325413.0,6.109159744693667,610.9159744693666
Bromley,2015-08-01,2015,8,1934,325413.0,5.9432167737613435,594.3216773761343
Bromley,2015-09-01,2015,9,1972,325413.0,6.059991457010015,605.9991457010015
Bromley,2015-10-01,2015,10,1968,325413.0,6.047699385089102,604.7699385089102
Bromley,2015-11-01,2015,11,1976,325413.0,6.072283528930928,607.2283528930927
Bromley,2015-12-01,2015,12,1990,325413.0,6.115305780654123,611.5305780654123
Bromley,2016-01-01,2016,1,1952,327445.0,5.961306478950664,596.1306478950663
Bromley,2016-02-01,2016,2,1906,327445.0,5.820824871352441,582.082487135244
Bromley,2016-03-01,2016,3,1983,327445.0,6.055978866679901,605.5978866679901
Bromley,2016-04-01,2016,4,1765,327445.0,5.3902182045839755,539.0218204583975
Bromley,2016-05-01,2016,5,1916,327445.0,5.851364351265098,585.1364351265098
Bromley,2016-06-01,2016,6,1801,327445.0,5.500160332269541,550.0160332269542
Bromley,2016-07-01,2016,7,1979,327445.0,6.043763074714837,604.3763074714838
Bromley,2016-08-01,2016,8,1700,327445.0,5.191711585151705,519.1711585151704
Bromley,2016-09-01,2016,9,1802,327445.0,5.503214280260807,550.3214280260808
Bromley,2016-10-01,2016,10,1911,327445.0,5.83609461130877,583.609461130877
Bromley,2016-11-01,2016,11,1978,327445.0,6.040709126723572,604.0709126723572
Bromley,2016-12-01,2016,12,2132,327445.0,6.511017117378492,651.1017117378491
Bromley,2017-01-01,2017,1,1965,330909.0,5.938188444557265,593.8188444557265
Bromley,2017-02-01,2017,2,2073,330909.0,6.264562160594,626.4562160594
Bromley,2017-03-01,2017,3,2473,330909.0,7.473353701470797,747.3353701470797
Bromley,2017-04-01,2017,4,2130,330909.0,6.436814955168944,643.6814955168944
Bromley,2017-05-01,2017,5,2100,330909.0,6.346155589603184,634.6155589603184
Bromley,2017-06-01,2017,6,2078,330909.0,6.27967205485496,627.967205485496
Bromley,2017-07-01,2017,7,2044,330909.0,6.176924773880432,617.6924773880432
Bromley,2017-08-01,2017,8,2015,330909.0,6.0892873871668645,608.9287387166864
Bromley,2017-09-01,2017,9,1980,330909.0,5.983518127340145,598.3518127340145
Bromley,2017-10-01,2017,10,2009,330909.0,6.071155514053713,607.1155514053712
Bromley,2017-11-01,2017,11,2271,330909.0,6.8629139733280144,686.2913973328015
Bromley,2017-12-01,2017,12,2039,330909.0,6.161814879619472,616.1814879619473
Bromley,2018-01-01,2018,1,2258,332733.0,6.786221985796419,678.6221985796419
Bromley,2018-02-01,2018,2,1954,332733.0,5.872576510295041,587.2576510295041
Bromley,2018-03-01,2018,3,2188,332733.0,6.575843093411233,657.5843093411233
Bromley,2018-04-01,2018,4,2086,332733.0,6.269290993078535,626.9290993078534
Bromley,2018-05-01,2018,5,2156,332733.0,6.47966988546372,647.966988546372
Bromley,2018-06-01,2018,6,2134,332733.0,6.4135508049998045,641.3550804999804
Bromley,2018-07-01,2018,7,2038,332733.0,6.125031181157264,612.5031181157265
Bromley,2018-08-01,2018,8,2022,332733.0,6.076944577183507,607.6944577183508
Bromley,2018-09-01,2018,9,2076,332733.0,6.239236865594936,623.9236865594937
Bromley,2018-10-01,2018,10,2182,332733.0,6.557810616921075,655.7810616921074
Bromley,2018-11-01,2018,11,2231,332733.0,6.7050758415907055,670.5075841590706
Bromley,2018-12-01,2018,12,2257,332733.0,6.78321657304806,678.321657304806
Bromley,2019-01-01,2019,1,2286,334292.0,6.8383329544230795,683.8332954423079
Bromley,2019-02-01,2019,2,2171,334292.0,6.494322328981848,649.4322328981848
Bromley,2019-03-01,2019,3,2367,334292.0,7.0806360906034245,708.0636090603424
Bromley,2019-04-01,2019,4,2137,334292.0,6.392614839720962,639.2614839720962
Bromley,2019-05-01,2019,5,2313,334292.0,6.919100666483194,691.9100666483195
Bromley,2019-06-01,2019,6,2209,334292.0,6.607995405214603,660.7995405214604
Bromley,2019-07-01,2019,7,2366,334292.0,7.077644693860457,707.7644693860457
Bromley,2019-08-01,2019,8,2256,334292.0,6.748591052134063,674.8591052134062
Bromley,2019-09-01,2019,9,2289,334292.0,6.847307144651981,684.730714465198
Bromley,2019-10-01,2019,10,2446,334292.0,7.316956433297835,731.6956433297835
Bromley,2019-11-01,2019,11,2522,334292.0,7.544302585763345,754.4302585763345
Bromley,2019-12-01,2019,12,2319,334292.0,6.937049046940998,693.7049046940998
Bromley,2020-01-01,2020,1,2388,336395.0,7.098797544553278,709.8797544553278
Bromley,2020-02-01,2020,2,2322,336395.0,6.902599622467635,690.2599622467635
Bromley,2020-03-01,2020,3,1582,336395.0,4.702804738477088,470.2804738477088
Bromley,2020-04-01,2020,4,1555,336395.0,4.622541952169325,462.2541952169325
Bromley,2020-05-01,2020,5,1740,336395.0,5.172490673166961,517.2490673166961
Bromley,2020-06-01,2020,6,1804,336395.0,5.362743203674253,536.2743203674252
Bromley,2020-07-01,2020,7,2033,336395.0,6.043490539395651,604.3490539395651
Bromley,2020-08-01,2020,8,1871,336395.0,5.561913821549071,556.1913821549072
Bromley,2020-09-01,2020,9,1993,336395.0,5.924582707828595,592.4582707828595
Bromley,2020-10-01,2020,10,2198,336395.0,6.533985344609759,653.398534460976
Bromley,2020-11-01,2020,11,2010,336395.0,5.975118536244594,597.5118536244594
Bromley,2020-12-01,2020,12,1783,336395.0,5.300316592101547,530.0316592101548
Bromley,2021-01-01,2021,1,1618,339466.0,4.766309438942339,476.6309438942339
Bromley,2021-02-01,2021,2,1689,339466.0,4.975461460057856,497.54614600578554
Bromley,2021-03-01,2021,3,1971,339466.0,5.806177938291317,580.6177938291316
Bromley,2021-04-01,2021,4,1967,339466.0,5.794394725834104,579.4394725834104
Bromley,2021-05-01,2021,5,1994,339466.0,5.873931409920287,587.3931409920286
Bromley,2021-06-01,2021,6,1960,339466.0,5.773774104033983,577.3774104033982
Bromley,2021-07-01,2021,7,2039,339466.0,6.006492550063924,600.6492550063924
Bromley,2021-08-01,2021,8,1824,339466.0,5.373144880488768,537.3144880488768
Bromley,2021-09-01,2021,9,2093,339466.0,6.165565918236289,616.5565918236289
Bromley,2021-10-01,2021,10,2247,339466.0,6.619219597838959,661.9219597838959
Bromley,2021-11-01,2021,11,2289,339466.0,6.7429433286396865,674.2943328639687
Bromley,2021-12-01,2021,12,2076,339466.0,6.115487265293137,611.5487265293136
Bromley,2022-01-01,2022,1,2111,342548.0,6.162639980382311,616.2639980382312
Bromley,2022-02-01,2022,2,1927,342548.0,5.625488982565947,562.5488982565947
Bromley,2022-03-01,2022,3,2091,342548.0,6.104254002358793,610.4254002358794
Bromley,2022-04-01,2022,4,1956,342548.0,5.710148650700048,571.0148650700048
Bromley,2022-05-01,2022,5,2074,342548.0,6.054625921038803,605.4625921038803
Bromley,2022-06-01,2022,6,2020,342548.0,5.896983780375305,589.6983780375306
Bromley,2022-07-01,2022,7,2072,342548.0,6.048787323236452,604.8787323236452
Bromley,2022-08-01,2022,8,1939,342548.0,5.660520569380058,566.0520569380058
Bromley,2022-09-01,2022,9,1911,342548.0,5.578780200147133,557.8780200147132
Bromley,2022-10-01,2022,10,1974,342548.0,5.762696030921214,576.2696030921213
Bromley,2022-11-01,2022,11,2057,342548.0,6.004997839718813,600.4997839718812
Bromley,2022-12-01,2022,12,1903,342548.0,5.555425808937725,555.5425808937725
Bromley,2023-01-01,2023,1,1985,345216.0,5.750023173896922,575.0023173896923
Bromley,2023-02-01,2023,2,1901,345216.0,5.506697256210604,550.6697256210605
Bromley,2023-03-01,2023,3,2137,345216.0,6.190327215424546,619.0327215424546
Camden,2010-04-01,2010,4,3034,214725.0,14.129700780067528,1412.9700780067528
Camden,2010-05-01,2010,5,3162,214725.0,14.725812085225288,1472.5812085225289
Camden,2010-06-01,2010,6,2967,214725.0,13.817673768774013,1381.7673768774014
Camden,2010-07-01,2010,7,2910,214725.0,13.55221795319595,1355.2217953195948
Camden,2010-08-01,2010,8,2862,214725.0,13.328676213761788,1332.8676213761787
Camden,2010-09-01,2010,9,2833,214725.0,13.193619746186982,1319.3619746186982
Camden,2010-10-01,2010,10,3091,214725.0,14.395156595645593,1439.5156595645592
Camden,2010-11-01,2010,11,3345,214725.0,15.578064966818022,1557.8064966818024
Camden,2010-12-01,2010,12,2701,214725.0,12.578879962743043,1257.8879962743044
Camden,2011-01-01,2011,1,2911,220087.0,13.226587667604175,1322.6587667604174
Camden,2011-02-01,2011,2,2786,220087.0,12.658630450685411,1265.8630450685412
Camden,2011-03-01,2011,3,3553,220087.0,16.143615933698946,1614.3615933698945
Camden,2011-04-01,2011,4,3206,220087.0,14.566966699532458,1456.6966699532459
Camden,2011-05-01,2011,5,3553,220087.0,16.143615933698946,1614.3615933698945
Camden,2011-06-01,2011,6,3503,220087.0,15.91643304693144,1591.643304693144
Camden,2011-07-01,2011,7,3345,220087.0,15.198535124746122,1519.8535124746122
Camden,2011-08-01,2011,8,2957,220087.0,13.43559592343028,1343.559592343028
Camden,2011-09-01,2011,9,3016,220087.0,13.703671729815936,1370.3671729815937
Camden,2011-10-01,2011,10,3203,220087.0,14.553335726326408,1455.3335726326407
Camden,2011-11-01,2011,11,3318,220087.0,15.07585636589167,1507.585636589167
Camden,2011-12-01,2011,12,2998,220087.0,13.621885890579634,1362.1885890579633
Camden,2012-01-01,2012,1,2956,224961.0,13.140055387378256,1314.0055387378256
Camden,2012-02-01,2012,2,2700,224961.0,12.002080360595837,1200.2080360595837
Camden,2012-03-01,2012,3,3322,224961.0,14.767004058481248,1476.7004058481248
Camden,2012-04-01,2012,4,2950,224961.0,13.113384097688044,1311.3384097688045
Camden,2012-05-01,2012,5,3340,224961.0,14.847017927551887,1484.7017927551888
Camden,2012-06-01,2012,6,3011,224961.0,13.384542209538543,1338.4542209538542
Camden,2012-07-01,2012,7,3270,224961.0,14.535852881166068,1453.5852881166068
Camden,2012-08-01,2012,8,2859,224961.0,12.70886953738648,1270.8869537386481
Camden,2012-09-01,2012,9,2589,224961.0,11.508661501326896,1150.8661501326897
Camden,2012-10-01,2012,10,2924,224961.0,12.997808509030454,1299.7808509030453
Camden,2012-11-01,2012,11,3009,224961.0,13.375651779641805,1337.5651779641805
Camden,2012-12-01,2012,12,2923,224961.0,12.993363294082085,1299.3363294082085
Camden,2013-01-01,2013,1,2934,229718.0,12.772181544328262,1277.2181544328262
Camden,2013-02-01,2013,2,2605,229718.0,11.339990771293499,1133.9990771293499
Camden,2013-03-01,2013,3,2637,229718.0,11.479292001497488,1147.9292001497488
Camden,2013-04-01,2013,4,2639,229718.0,11.487998328385236,1148.7998328385238
Camden,2013-05-01,2013,5,2736,229718.0,11.91025518244108,1191.0255182441078
Camden,2013-06-01,2013,6,2780,229718.0,12.101794373971565,1210.1794373971566
Camden,2013-07-01,2013,7,2794,229718.0,12.162738662185811,1216.2738662185811
Camden,2013-08-01,2013,8,2793,229718.0,12.158385498741936,1215.8385498741936
Camden,2013-09-01,2013,9,2530,229718.0,11.013503513002899,1101.35035130029
Camden,2013-10-01,2013,10,2749,229718.0,11.96684630721145,1196.684630721145
Camden,2013-11-01,2013,11,2333,229718.0,10.15593031455959,1015.593031455959
Camden,2013-12-01,2013,12,2260,229718.0,9.83814938315674,983.814938315674
Camden,2014-01-01,2014,1,2549,234845.0,10.85396751048564,1085.396751048564
Camden,2014-02-01,2014,2,2382,234845.0,10.142860184376929,1014.286018437693
Camden,2014-03-01,2014,3,2638,234845.0,11.232940875896869,1123.2940875896868
Camden,2014-04-01,2014,4,2402,234845.0,10.228022738401926,1022.8022738401925
Camden,2014-05-01,2014,5,2550,234845.0,10.85822563818689,1085.8225638186889
Camden,2014-06-01,2014,6,2482,234845.0,10.568672954501906,1056.8672954501906
Camden,2014-07-01,2014,7,2442,234845.0,10.398347846451916,1039.8347846451916
Camden,2014-08-01,2014,8,2300,234845.0,9.793693712874449,979.3693712874449
Camden,2014-09-01,2014,9,2534,234845.0,10.790095594966893,1079.0095594966892
Camden,2014-10-01,2014,10,2757,234845.0,11.73965807234559,1173.965807234559
Camden,2014-11-01,2014,11,2776,234845.0,11.820562498669336,1182.0562498669335
Camden,2014-12-01,2014,12,2714,234845.0,11.55655858119185,1155.655858119185
Camden,2015-01-01,2015,1,2678,241058.0,11.109359573214745,1110.9359573214745
Camden,2015-02-01,2015,2,2537,241058.0,10.524438102033535,1052.4438102033535
Camden,2015-03-01,2015,3,2839,241058.0,11.777248628960665,1177.7248628960665
Camden,2015-04-01,2015,4,2700,241058.0,11.200623916235926,1120.0623916235927
Camden,2015-05-01,2015,5,2986,241058.0,12.387060375511288,1238.7060375511287
Camden,2015-06-01,2015,6,2812,241058.0,11.665242389798307,1166.5242389798307
Camden,2015-07-01,2015,7,2762,241058.0,11.45782342838653,1145.782342838653
Camden,2015-08-01,2015,8,2522,241058.0,10.462212413610002,1046.2212413610002
Camden,2015-09-01,2015,9,2636,241058.0,10.935127645628853,1093.5127645628854
Camden,2015-10-01,2015,10,2862,241058.0,11.872661351210082,1187.2661351210083
Camden,2015-11-01,2015,11,2839,241058.0,11.777248628960665,1177.7248628960665
Camden,2015-12-01,2015,12,2662,241058.0,11.042985505562976,1104.2985505562976
Camden,2016-01-01,2016,1,2671,246180.0,10.849784710374522,1084.9784710374522
Camden,2016-02-01,2016,2,2637,246180.0,10.711674384596638,1071.1674384596636
Camden,2016-03-01,2016,3,2583,246180.0,10.492322690714111,1049.232269071411
Camden,2016-04-01,2016,4,2472,246180.0,10.041433097733366,1004.1433097733366
Camden,2016-05-01,2016,5,2746,246180.0,11.154439840766917,1115.4439840766918
Camden,2016-06-01,2016,6,2624,246180.0,10.658867495328622,1065.886749532862
Camden,2016-07-01,2016,7,2851,246180.0,11.580957023316273,1158.0957023316273
Camden,2016-08-01,2016,8,2736,246180.0,11.1138191567146,1111.3819156714599
Camden,2016-09-01,2016,9,2656,246180.0,10.788853684296043,1078.8853684296043
Camden,2016-10-01,2016,10,2808,246180.0,11.406288081891299,1140.6288081891298
Camden,2016-11-01,2016,11,2692,246180.0,10.935088146884393,1093.5088146884393
Camden,2016-12-01,2016,12,2938,246180.0,11.934356974571452,1193.4356974571451
Camden,2017-01-01,2017,1,2666,249556.0,10.682972959976919,1068.297295997692
Camden,2017-02-01,2017,2,2796,249556.0,11.203898123066566,1120.3898123066567
Camden,2017-03-01,2017,3,3225,249556.0,12.922951161262402,1292.2951161262401
Camden,2017-04-01,2017,4,3141,249556.0,12.586353363573707,1258.6353363573708
Camden,2017-05-01,2017,5,3560,249556.0,14.265335235378032,1426.5335235378031
Camden,2017-06-01,2017,6,3595,249556.0,14.405584317748321,1440.5584317748321
Camden,2017-07-01,2017,7,3724,249556.0,14.922502364198817,1492.2502364198817
Camden,2017-08-01,2017,8,3620,249556.0,14.505762233727099,1450.57622337271
Camden,2017-09-01,2017,9,3532,249556.0,14.153135969481799,1415.31359694818
Camden,2017-10-01,2017,10,3831,249556.0,15.351263844587988,1535.1263844587988
Camden,2017-11-01,2017,11,3632,249556.0,14.553847633396913,1455.3847633396913
Camden,2017-12-01,2017,12,3196,249556.0,12.806744778727019,1280.674477872702
Camden,2018-01-01,2018,1,3373,252637.0,13.351171839437612,1335.1171839437611
Camden,2018-02-01,2018,2,2995,252637.0,11.854953945779913,1185.4953945779914
Camden,2018-03-01,2018,3,3190,252637.0,12.626812382984282,1262.681238298428
Camden,2018-04-01,2018,4,3059,252637.0,12.108281843118784,1210.8281843118784
Camden,2018-05-01,2018,5,3270,252637.0,12.943472254657868,1294.3472254657868
Camden,2018-06-01,2018,6,3321,252637.0,13.14534292284978,1314.5342922849782
Camden,2018-07-01,2018,7,3435,252637.0,13.596583239984643,1359.6583239984643
Camden,2018-08-01,2018,8,3192,252637.0,12.634728879776121,1263.4728879776121
Camden,2018-09-01,2018,9,3221,252637.0,12.749518083257797,1274.9518083257797
Camden,2018-10-01,2018,10,3358,252637.0,13.291798113498814,1329.1798113498814
Camden,2018-11-01,2018,11,3449,252637.0,13.651998717527519,1365.199871752752
Camden,2018-12-01,2018,12,3214,252637.0,12.721810344486357,1272.1810344486357
Camden,2019-01-01,2019,1,3353,255526.0,13.121952364925683,1312.1952364925683
Camden,2019-02-01,2019,2,3420,255526.0,13.38415660245924,1338.415660245924
Camden,2019-03-01,2019,3,3728,255526.0,14.589513395897091,1458.951339589709
Camden,2019-04-01,2019,4,3445,255526.0,13.481994004524001,1348.1994004524001
Camden,2019-05-01,2019,5,3608,255526.0,14.11989386598624,1411.9893865986242
Camden,2019-06-01,2019,6,3435,255526.0,13.442859043698098,1344.2859043698097
Camden,2019-07-01,2019,7,3656,255526.0,14.30774167795058,1430.774167795058
Camden,2019-08-01,2019,8,3479,255526.0,13.615052871332075,1361.5052871332075
Camden,2019-09-01,2019,9,3559,255526.0,13.92813255793931,1392.813255793931
Camden,2019-10-01,2019,10,3943,255526.0,15.430915053654031,1543.091505365403
Camden,2019-11-01,2019,11,3661,255526.0,14.327309158363533,1432.7309158363532
Camden,2019-12-01,2019,12,3447,255526.0,13.489820996689183,1348.9820996689182
Camden,2020-01-01,2020,1,3487,257384.0,13.547850682249091,1354.785068224909
Camden,2020-02-01,2020,2,3635,257384.0,14.122867000279738,1412.286700027974
Camden,2020-03-01,2020,3,2437,257384.0,9.468343020545177,946.8343020545178
Camden,2020-04-01,2020,4,1756,257384.0,6.822490908525783,682.2490908525783
Camden,2020-05-01,2020,5,2065,257384.0,8.023031734684363,802.3031734684363
Camden,2020-06-01,2020,6,2269,257384.0,8.815621794672552,881.5621794672552
Camden,2020-07-01,2020,7,2620,257384.0,10.179342927299288,1017.9342927299289
Camden,2020-08-01,2020,8,2753,257384.0,10.696080564448451,1069.608056444845
Camden,2020-09-01,2020,9,2732,257384.0,10.614490411214373,1061.4490411214372
Camden,2020-10-01,2020,10,2990,257384.0,11.616883722375906,1161.6883722375906
Camden,2020-11-01,2020,11,2474,257384.0,9.61209710005284,961.209710005284
Camden,2020-12-01,2020,12,2107,257384.0,8.186212041152519,818.621204115252
Camden,2021-01-01,2021,1,1707,259344.0,6.581991486211364,658.1991486211364
Camden,2021-02-01,2021,2,1805,259344.0,6.959867974582022,695.9867974582022
Camden,2021-03-01,2021,3,2154,259344.0,8.305570979085694,830.5570979085693
Camden,2021-04-01,2021,4,2212,259344.0,8.529212166080573,852.9212166080572
Camden,2021-05-01,2021,5,2522,259344.0,9.72453575174286,972.4535751742859
Camden,2021-06-01,2021,6,2667,259344.0,10.283638719230058,1028.3638719230057
Camden,2021-07-01,2021,7,2729,259344.0,10.522703436362516,1052.2703436362515
Camden,2021-08-01,2021,8,2706,259344.0,10.434018138071442,1043.4018138071442
Camden,2021-09-01,2021,9,2519,259344.0,9.712968104139675,971.2968104139675
Camden,2021-10-01,2021,10,2927,259344.0,11.28616817817262,1128.616817817262
Camden,2021-11-01,2021,11,2880,259344.0,11.10494169905608,1110.494169905608
Camden,2021-12-01,2021,12,2583,259344.0,9.959744586340921,995.9744586340921
Camden,2022-01-01,2022,1,2585,261082.0,9.901103867750361,990.1103867750362
Camden,2022-02-01,2022,2,2745,261082.0,10.513938149700094,1051.3938149700093
Camden,2022-03-01,2022,3,3063,261082.0,11.731946285075187,1173.1946285075187
Camden,2022-04-01,2022,4,3017,261082.0,11.55575642901464,1155.5756429014639
Camden,2022-05-01,2022,5,3189,261082.0,12.2145532821106,1221.45532821106
Camden,2022-06-01,2022,6,2997,261082.0,11.479152143770923,1147.9152143770923
Camden,2022-07-01,2022,7,3146,261082.0,12.049854068836611,1204.9854068836612
Camden,2022-08-01,2022,8,3089,261082.0,11.831531855892019,1183.153185589202
Camden,2022-09-01,2022,9,2918,261082.0,11.176565217058242,1117.6565217058242
Camden,2022-10-01,2022,10,3417,261082.0,13.08784213388897,1308.7842133888971
Camden,2022-11-01,2022,11,3356,261082.0,12.854199063895635,1285.4199063895635
Camden,2022-12-01,2022,12,2807,261082.0,10.751411433955615,1075.1411433955616
Camden,2023-01-01,2023,1,3151,262494.0,12.00408390287016,1200.4083902870161
Camden,2023-02-01,2023,2,3081,262494.0,11.737411140826076,1173.7411140826075
Camden,2023-03-01,2023,3,3475,262494.0,13.238397830045638,1323.839783004564
Croydon,2010-04-01,2010,4,2849,357951.0,7.959189944992471,795.9189944992471
Croydon,2010-05-01,2010,5,2867,357951.0,8.009476157351147,800.9476157351146
Croydon,2010-06-01,2010,6,3129,357951.0,8.741419915016301,874.1419915016301
Croydon,2010-07-01,2010,7,2965,357951.0,8.283256646859487,828.3256646859487
Croydon,2010-08-01,2010,8,3002,357951.0,8.386622750041207,838.6622750041207
Croydon,2010-09-01,2010,9,3070,357951.0,8.576592885618423,857.6592885618423
Croydon,2010-10-01,2010,10,3020,357951.0,8.436908962399881,843.6908962399882
Croydon,2010-11-01,2010,11,3203,357951.0,8.948152121379742,894.8152121379742
Croydon,2010-12-01,2010,12,2655,357951.0,7.417216322904531,741.7216322904532
Croydon,2011-01-01,2011,1,2998,364815.0,8.217863848800077,821.7863848800077
Croydon,2011-02-01,2011,2,2815,364815.0,7.716239737949372,771.6239737949372
Croydon,2011-03-01,2011,3,3097,364815.0,8.489234269424228,848.9234269424229
Croydon,2011-04-01,2011,4,2934,364815.0,8.042432465770322,804.2432465770322
Croydon,2011-05-01,2011,5,3099,364815.0,8.494716500143909,849.4716500143909
Croydon,2011-06-01,2011,6,3111,364815.0,8.527609884461988,852.7609884461988
Croydon,2011-07-01,2011,7,3194,364815.0,8.755122459328701,875.5122459328701
Croydon,2011-08-01,2011,8,3437,364815.0,9.421213491769802,942.1213491769801
Croydon,2011-09-01,2011,9,2850,364815.0,7.812178775543769,781.2178775543769
Croydon,2011-10-01,2011,10,3108,364815.0,8.519386538382468,851.9386538382468
Croydon,2011-11-01,2011,11,3026,364815.0,8.294615078875594,829.4615078875595
Croydon,2011-12-01,2011,12,2599,364815.0,7.124158820223949,712.415882022395
Croydon,2012-01-01,2012,1,3453,368886.0,9.3606154746995,936.06154746995
Croydon,2012-02-01,2012,2,2632,368886.0,7.134995635507989,713.4995635507989
Croydon,2012-03-01,2012,3,3077,368886.0,8.341330383912645,834.1330383912646
Croydon,2012-04-01,2012,4,2828,368886.0,7.666325097726669,766.6325097726669
Croydon,2012-05-01,2012,5,3056,368886.0,8.284402227246359,828.4402227246358
Croydon,2012-06-01,2012,6,3013,368886.0,8.167835049310627,816.7835049310627
Croydon,2012-07-01,2012,7,2939,368886.0,7.967231068677044,796.7231068677044
Croydon,2012-08-01,2012,8,2857,368886.0,7.744940171218208,774.4940171218208
Croydon,2012-09-01,2012,9,2808,368886.0,7.6121078056635385,761.2107805663538
Croydon,2012-10-01,2012,10,2963,368886.0,8.032291819152801,803.22918191528
Croydon,2012-11-01,2012,11,3210,368886.0,8.701875376132463,870.1875376132464
Croydon,2012-12-01,2012,12,2818,368886.0,7.639216451695104,763.9216451695104
Croydon,2013-01-01,2013,1,2707,372752.0,7.262201141777911,726.2201141777911
Croydon,2013-02-01,2013,2,2557,372752.0,6.859788814010388,685.9788814010387
Croydon,2013-03-01,2013,3,2693,372752.0,7.224642657852942,722.4642657852943
Croydon,2013-04-01,2013,4,2479,372752.0,6.6505344035712755,665.0534403571276
Croydon,2013-05-01,2013,5,2573,372752.0,6.902712795638924,690.2712795638923
Croydon,2013-06-01,2013,6,2662,372752.0,7.141477443447654,714.1477443447654
Croydon,2013-07-01,2013,7,2867,372752.0,7.69144095806327,769.144095806327
Croydon,2013-08-01,2013,8,2687,372752.0,7.208546164742241,720.8546164742241
Croydon,2013-09-01,2013,9,2560,372752.0,6.867837060565738,686.7837060565738
Croydon,2013-10-01,2013,10,2841,372752.0,7.6216894879169,762.1689487916899
Croydon,2013-11-01,2013,11,2675,372752.0,7.17635317852084,717.635317852084
Croydon,2013-12-01,2013,12,2543,372752.0,6.822230330085419,682.2230330085418
Croydon,2014-01-01,2014,1,2790,376040.0,7.419423465588768,741.9423465588768
Croydon,2014-02-01,2014,2,2257,376040.0,6.0020210615891925,600.2021061589193
Croydon,2014-03-01,2014,3,2554,376040.0,6.7918306563131585,679.1830656313158
Croydon,2014-04-01,2014,4,2302,376040.0,6.121689182001915,612.1689182001915
Croydon,2014-05-01,2014,5,2449,376040.0,6.512605042016807,651.2605042016806
Croydon,2014-06-01,2014,6,2531,376040.0,6.730666950324434,673.0666950324434
Croydon,2014-07-01,2014,7,2614,376040.0,6.951388150196788,695.1388150196788
Croydon,2014-08-01,2014,8,2507,376040.0,6.666843952770982,666.6843952770981
Croydon,2014-09-01,2014,9,2609,376040.0,6.938091692373152,693.8091692373151
Croydon,2014-10-01,2014,10,2780,376040.0,7.392830549941496,739.2830549941496
Croydon,2014-11-01,2014,11,2777,376040.0,7.3848526752473145,738.4852675247314
Croydon,2014-12-01,2014,12,2829,376040.0,7.523135836613126,752.3135836613126
Croydon,2015-01-01,2015,1,2733,379031.0,7.210492017803293,721.0492017803293
Croydon,2015-02-01,2015,2,2373,379031.0,6.260701631264989,626.0701631264989
Croydon,2015-03-01,2015,3,2834,379031.0,7.476960987359873,747.6960987359873
Croydon,2015-04-01,2015,4,2574,379031.0,6.791001263748876,679.1001263748875
Croydon,2015-05-01,2015,5,2787,379031.0,7.352960575784039,735.2960575784039
Croydon,2015-06-01,2015,6,2847,379031.0,7.511258973540423,751.1258973540423
Croydon,2015-07-01,2015,7,2632,379031.0,6.944023048246714,694.4023048246713
Croydon,2015-08-01,2015,8,2465,379031.0,6.503425841158111,650.3425841158112
Croydon,2015-09-01,2015,9,2432,379031.0,6.4163617223921,641.6361722392099
Croydon,2015-10-01,2015,10,2498,379031.0,6.590489959924122,659.0489959924122
Croydon,2015-11-01,2015,11,2763,379031.0,7.289641216681485,728.9641216681486
Croydon,2015-12-01,2015,12,2517,379031.0,6.640617785880311,664.0617785880311
Croydon,2016-01-01,2016,1,2563,382304.0,6.704088892609024,670.4088892609024
Croydon,2016-02-01,2016,2,2441,382304.0,6.384971122457521,638.4971122457521
Croydon,2016-03-01,2016,3,2482,382304.0,6.492215618983845,649.2215618983845
Croydon,2016-04-01,2016,4,2642,382304.0,6.910730727379258,691.0730727379258
Croydon,2016-05-01,2016,5,2889,382304.0,7.556813425964677,755.6813425964677
Croydon,2016-06-01,2016,6,2748,382304.0,7.1879969866912194,718.799698669122
Croydon,2016-07-01,2016,7,2977,382304.0,7.7869967355821545,778.6996735582154
Croydon,2016-08-01,2016,8,2821,382304.0,7.3789445048966265,737.8944504896626
Croydon,2016-09-01,2016,9,2757,382304.0,7.211538461538462,721.1538461538462
Croydon,2016-10-01,2016,10,2674,382304.0,6.994433749058341,699.443374905834
Croydon,2016-11-01,2016,11,2539,382304.0,6.641311626349712,664.1311626349711
Croydon,2016-12-01,2016,12,2714,382304.0,7.099062526157194,709.9062526157194
Croydon,2017-01-01,2017,1,2693,386346.0,6.970435826953042,697.0435826953042
Croydon,2017-02-01,2017,2,2472,386346.0,6.39840971564349,639.840971564349
Croydon,2017-03-01,2017,3,2848,386346.0,7.37163061090318,737.163061090318
Croydon,2017-04-01,2017,4,2561,386346.0,6.628773172234215,662.8773172234214
Croydon,2017-05-01,2017,5,2787,386346.0,7.213741050767965,721.3741050767965
Croydon,2017-06-01,2017,6,2764,386346.0,7.154208921536654,715.4208921536654
Croydon,2017-07-01,2017,7,2837,386346.0,7.343158723009944,734.3158723009944
Croydon,2017-08-01,2017,8,2738,386346.0,7.086911731970824,708.6911731970824
Croydon,2017-09-01,2017,9,2614,386346.0,6.765955904810713,676.5955904810713
Croydon,2017-10-01,2017,10,2683,386346.0,6.944552292504646,694.4552292504646
Croydon,2017-11-01,2017,11,2781,386346.0,7.198210930098927,719.8210930098927
Croydon,2017-12-01,2017,12,2749,386346.0,7.11538361986406,711.538361986406
Croydon,2018-01-01,2018,1,2827,391296.0,7.224709682695453,722.4709682695453
Croydon,2018-02-01,2018,2,2623,391296.0,6.7033652273470725,670.3365227347073
Croydon,2018-03-01,2018,3,2732,391296.0,6.981926725547923,698.1926725547924
Croydon,2018-04-01,2018,4,2660,391296.0,6.797922800130847,679.7922800130847
Croydon,2018-05-01,2018,5,2774,391296.0,7.089262348707884,708.9262348707883
Croydon,2018-06-01,2018,6,2526,391296.0,6.455471050049067,645.5471050049068
Croydon,2018-07-01,2018,7,2876,391296.0,7.349934576382074,734.9934576382074
Croydon,2018-08-01,2018,8,2800,391296.0,7.1557082106640495,715.570821066405
Croydon,2018-09-01,2018,9,2681,391296.0,6.851590611710828,685.1590611710827
Croydon,2018-10-01,2018,10,2989,391296.0,7.638718514883873,763.8718514883873
Croydon,2018-11-01,2018,11,2866,391296.0,7.324378475629702,732.4378475629702
Croydon,2018-12-01,2018,12,2846,391296.0,7.273266274124959,727.3266274124959
Croydon,2019-01-01,2019,1,2848,396548.0,7.181980491642879,718.1980491642878
Croydon,2019-02-01,2019,2,2783,396548.0,7.018065908792883,701.8065908792883
Croydon,2019-03-01,2019,3,3046,396548.0,7.681289528632095,768.1289528632094
Croydon,2019-04-01,2019,4,2711,396548.0,6.83649898625135,683.6498986251349
Croydon,2019-05-01,2019,5,2937,396548.0,7.406417382006718,740.6417382006719
Croydon,2019-06-01,2019,6,2769,396548.0,6.982761229409807,698.2761229409806
Croydon,2019-07-01,2019,7,3275,396548.0,8.258773212826695,825.8773212826694
Croydon,2019-08-01,2019,8,3040,396548.0,7.6661589517536335,766.6158951753634
Croydon,2019-09-01,2019,9,3055,396548.0,7.703985393949787,770.3985393949787
Croydon,2019-10-01,2019,10,3303,396548.0,8.329382571592847,832.9382571592846
Croydon,2019-11-01,2019,11,3147,396548.0,7.935987572752857,793.5987572752856
Croydon,2019-12-01,2019,12,2923,396548.0,7.371112702623641,737.1112702623642
Croydon,2020-01-01,2020,1,3285,400272.0,8.206919294879482,820.6919294879482
Croydon,2020-02-01,2020,2,3050,400272.0,7.619818523404085,761.9818523404085
Croydon,2020-03-01,2020,3,2568,400272.0,6.415637366590718,641.5637366590718
Croydon,2020-04-01,2020,4,2348,400272.0,5.866011112443538,586.6011112443539
Croydon,2020-05-01,2020,5,2573,400272.0,6.42812887236679,642.812887236679
Croydon,2020-06-01,2020,6,2823,400272.0,7.0527041611704036,705.2704161170404
Croydon,2020-07-01,2020,7,3242,400272.0,8.09949234520526,809.949234520526
Croydon,2020-08-01,2020,8,3084,400272.0,7.704760762681376,770.4760762681376
Croydon,2020-09-01,2020,9,2907,400272.0,7.262561458208419,726.2561458208418
Croydon,2020-10-01,2020,10,3070,400272.0,7.6697845465083745,766.9784546508374
Croydon,2020-11-01,2020,11,2757,400272.0,6.8878162849262505,688.781628492625
Croydon,2020-12-01,2020,12,2586,400272.0,6.460606787384579,646.0606787384579
Croydon,2021-01-01,2021,1,2592,403461.0,6.424412768520377,642.4412768520377
Croydon,2021-02-01,2021,2,2426,403461.0,6.012972753252483,601.2972753252483
Croydon,2021-03-01,2021,3,2781,403461.0,6.892859532891655,689.2859532891655
Croydon,2021-04-01,2021,4,2622,403461.0,6.49876939778566,649.876939778566
Croydon,2021-05-01,2021,5,2846,403461.0,7.053965562966432,705.3965562966432
Croydon,2021-06-01,2021,6,2978,403461.0,7.381134731733674,738.1134731733674
Croydon,2021-07-01,2021,7,2962,403461.0,7.341477862792191,734.1477862792191
Croydon,2021-08-01,2021,8,2983,403461.0,7.393527503277888,739.3527503277887
Croydon,2021-09-01,2021,9,2860,403461.0,7.088665323290231,708.8665323290231
Croydon,2021-10-01,2021,10,3184,403461.0,7.891716919355279,789.1716919355279
Croydon,2021-11-01,2021,11,3127,403461.0,7.750439323751243,775.0439323751243
Croydon,2021-12-01,2021,12,2789,403461.0,6.912687967362396,691.2687967362397
Croydon,2022-01-01,2022,1,2910,406399.0,7.1604506900853595,716.045069008536
Croydon,2022-02-01,2022,2,2709,406399.0,6.665862858914515,666.5862858914516
Croydon,2022-03-01,2022,3,2945,406399.0,7.246572949244462,724.6572949244462
Croydon,2022-04-01,2022,4,2810,406399.0,6.9143870924879245,691.4387092487925
Croydon,2022-05-01,2022,5,3137,406399.0,7.719015056631537,771.9015056631537
Croydon,2022-06-01,2022,6,3068,406399.0,7.549231174289306,754.9231174289307
Croydon,2022-07-01,2022,7,3098,406399.0,7.623050253568538,762.3050253568538
Croydon,2022-08-01,2022,8,2969,406399.0,7.3056282126678465,730.5628212667846
Croydon,2022-09-01,2022,9,3078,406399.0,7.5738375340490505,757.3837534049051
Croydon,2022-10-01,2022,10,3041,406399.0,7.482794002937999,748.2794002937999
Croydon,2022-11-01,2022,11,2887,406399.0,7.103856062637949,710.3856062637949
Croydon,2022-12-01,2022,12,2687,406399.0,6.611728867443079,661.172886744308
Croydon,2023-01-01,2023,1,2762,411580.0,6.710724525001215,671.0724525001215
Croydon,2023-02-01,2023,2,2587,411580.0,6.285533796588755,628.5533796588755
Croydon,2023-03-01,2023,3,2916,411580.0,7.084892366004179,708.4892366004178
Ealing,2010-04-01,2010,4,3083,334073.0,9.228521909881971,922.8521909881972
Ealing,2010-05-01,2010,5,3350,334073.0,10.027748426242168,1002.7748426242168
Ealing,2010-06-01,2010,6,3271,334073.0,9.791273164847205,979.1273164847204
Ealing,2010-07-01,2010,7,3423,334073.0,10.246263541202072,1024.6263541202072
Ealing,2010-08-01,2010,8,2986,334073.0,8.938166209181826,893.8166209181826
Ealing,2010-09-01,2010,9,2920,334073.0,8.740604598396159,874.060459839616
Ealing,2010-10-01,2010,10,3118,334073.0,9.333289430753158,933.3289430753159
Ealing,2010-11-01,2010,11,3257,334073.0,9.749366156498729,974.9366156498729
Ealing,2010-12-01,2010,12,2650,334073.0,7.932398008818432,793.2398008818432
Ealing,2011-01-01,2011,1,2813,339665.0,8.281689311527535,828.1689311527534
Ealing,2011-02-01,2011,2,2895,339665.0,8.523103646239678,852.3103646239676
Ealing,2011-03-01,2011,3,3191,339665.0,9.394550513005461,939.4550513005461
Ealing,2011-04-01,2011,4,3123,339665.0,9.194353259829539,919.4353259829538
Ealing,2011-05-01,2011,5,3343,339665.0,9.842050255398702,984.2050255398702
Ealing,2011-06-01,2011,6,3009,339665.0,8.858728453034608,885.8728453034607
Ealing,2011-07-01,2011,7,2957,339665.0,8.705636435900079,870.5636435900078
Ealing,2011-08-01,2011,8,3154,339665.0,9.285619654659738,928.5619654659738
Ealing,2011-09-01,2011,9,2566,339665.0,7.554502230138519,755.4502230138519
Ealing,2011-10-01,2011,10,2938,339665.0,8.649698968100923,864.9698968100923
Ealing,2011-11-01,2011,11,2886,339665.0,8.496606950966394,849.6606950966393
Ealing,2011-12-01,2011,12,2680,339665.0,7.890127036933449,789.0127036933449
Ealing,2012-01-01,2012,1,3061,341022.0,8.975960495217317,897.5960495217317
Ealing,2012-02-01,2012,2,2582,341022.0,7.571359032555084,757.1359032555084
Ealing,2012-03-01,2012,3,3049,341022.0,8.940772149597386,894.0772149597386
Ealing,2012-04-01,2012,4,2578,341022.0,7.5596295840151075,755.9629584015107
Ealing,2012-05-01,2012,5,2951,341022.0,8.653400660367952,865.3400660367953
Ealing,2012-06-01,2012,6,2791,341022.0,8.184222718768877,818.4222718768877
Ealing,2012-07-01,2012,7,2948,341022.0,8.64460357396297,864.460357396297
Ealing,2012-08-01,2012,8,2809,341022.0,8.237005237198773,823.7005237198773
Ealing,2012-09-01,2012,9,2645,341022.0,7.756097847059721,775.6097847059721
Ealing,2012-10-01,2012,10,2831,341022.0,8.301517204168647,830.1517204168646
Ealing,2012-11-01,2012,11,3046,341022.0,8.931975063192404,893.1975063192405
Ealing,2012-12-01,2012,12,2731,341022.0,8.008280990669224,800.8280990669224
Ealing,2013-01-01,2013,1,2690,342845.0,7.846111216438915,784.6111216438915
Ealing,2013-02-01,2013,2,2625,342845.0,7.65652116845805,765.652116845805
Ealing,2013-03-01,2013,3,2471,342845.0,7.207338593241844,720.7338593241844
Ealing,2013-04-01,2013,4,2417,342845.0,7.049833014919279,704.9833014919278
Ealing,2013-05-01,2013,5,2446,342845.0,7.134419344018434,713.4419344018434
Ealing,2013-06-01,2013,6,2482,342845.0,7.239423062900144,723.9423062900145
Ealing,2013-07-01,2013,7,2711,342845.0,7.90736338578658,790.736338578658
Ealing,2013-08-01,2013,8,2342,342845.0,6.831075267249048,683.1075267249048
Ealing,2013-09-01,2013,9,2348,342845.0,6.848575887062667,684.8575887062667
Ealing,2013-10-01,2013,10,2482,342845.0,7.239423062900144,723.9423062900145
Ealing,2013-11-01,2013,11,2544,342845.0,7.420262800974201,742.0262800974201
Ealing,2013-12-01,2013,12,2306,342845.0,6.726071548367338,672.6071548367338
Ealing,2014-01-01,2014,1,2228,342469.0,6.5056983259798695,650.569832597987
Ealing,2014-02-01,2014,2,2057,342469.0,6.006383059488596,600.6383059488596
Ealing,2014-03-01,2014,3,2368,342469.0,6.914494450592609,691.4494450592608
Ealing,2014-04-01,2014,4,2156,342469.0,6.2954603190361755,629.5460319036175
Ealing,2014-05-01,2014,5,2294,342469.0,6.698416499011589,669.8416499011589
Ealing,2014-06-01,2014,6,2406,342469.0,7.025453398701781,702.545339870178
Ealing,2014-07-01,2014,7,2562,342469.0,7.480969080413118,748.0969080413117
Ealing,2014-08-01,2014,8,2275,342469.0,6.6429370249570034,664.2937024957004
Ealing,2014-09-01,2014,9,2334,342469.0,6.815215391758086,681.5215391758086
Ealing,2014-10-01,2014,10,2647,342469.0,7.729166727499424,772.9166727499423
Ealing,2014-11-01,2014,11,2438,342469.0,7.118892512898977,711.8892512898977
Ealing,2014-12-01,2014,12,2468,342469.0,7.206491682458851,720.6491682458851
Ealing,2015-01-01,2015,1,2335,343410.0,6.799452549430709,679.945254943071
Ealing,2015-02-01,2015,2,2174,343410.0,6.330625200198014,633.0625200198015
Ealing,2015-03-01,2015,3,2467,343410.0,7.183832736379255,718.3832736379255
Ealing,2015-04-01,2015,4,2286,343410.0,6.656765964881629,665.6765964881629
Ealing,2015-05-01,2015,5,2584,343410.0,7.524533356629103,752.4533356629103
Ealing,2015-06-01,2015,6,2609,343410.0,7.597332634460266,759.7332634460266
Ealing,2015-07-01,2015,7,2548,343410.0,7.419702396552227,741.9702396552226
Ealing,2015-08-01,2015,8,2326,343410.0,6.773244809411491,677.3244809411491
Ealing,2015-09-01,2015,9,2434,343410.0,7.087737689642119,708.7737689642119
Ealing,2015-10-01,2015,10,2557,343410.0,7.445910136571445,744.5910136571445
Ealing,2015-11-01,2015,11,2538,343410.0,7.39058268541976,739.0582685419761
Ealing,2015-12-01,2015,12,2548,343410.0,7.419702396552227,741.9702396552226
Ealing,2016-01-01,2016,1,2437,343547.0,7.093643664476767,709.3643664476767
Ealing,2016-02-01,2016,2,2060,343547.0,5.9962683417407225,599.6268341740722
Ealing,2016-03-01,2016,3,2338,343547.0,6.805473486888257,680.5473486888257
Ealing,2016-04-01,2016,4,2518,343547.0,7.329419264321912,732.9419264321912
Ealing,2016-05-01,2016,5,2702,343547.0,7.865008281254093,786.5008281254093
Ealing,2016-06-01,2016,6,2700,343547.0,7.859186661504831,785.9186661504831
Ealing,2016-07-01,2016,7,2737,343547.0,7.966886626866193,796.6886626866193
Ealing,2016-08-01,2016,8,2548,343547.0,7.416743560560855,741.6743560560855
Ealing,2016-09-01,2016,9,2572,343547.0,7.4866029975520085,748.6602997552009
Ealing,2016-10-01,2016,10,2580,343547.0,7.509889476549061,750.988947654906
Ealing,2016-11-01,2016,11,2448,343547.0,7.1256625730977134,712.5662573097713
Ealing,2016-12-01,2016,12,2598,343547.0,7.562284054292426,756.2284054292426
Ealing,2017-01-01,2017,1,2326,347126.0,6.700736908212003,670.0736908212003
Ealing,2017-02-01,2017,2,2458,347126.0,7.081002287353872,708.1002287353872
Ealing,2017-03-01,2017,3,2644,347126.0,7.616830776144686,761.6830776144685
Ealing,2017-04-01,2017,4,2425,347126.0,6.985935942568404,698.5935942568404
Ealing,2017-05-01,2017,5,2597,347126.0,7.481433254783566,748.1433254783566
Ealing,2017-06-01,2017,6,2626,347126.0,7.564976406261703,756.4976406261703
Ealing,2017-07-01,2017,7,2705,347126.0,7.792559474081457,779.2559474081457
Ealing,2017-08-01,2017,8,2473,347126.0,7.1242142622563565,712.4214262256356
Ealing,2017-09-01,2017,9,2396,347126.0,6.902392791090267,690.2392791090267
Ealing,2017-10-01,2017,10,2925,347126.0,8.42633510598457,842.6335105984571
Ealing,2017-11-01,2017,11,2806,347126.0,8.083520105091523,808.3520105091523
Ealing,2017-12-01,2017,12,2295,347126.0,6.611432160080201,661.1432160080201
Ealing,2018-01-01,2018,1,2505,350784.0,7.1411466885604815,714.1146688560482
Ealing,2018-02-01,2018,2,2254,350784.0,6.425606641123882,642.5606641123883
Ealing,2018-03-01,2018,3,2451,350784.0,6.9872058018609735,698.7205801860974
Ealing,2018-04-01,2018,4,2503,350784.0,7.135445174238278,713.5445174238278
Ealing,2018-05-01,2018,5,2612,350784.0,7.446177704798394,744.6177704798395
Ealing,2018-06-01,2018,6,2485,350784.0,7.084131545338442,708.4131545338442
Ealing,2018-07-01,2018,7,2640,350784.0,7.525998905309249,752.599890530925
Ealing,2018-08-01,2018,8,2425,350784.0,6.913086115672323,691.3086115672322
Ealing,2018-09-01,2018,9,2556,350784.0,7.286535303776683,728.6535303776683
Ealing,2018-10-01,2018,10,2719,350784.0,7.751208721036307,775.1208721036307
Ealing,2018-11-01,2018,11,2810,350784.0,8.010627622696589,801.0627622696588
Ealing,2018-12-01,2018,12,2459,350784.0,7.01001185914979,701.001185914979
Ealing,2019-01-01,2019,1,2740,354184.0,7.736091974792763,773.6091974792763
Ealing,2019-02-01,2019,2,2710,354184.0,7.651390237842477,765.1390237842477
Ealing,2019-03-01,2019,3,3148,354184.0,8.888035597316648,888.8035597316649
Ealing,2019-04-01,2019,4,2673,354184.0,7.546924762270458,754.6924762270459
Ealing,2019-05-01,2019,5,2776,354184.0,7.837734059133107,783.7734059133106
Ealing,2019-06-01,2019,6,2716,354184.0,7.6683305852325345,766.8330585232534
Ealing,2019-07-01,2019,7,2913,354184.0,8.224538657872744,822.4538657872745
Ealing,2019-08-01,2019,8,2756,354184.0,7.781266234499582,778.1266234499583
Ealing,2019-09-01,2019,9,2802,354184.0,7.911142231156687,791.1142231156687
Ealing,2019-10-01,2019,10,2849,354184.0,8.043841619045468,804.3841619045468
Ealing,2019-11-01,2019,11,2988,354184.0,8.436293000248458,843.6293000248459
Ealing,2019-12-01,2019,12,2853,354184.0,8.055135183972173,805.5135183972172
Ealing,2020-01-01,2020,1,2913,361833.0,8.050675311538749,805.0675311538748
Ealing,2020-02-01,2020,2,2626,361833.0,7.257491715791539,725.7491715791539
Ealing,2020-03-01,2020,3,1993,361833.0,5.508065875694036,550.8065875694035
Ealing,2020-04-01,2020,4,2080,361833.0,5.748508289735873,574.8508289735872
Ealing,2020-05-01,2020,5,2367,361833.0,6.541691885483083,654.1691885483082
Ealing,2020-06-01,2020,6,2420,361833.0,6.688168298635006,668.8168298635005
Ealing,2020-07-01,2020,7,2687,361833.0,7.426077776211677,742.6077776211678
Ealing,2020-08-01,2020,8,2701,361833.0,7.464769658931054,746.4769658931054
Ealing,2020-09-01,2020,9,2815,361833.0,7.779832132503116,777.9832132503116
Ealing,2020-10-01,2020,10,2928,361833.0,8.092130900166651,809.2130900166651
Ealing,2020-11-01,2020,11,2657,361833.0,7.343166598955872,734.3166598955872
Ealing,2020-12-01,2020,12,2313,361833.0,6.3924517664226315,639.2451766422631
Ealing,2021-01-01,2021,1,2238,369685.0,6.053802561640316,605.3802561640316
Ealing,2021-02-01,2021,2,2114,369685.0,5.718381865642371,571.838186564237
Ealing,2021-03-01,2021,3,2449,369685.0,6.624558745959398,662.4558745959398
Ealing,2021-04-01,2021,4,2439,369685.0,6.597508689830532,659.7508689830531
Ealing,2021-05-01,2021,5,2559,369685.0,6.922109363376929,692.2109363376928
Ealing,2021-06-01,2021,6,2703,369685.0,7.311630171632606,731.1630171632605
Ealing,2021-07-01,2021,7,2605,369685.0,7.046539621569715,704.6539621569715
Ealing,2021-08-01,2021,8,2360,369685.0,6.383813246412487,638.3813246412486
Ealing,2021-09-01,2021,9,2612,369685.0,7.0654746608599215,706.5474660859921
Ealing,2021-10-01,2021,10,2682,369685.0,7.254825053761986,725.4825053761987
Ealing,2021-11-01,2021,11,2770,369685.0,7.492865547696011,749.2865547696011
Ealing,2021-12-01,2021,12,2319,369685.0,6.272908016284134,627.2908016284134
Ealing,2022-01-01,2022,1,2384,377916.0,6.308280146910954,630.8280146910954
Ealing,2022-02-01,2022,2,2379,377916.0,6.295049693582701,629.50496935827
Ealing,2022-03-01,2022,3,2593,377916.0,6.861313096031923,686.1313096031922
Ealing,2022-04-01,2022,4,2350,377916.0,6.218313064278835,621.8313064278834
Ealing,2022-05-01,2022,5,2697,377916.0,7.136506525259581,713.6506525259581
Ealing,2022-06-01,2022,6,2583,377916.0,6.834852189375417,683.4852189375417
Ealing,2022-07-01,2022,7,2660,377916.0,7.0386011706305105,703.8601170630511
Ealing,2022-08-01,2022,8,2617,377916.0,6.924819272007536,692.4819272007536
Ealing,2022-09-01,2022,9,2438,377916.0,6.451169042856085,645.1169042856085
Ealing,2022-10-01,2022,10,2778,377916.0,7.350839869177278,735.0839869177278
Ealing,2022-11-01,2022,11,2676,377916.0,7.08093862128092,708.0938621280919
Ealing,2022-12-01,2022,12,2347,377916.0,6.210374792281883,621.0374792281883
Ealing,2023-01-01,2023,1,2616,385818.0,6.780399048255914,678.0399048255913
Ealing,2023-02-01,2023,2,2600,385818.0,6.738928717685541,673.8928717685541
Ealing,2023-03-01,2023,3,2800,385818.0,7.257307849815198,725.7307849815197
Enfield,2010-04-01,2010,4,2082,307648.0,6.767474516330351,676.7474516330351
Enfield,2010-05-01,2010,5,2211,307648.0,7.186784897025172,718.6784897025171
Enfield,2010-06-01,2010,6,2250,307648.0,7.313553151653838,731.3553151653838
Enfield,2010-07-01,2010,7,2222,307648.0,7.22254004576659,722.2540045766591
Enfield,2010-08-01,2010,8,1894,307648.0,6.156386519658831,615.6386519658831
Enfield,2010-09-01,2010,9,2044,307648.0,6.643956729769087,664.3956729769087
Enfield,2010-10-01,2010,10,2330,307648.0,7.573590597045975,757.3590597045975
Enfield,2010-11-01,2010,11,2221,307648.0,7.219289577699189,721.9289577699188
Enfield,2010-12-01,2010,12,1979,307648.0,6.432676305387976,643.2676305387976
Enfield,2011-01-01,2011,1,2424,314011.0,7.719474795468948,771.9474795468949
Enfield,2011-02-01,2011,2,2345,314011.0,7.46789125221728,746.7891252217279
Enfield,2011-03-01,2011,3,2227,314011.0,7.092108238246431,709.2108238246431
Enfield,2011-04-01,2011,4,2092,314011.0,6.662186993449274,666.2186993449275
Enfield,2011-05-01,2011,5,2295,314011.0,7.308661161551665,730.8661161551665
Enfield,2011-06-01,2011,6,2393,314011.0,7.620752139256268,762.0752139256268
Enfield,2011-07-01,2011,7,2278,314011.0,7.254522930725356,725.4522930725357
Enfield,2011-08-01,2011,8,2252,314011.0,7.1717232835792375,717.1723283579238
Enfield,2011-09-01,2011,9,1947,314011.0,6.200419730518995,620.0419730518995
Enfield,2011-10-01,2011,10,2174,314011.0,6.92332434214088,692.332434214088
Enfield,2011-11-01,2011,11,2218,314011.0,7.06344682192662,706.344682192662
Enfield,2011-12-01,2011,12,1872,314011.0,5.961574594520574,596.1574594520574
Enfield,2012-01-01,2012,1,1885,317363.0,5.939570775421205,593.9570775421206
Enfield,2012-02-01,2012,2,1999,317363.0,6.298780891282222,629.8780891282222
Enfield,2012-03-01,2012,3,2373,317363.0,7.477242148580647,747.7242148580648
Enfield,2012-04-01,2012,4,2095,317363.0,6.601273620428342,660.1273620428342
Enfield,2012-05-01,2012,5,2268,317363.0,7.146390726077079,714.6390726077079
Enfield,2012-06-01,2012,6,2232,317363.0,7.032955952647284,703.2955952647284
Enfield,2012-07-01,2012,7,2071,317363.0,6.525650438141812,652.5650438141812
Enfield,2012-08-01,2012,8,2156,317363.0,6.7934825420732725,679.3482542073273
Enfield,2012-09-01,2012,9,1936,317363.0,6.100270037780081,610.0270037780082
Enfield,2012-10-01,2012,10,2390,317363.0,7.53080856936694,753.080856936694
Enfield,2012-11-01,2012,11,2349,317363.0,7.401618966294118,740.1618966294118
Enfield,2012-12-01,2012,12,2137,317363.0,6.73361418942977,673.361418942977
Enfield,2013-01-01,2013,1,2028,320600.0,6.3256394260761075,632.5639426076108
Enfield,2013-02-01,2013,2,2067,320600.0,6.447286338116032,644.7286338116032
Enfield,2013-03-01,2013,3,2058,320600.0,6.419213973799127,641.9213973799126
Enfield,2013-04-01,2013,4,1968,320600.0,6.138490330630069,613.8490330630068
Enfield,2013-05-01,2013,5,2143,320600.0,6.684341859014348,668.4341859014348
Enfield,2013-06-01,2013,6,2175,320600.0,6.7841547099189015,678.4154709918902
Enfield,2013-07-01,2013,7,2104,320600.0,6.562694946974423,656.2694946974423
Enfield,2013-08-01,2013,8,2072,320600.0,6.462882096069869,646.2882096069869
Enfield,2013-09-01,2013,9,2118,320600.0,6.606363069245165,660.6363069245165
Enfield,2013-10-01,2013,10,2178,320600.0,6.793512164691204,679.3512164691205
Enfield,2013-11-01,2013,11,2199,320600.0,6.859014348097317,685.9014348097318
Enfield,2013-12-01,2013,12,2204,320600.0,6.874610106051154,687.4610106051153
Enfield,2014-01-01,2014,1,2154,324650.0,6.634837517326352,663.4837517326351
Enfield,2014-02-01,2014,2,2053,324650.0,6.323733251193593,632.3733251193593
Enfield,2014-03-01,2014,3,2252,324650.0,6.936701062682889,693.6701062682889
Enfield,2014-04-01,2014,4,1904,324650.0,5.864777452641306,586.4777452641306
Enfield,2014-05-01,2014,5,2148,324650.0,6.61635607577391,661.635607577391
Enfield,2014-06-01,2014,6,2002,324650.0,6.166640997997844,616.6640997997844
Enfield,2014-07-01,2014,7,2110,324650.0,6.499306945941783,649.9306945941784
Enfield,2014-08-01,2014,8,1978,324650.0,6.0927152317880795,609.2715231788079
Enfield,2014-09-01,2014,9,2105,324650.0,6.483905744648083,648.3905744648082
Enfield,2014-10-01,2014,10,2210,324650.0,6.8073309718158015,680.7330971815802
Enfield,2014-11-01,2014,11,2093,324650.0,6.4469428615432,644.69428615432
Enfield,2014-12-01,2014,12,2108,324650.0,6.493146465424303,649.3146465424303
Enfield,2015-01-01,2015,1,2106,328509.0,6.410783266211885,641.0783266211885
Enfield,2015-02-01,2015,2,1950,328509.0,5.935910431677671,593.5910431677671
Enfield,2015-03-01,2015,3,2191,328509.0,6.669528079900399,666.9528079900399
Enfield,2015-04-01,2015,4,1954,328509.0,5.94808665820419,594.8086658204189
Enfield,2015-05-01,2015,5,2151,328509.0,6.547765814635215,654.7765814635216
Enfield,2015-06-01,2015,6,1987,328509.0,6.048540527047965,604.8540527047965
Enfield,2015-07-01,2015,7,2192,328509.0,6.672572136532028,667.2572136532028
Enfield,2015-08-01,2015,8,2045,328509.0,6.225095811682481,622.5095811682481
Enfield,2015-09-01,2015,9,2014,328509.0,6.130730056101964,613.0730056101963
Enfield,2015-10-01,2015,10,2168,328509.0,6.599514777372918,659.9514777372918
Enfield,2015-11-01,2015,11,2310,328509.0,7.031770819064318,703.1770819064318
Enfield,2015-12-01,2015,12,2271,328509.0,6.913052610430765,691.3052610430765
Enfield,2016-01-01,2016,1,2004,331471.0,6.045777760347059,604.577776034706
Enfield,2016-02-01,2016,2,2047,331471.0,6.175502532649915,617.5502532649915
Enfield,2016-03-01,2016,3,2255,331471.0,6.8030084079753586,680.3008407975358
Enfield,2016-04-01,2016,4,2124,331471.0,6.407800380727123,640.7800380727123
Enfield,2016-05-01,2016,5,2272,331471.0,6.854294945862534,685.4294945862534
Enfield,2016-06-01,2016,6,1992,331471.0,6.009575498309053,600.9575498309052
Enfield,2016-07-01,2016,7,2247,331471.0,6.778873566616688,677.8873566616687
Enfield,2016-08-01,2016,8,2015,331471.0,6.078963167215231,607.8963167215231
Enfield,2016-09-01,2016,9,2131,331471.0,6.428918366915959,642.8918366915959
Enfield,2016-10-01,2016,10,2221,331471.0,6.700435332201007,670.0435332201007
Enfield,2016-11-01,2016,11,2237,331471.0,6.7487050149183485,674.8705014918348
Enfield,2016-12-01,2016,12,2046,331471.0,6.172485677480081,617.2485677480081
Enfield,2017-01-01,2017,1,1971,335647.0,5.87224077676845,587.224077676845
Enfield,2017-02-01,2017,2,2049,335647.0,6.1046277785888154,610.4627778588815
Enfield,2017-03-01,2017,3,2400,335647.0,7.150369286780457,715.0369286780457
Enfield,2017-04-01,2017,4,2240,335647.0,6.673678000995093,667.3678000995093
Enfield,2017-05-01,2017,5,2340,335647.0,6.971610054610945,697.1610054610945
Enfield,2017-06-01,2017,6,2237,335647.0,6.664740039386618,666.4740039386618
Enfield,2017-07-01,2017,7,2329,335647.0,6.938837528713202,693.8837528713202
Enfield,2017-08-01,2017,8,2254,335647.0,6.715388488501312,671.5388488501312
Enfield,2017-09-01,2017,9,2188,335647.0,6.51875333311485,651.875333311485
Enfield,2017-10-01,2017,10,2500,335647.0,7.448301340396309,744.8301340396309
Enfield,2017-11-01,2017,11,2536,335647.0,7.555556879698016,755.5556879698016
Enfield,2017-12-01,2017,12,2328,335647.0,6.935858208177043,693.5858208177043
Enfield,2018-01-01,2018,1,2454,337697.0,7.266869412520691,726.6869412520691
Enfield,2018-02-01,2018,2,2338,337697.0,6.923366212906837,692.3366212906838
Enfield,2018-03-01,2018,3,2508,337697.0,7.4267760744099,742.67760744099
Enfield,2018-04-01,2018,4,2540,337697.0,7.521535577751653,752.1535577751654
Enfield,2018-05-01,2018,5,2672,337697.0,7.912418529036384,791.2418529036385
Enfield,2018-06-01,2018,6,2534,337697.0,7.503768170875074,750.3768170875074
Enfield,2018-07-01,2018,7,2517,337697.0,7.453427184724768,745.3427184724768
Enfield,2018-08-01,2018,8,2470,337697.0,7.314249164191569,731.4249164191568
Enfield,2018-09-01,2018,9,2466,337697.0,7.302404226273849,730.2404226273849
Enfield,2018-10-01,2018,10,2675,337697.0,7.921302232474674,792.1302232474675
Enfield,2018-11-01,2018,11,2770,337697.0,8.202619508020504,820.2619508020504
Enfield,2018-12-01,2018,12,2592,337697.0,7.675519770682001,767.5519770682001
Enfield,2019-01-01,2019,1,2762,339480.0,8.135972664074467,813.5972664074467
Enfield,2019-02-01,2019,2,2574,339480.0,7.582184517497349,758.2184517497349
Enfield,2019-03-01,2019,3,2836,339480.0,8.35395310474844,835.3953104748439
Enfield,2019-04-01,2019,4,2655,339480.0,7.820784729586427,782.0784729586426
Enfield,2019-05-01,2019,5,2647,339480.0,7.797219276540591,779.7219276540592
Enfield,2019-06-01,2019,6,2795,339480.0,8.233180157888535,823.3180157888535
Enfield,2019-07-01,2019,7,2867,339480.0,8.445269235301048,844.5269235301049
Enfield,2019-08-01,2019,8,2486,339480.0,7.322964533993166,732.2964533993166
Enfield,2019-09-01,2019,9,2704,339480.0,7.965123129492165,796.5123129492165
Enfield,2019-10-01,2019,10,2881,339480.0,8.48650877813126,848.650877813126
Enfield,2019-11-01,2019,11,3130,339480.0,9.219983504182867,921.9983504182868
Enfield,2019-12-01,2019,12,2809,339480.0,8.274419700718747,827.4419700718746
Enfield,2020-01-01,2020,1,2897,342993.0,8.446236512115409,844.6236512115407
Enfield,2020-02-01,2020,2,2760,342993.0,8.046811450962556,804.6811450962556
Enfield,2020-03-01,2020,3,2187,342993.0,6.376223421469243,637.6223421469242
Enfield,2020-04-01,2020,4,1961,342993.0,5.717317846136802,571.7317846136801
Enfield,2020-05-01,2020,5,2324,342993.0,6.775648482622095,677.5648482622095
Enfield,2020-06-01,2020,6,2485,342993.0,7.245045817261577,724.5045817261577
Enfield,2020-07-01,2020,7,2654,342993.0,7.73776724306327,773.776724306327
Enfield,2020-08-01,2020,8,2526,342993.0,7.364581784467905,736.4581784467905
Enfield,2020-09-01,2020,9,2784,342993.0,8.116783724449187,811.6783724449188
Enfield,2020-10-01,2020,10,2861,342993.0,8.341278101885461,834.127810188546
Enfield,2020-11-01,2020,11,2713,342993.0,7.909782415384571,790.978241538457
Enfield,2020-12-01,2020,12,2407,342993.0,7.0176359284300265,701.7635928430027
Enfield,2021-01-01,2021,1,2237,346635.0,6.4534741154240045,645.3474115424004
Enfield,2021-02-01,2021,2,2026,346635.0,5.844764666003145,584.4764666003144
Enfield,2021-03-01,2021,3,2722,346635.0,7.852640385419822,785.2640385419822
Enfield,2021-04-01,2021,4,2458,346635.0,7.091032353916944,709.1032353916944
Enfield,2021-05-01,2021,5,2648,346635.0,7.63915934628644,763.915934628644
Enfield,2021-06-01,2021,6,2761,346635.0,7.965150662800928,796.5150662800929
Enfield,2021-07-01,2021,7,2503,346635.0,7.2208519047412985,722.0851904741298
Enfield,2021-08-01,2021,8,2559,346635.0,7.382405123544939,738.240512354494
Enfield,2021-09-01,2021,9,2544,346635.0,7.339131939936822,733.9131939936822
Enfield,2021-10-01,2021,10,2753,346635.0,7.942071631543266,794.2071631543266
Enfield,2021-11-01,2021,11,2830,346635.0,8.164207307398271,816.4207307398271
Enfield,2021-12-01,2021,12,2637,346635.0,7.607425678307154,760.7425678307153
Enfield,2022-01-01,2022,1,2731,349994.0,7.802990908415573,780.2990908415572
Enfield,2022-02-01,2022,2,2488,349994.0,7.108693291885004,710.8693291885004
Enfield,2022-03-01,2022,3,2839,349994.0,8.111567626873605,811.1567626873604
Enfield,2022-04-01,2022,4,2490,349994.0,7.114407675560153,711.4407675560152
Enfield,2022-05-01,2022,5,2813,349994.0,8.03728063909667,803.7280639096671
Enfield,2022-06-01,2022,6,2819,349994.0,8.054423790122115,805.4423790122116
Enfield,2022-07-01,2022,7,2648,349994.0,7.565843985896901,756.5843985896902
Enfield,2022-08-01,2022,8,2583,349994.0,7.380126516454568,738.0126516454568
Enfield,2022-09-01,2022,9,2485,349994.0,7.10012171637228,710.012171637228
Enfield,2022-10-01,2022,10,2650,349994.0,7.57155836957205,757.155836957205
Enfield,2022-11-01,2022,11,2732,349994.0,7.805848100253147,780.5848100253147
Enfield,2022-12-01,2022,12,2461,349994.0,7.031549112270496,703.1549112270496
Enfield,2023-01-01,2023,1,2863,352879.0,8.113262619764848,811.3262619764848
Enfield,2023-02-01,2023,2,2432,352879.0,6.891880786331859,689.1880786331859
Enfield,2023-03-01,2023,3,2756,352879.0,7.810042535826728,781.0042535826728
Greenwich,2010-04-01,2010,4,2329,249171.0,9.34699463420703,934.6994634207031
Greenwich,2010-05-01,2010,5,2222,249171.0,8.917570664322895,891.7570664322895
Greenwich,2010-06-01,2010,6,2357,249171.0,9.459367261840262,945.9367261840263
Greenwich,2010-07-01,2010,7,2242,249171.0,8.99783682691806,899.783682691806
Greenwich,2010-08-01,2010,8,2234,249171.0,8.965730361879995,896.5730361879994
Greenwich,2010-09-01,2010,9,2268,249171.0,9.102182838291776,910.2182838291776
Greenwich,2010-10-01,2010,10,2151,249171.0,8.632625787110058,863.2625787110057
Greenwich,2010-11-01,2010,11,2152,249171.0,8.636639095239815,863.6639095239815
Greenwich,2010-12-01,2010,12,1920,249171.0,7.705551609135894,770.5551609135895
Greenwich,2011-01-01,2011,1,2072,255483.0,8.110128658266891,811.012865826689
Greenwich,2011-02-01,2011,2,1895,255483.0,7.417323266127296,741.7323266127296
Greenwich,2011-03-01,2011,3,2151,255483.0,8.419346884137104,841.9346884137105
Greenwich,2011-04-01,2011,4,1984,255483.0,7.765683039576019,776.5683039576019
Greenwich,2011-05-01,2011,5,2203,255483.0,8.622882931545348,862.2882931545347
Greenwich,2011-06-01,2011,6,2181,255483.0,8.536771526872629,853.677152687263
Greenwich,2011-07-01,2011,7,2096,255483.0,8.20406837245531,820.406837245531
Greenwich,2011-08-01,2011,8,2191,255483.0,8.575913074451138,857.5913074451138
Greenwich,2011-09-01,2011,9,1847,255483.0,7.229443837750457,722.9443837750457
Greenwich,2011-10-01,2011,10,1891,255483.0,7.401666647095893,740.1666647095892
Greenwich,2011-11-01,2011,11,1992,255483.0,7.796996277638826,779.6996277638825
Greenwich,2011-12-01,2011,12,2112,255483.0,8.266694848580924,826.6694848580923
Greenwich,2012-01-01,2012,1,2034,260068.0,7.821031422551025,782.1031422551025
Greenwich,2012-02-01,2012,2,1768,260068.0,6.798222003476014,679.8222003476014
Greenwich,2012-03-01,2012,3,2038,260068.0,7.836412015319071,783.6412015319071
Greenwich,2012-04-01,2012,4,1809,260068.0,6.955873079348478,695.5873079348478
Greenwich,2012-05-01,2012,5,2096,260068.0,8.059430610455728,805.9430610455727
Greenwich,2012-06-01,2012,6,2163,260068.0,8.317055539320485,831.7055539320485
Greenwich,2012-07-01,2012,7,2016,260068.0,7.751818755094821,775.1818755094821
Greenwich,2012-08-01,2012,8,1902,260068.0,7.313471861205531,731.347186120553
Greenwich,2012-09-01,2012,9,1762,260068.0,6.775151114323946,677.5151114323946
Greenwich,2012-10-01,2012,10,1861,260068.0,7.155820785333066,715.5820785333067
Greenwich,2012-11-01,2012,11,1954,260068.0,7.51341956719012,751.3419567190119
Greenwich,2012-12-01,2012,12,1811,260068.0,6.963563375732501,696.3563375732501
Greenwich,2013-01-01,2013,1,1974,264008.0,7.477046150116663,747.7046150116663
Greenwich,2013-02-01,2013,2,1788,264008.0,6.7725220447865215,677.2522044786522
Greenwich,2013-03-01,2013,3,1705,264008.0,6.4581376321929636,645.8137632192963
Greenwich,2013-04-01,2013,4,1795,264008.0,6.799036392836581,679.9036392836581
Greenwich,2013-05-01,2013,5,1714,264008.0,6.492227508257326,649.2227508257325
Greenwich,2013-06-01,2013,6,1754,264008.0,6.643738068543377,664.3738068543378
Greenwich,2013-07-01,2013,7,1872,264008.0,7.09069422138723,709.0694221387231
Greenwich,2013-08-01,2013,8,1751,264008.0,6.632374776521924,663.2374776521923
Greenwich,2013-09-01,2013,9,1810,264008.0,6.85585285294385,685.585285294385
Greenwich,2013-10-01,2013,10,1981,264008.0,7.503560498166722,750.3560498166722
Greenwich,2013-11-01,2013,11,1896,264008.0,7.181600557558862,718.1600557558861
Greenwich,2013-12-01,2013,12,1651,264008.0,6.253598375806794,625.3598375806794
Greenwich,2014-01-01,2014,1,1801,268678.0,6.703191180520921,670.3191180520921
Greenwich,2014-02-01,2014,2,1711,268678.0,6.368217717863018,636.8217717863018
Greenwich,2014-03-01,2014,3,1813,268678.0,6.747854308875308,674.7854308875308
Greenwich,2014-04-01,2014,4,1760,268678.0,6.550592158643432,655.0592158643432
Greenwich,2014-05-01,2014,5,1804,268678.0,6.714356962609518,671.4356962609518
Greenwich,2014-06-01,2014,6,2001,268678.0,7.447576653094038,744.7576653094038
Greenwich,2014-07-01,2014,7,2092,268678.0,7.786272043114806,778.6272043114807
Greenwich,2014-08-01,2014,8,1740,268678.0,6.4761536113861204,647.615361138612
Greenwich,2014-09-01,2014,9,2002,268678.0,7.451298580456904,745.1298580456904
Greenwich,2014-10-01,2014,10,1963,268678.0,7.306143413305146,730.6143413305145
Greenwich,2014-11-01,2014,11,1900,268678.0,7.071661989444614,707.1661989444614
Greenwich,2014-12-01,2014,12,1805,268678.0,6.718078889972383,671.8078889972384
Greenwich,2015-01-01,2015,1,2016,274803.0,7.33616445235314,733.616445235314
Greenwich,2015-02-01,2015,2,1716,274803.0,6.244473313610113,624.4473313610114
Greenwich,2015-03-01,2015,3,1965,274803.0,7.150576958766825,715.0576958766826
Greenwich,2015-04-01,2015,4,1867,274803.0,6.793957853444104,679.3957853444103
Greenwich,2015-05-01,2015,5,1996,274803.0,7.2633850431036056,726.3385043103605
Greenwich,2015-06-01,2015,6,1931,274803.0,7.026851963042616,702.6851963042616
Greenwich,2015-07-01,2015,7,2049,274803.0,7.456250477614874,745.6250477614874
Greenwich,2015-08-01,2015,8,1914,274803.0,6.964989465180511,696.4989465180512
Greenwich,2015-09-01,2015,9,1861,274803.0,6.772124030669243,677.2124030669243
Greenwich,2015-10-01,2015,10,1941,274803.0,7.063241667667384,706.3241667667384
Greenwich,2015-11-01,2015,11,2088,274803.0,7.598170325651466,759.8170325651466
Greenwich,2015-12-01,2015,12,1960,274803.0,7.1323821064544415,713.2382106454442
Greenwich,2016-01-01,2016,1,2094,279766.0,7.484826605091397,748.4826605091398
Greenwich,2016-02-01,2016,2,1867,279766.0,6.673434227175568,667.3434227175568
Greenwich,2016-03-01,2016,3,2024,279766.0,7.2346175017693355,723.4617501769336
Greenwich,2016-04-01,2016,4,1991,279766.0,7.116661781631793,711.6661781631792
Greenwich,2016-05-01,2016,5,2056,279766.0,7.3489988061451355,734.8998806145136
Greenwich,2016-06-01,2016,6,2167,279766.0,7.74575895569869,774.5758955698691
Greenwich,2016-07-01,2016,7,2259,279766.0,8.074605205779115,807.4605205779116
Greenwich,2016-08-01,2016,8,2110,279766.0,7.542017257279298,754.2017257279298
Greenwich,2016-09-01,2016,9,2121,279766.0,7.581335830658479,758.1335830658479
Greenwich,2016-10-01,2016,10,2171,279766.0,7.760056618745666,776.0056618745666
Greenwich,2016-11-01,2016,11,2095,279766.0,7.488401020853141,748.8401020853141
Greenwich,2016-12-01,2016,12,2129,279766.0,7.609931156752429,760.9931156752428
Greenwich,2017-01-01,2017,1,2275,282774.0,8.04529412180752,804.5294121807522
Greenwich,2017-02-01,2017,2,2083,282774.0,7.3663066618571715,736.6306661857172
Greenwich,2017-03-01,2017,3,2380,282774.0,8.416615388967868,841.6615388967869
Greenwich,2017-04-01,2017,4,2177,282774.0,7.698727605791197,769.8727605791197
Greenwich,2017-05-01,2017,5,2321,282774.0,8.207968200753958,820.7968200753959
Greenwich,2017-06-01,2017,6,2249,282774.0,7.953347903272578,795.3347903272578
Greenwich,2017-07-01,2017,7,2411,282774.0,8.526243572605685,852.6243572605686
Greenwich,2017-08-01,2017,8,2262,282774.0,7.999321012540049,799.9321012540049
Greenwich,2017-09-01,2017,9,2256,282774.0,7.978102654416601,797.81026544166
Greenwich,2017-10-01,2017,10,2496,282774.0,8.826836979354537,882.6836979354538
Greenwich,2017-11-01,2017,11,2272,282774.0,8.034684942745796,803.4684942745797
Greenwich,2017-12-01,2017,12,2211,282774.0,7.8189649684907385,781.8964968490739
Greenwich,2018-01-01,2018,1,2246,286322.0,7.844315141693618,784.4315141693618
Greenwich,2018-02-01,2018,2,1930,286322.0,6.740662610627195,674.0662610627196
Greenwich,2018-03-01,2018,3,2067,286322.0,7.219144878842702,721.9144878842701
Greenwich,2018-04-01,2018,4,2219,286322.0,7.750015716570854,775.0015716570854
Greenwich,2018-05-01,2018,5,2389,286322.0,8.343752837714183,834.3752837714183
Greenwich,2018-06-01,2018,6,2337,286322.0,8.16213913007034,816.2139130070341
Greenwich,2018-07-01,2018,7,2404,286322.0,8.396141407226828,839.6141407226828
Greenwich,2018-08-01,2018,8,2256,286322.0,7.879240854702049,787.9240854702048
Greenwich,2018-09-01,2018,9,2382,286322.0,8.31930483860828,831.930483860828
Greenwich,2018-10-01,2018,10,2469,286322.0,8.62315854178163,862.315854178163
Greenwich,2018-11-01,2018,11,2493,286322.0,8.706980253001865,870.6980253001865
Greenwich,2018-12-01,2018,12,2457,286322.0,8.581247686171514,858.1247686171514
Greenwich,2019-01-01,2019,1,2411,289650.0,8.323839116174694,832.3839116174694
Greenwich,2019-02-01,2019,2,2184,289650.0,7.5401346452615226,754.0134645261522
Greenwich,2019-03-01,2019,3,2612,289650.0,9.01778007940618,901.778007940618
Greenwich,2019-04-01,2019,4,2539,289650.0,8.765751769376834,876.5751769376834
Greenwich,2019-05-01,2019,5,2586,289650.0,8.928016571724495,892.8016571724495
Greenwich,2019-06-01,2019,6,2640,289650.0,9.114448472294148,911.4448472294148
Greenwich,2019-07-01,2019,7,2706,289650.0,9.342309684101503,934.2309684101502
Greenwich,2019-08-01,2019,8,2650,289650.0,9.148972898325566,914.8972898325566
Greenwich,2019-09-01,2019,9,2684,289650.0,9.266355946832384,926.6355946832384
Greenwich,2019-10-01,2019,10,2569,289650.0,8.869325047471087,886.9325047471086
Greenwich,2019-11-01,2019,11,2623,289650.0,9.055756948040738,905.5756948040739
Greenwich,2019-12-01,2019,12,2328,289650.0,8.03728638011393,803.7286380113931
Greenwich,2020-01-01,2020,1,2476,292466.0,8.465941340189971,846.594134018997
Greenwich,2020-02-01,2020,2,2411,292466.0,8.243693284005662,824.3693284005662
Greenwich,2020-03-01,2020,3,1733,292466.0,5.9254750979601045,592.5475097960104
Greenwich,2020-04-01,2020,4,1736,292466.0,5.935732700553227,593.5732700553226
Greenwich,2020-05-01,2020,5,2116,292466.0,7.2350290290153385,723.5029029015338
Greenwich,2020-06-01,2020,6,2242,292466.0,7.66584833792646,766.5848337926459
Greenwich,2020-07-01,2020,7,2417,292466.0,8.264208489191907,826.4208489191906
Greenwich,2020-08-01,2020,8,2331,292466.0,7.970157214855744,797.0157214855744
Greenwich,2020-09-01,2020,9,2329,292466.0,7.963318813126996,796.3318813126996
Greenwich,2020-10-01,2020,10,2312,292466.0,7.905192398432638,790.5192398432638
Greenwich,2020-11-01,2020,11,2245,292466.0,7.676105940519582,767.6105940519582
Greenwich,2020-12-01,2020,12,1975,292466.0,6.752921707138608,675.2921707138607
Greenwich,2021-01-01,2021,1,1791,294837.0,6.074542883016718,607.4542883016718
Greenwich,2021-02-01,2021,2,1879,294837.0,6.373012885085657,637.3012885085658
Greenwich,2021-03-01,2021,3,2318,294837.0,7.861971190861391,786.1971190861391
Greenwich,2021-04-01,2021,4,2169,294837.0,7.356607210085572,735.6607210085573
Greenwich,2021-05-01,2021,5,2404,294837.0,8.1536577837924,815.36577837924
Greenwich,2021-06-01,2021,6,2390,294837.0,8.106173919826887,810.6173919826888
Greenwich,2021-07-01,2021,7,2312,294837.0,7.8416209634476,784.16209634476
Greenwich,2021-08-01,2021,8,2265,294837.0,7.682210848706235,768.2210848706234
Greenwich,2021-09-01,2021,9,2294,294837.0,7.780570281206225,778.0570281206226
Greenwich,2021-10-01,2021,10,2390,294837.0,8.106173919826887,810.6173919826888
Greenwich,2021-11-01,2021,11,2441,294837.0,8.279150852844113,827.9150852844114
Greenwich,2021-12-01,2021,12,2127,294837.0,7.214155618189033,721.4155618189034
Greenwich,2022-01-01,2022,1,2242,297039.0,7.5478304195745345,754.7830419574534
Greenwich,2022-02-01,2022,2,2197,297039.0,7.396335161376116,739.6335161376115
Greenwich,2022-03-01,2022,3,2488,297039.0,8.376004497725887,837.6004497725887
Greenwich,2022-04-01,2022,4,2196,297039.0,7.392968600082817,739.2968600082818
Greenwich,2022-05-01,2022,5,2471,297039.0,8.318772955739819,831.8772955739819
Greenwich,2022-06-01,2022,6,2502,297039.0,8.423136355832062,842.3136355832063
Greenwich,2022-07-01,2022,7,2467,297039.0,8.305306710566626,830.5306710566626
Greenwich,2022-08-01,2022,8,2277,297039.0,7.665660064839971,766.5660064839971
Greenwich,2022-09-01,2022,9,2229,297039.0,7.5040651227616575,750.4065122761658
Greenwich,2022-10-01,2022,10,2439,297039.0,8.211042994354276,821.1042994354277
Greenwich,2022-11-01,2022,11,2385,297039.0,8.029248684516174,802.9248684516175
Greenwich,2022-12-01,2022,12,2074,297039.0,6.9822481223004385,698.2248122300439
Greenwich,2023-01-01,2023,1,2330,300514.0,7.753382537918366,775.3382537918367
Greenwich,2023-02-01,2023,2,2272,300514.0,7.560379882468038,756.0379882468038
Greenwich,2023-03-01,2023,3,2430,300514.0,8.086145736970657,808.6145736970657
Hackney,2010-04-01,2010,4,2509,241739.0,10.378962434691962,1037.8962434691962
Hackney,2010-05-01,2010,5,2715,241739.0,11.231121167871134,1123.1121167871133
Hackney,2010-06-01,2010,6,2742,241739.0,11.342811875617919,1134.2811875617917
Hackney,2010-07-01,2010,7,2760,241739.0,11.417272347449108,1141.7272347449107
Hackney,2010-08-01,2010,8,2468,241739.0,10.209358026632028,1020.9358026632029
Hackney,2010-09-01,2010,9,2543,241739.0,10.51960999259532,1051.960999259532
Hackney,2010-10-01,2010,10,2509,241739.0,10.378962434691962,1037.8962434691962
Hackney,2010-11-01,2010,11,2304,241739.0,9.5309403943923,953.0940394392298
Hackney,2010-12-01,2010,12,2047,241739.0,8.467810324358089,846.7810324358088
Hackney,2011-01-01,2011,1,2477,247578.0,10.004927739944582,1000.4927739944583
Hackney,2011-02-01,2011,2,2216,247578.0,8.950714522291964,895.0714522291964
Hackney,2011-03-01,2011,3,2558,247578.0,10.332097359216085,1033.2097359216086
Hackney,2011-04-01,2011,4,2530,247578.0,10.219001688356801,1021.9001688356801
Hackney,2011-05-01,2011,5,2682,247578.0,10.832949615878633,1083.2949615878633
Hackney,2011-06-01,2011,6,2459,247578.0,9.932223380106471,993.2223380106471
Hackney,2011-07-01,2011,7,2652,247578.0,10.711775682815112,1071.1775682815114
Hackney,2011-08-01,2011,8,2438,247578.0,9.847401626962007,984.7401626962007
Hackney,2011-09-01,2011,9,2201,247578.0,8.890127555760206,889.0127555760205
Hackney,2011-10-01,2011,10,2385,247578.0,9.63332767854979,963.332767854979
Hackney,2011-11-01,2011,11,2493,247578.0,10.06955383757846,1006.955383757846
Hackney,2011-12-01,2011,12,2009,247578.0,8.11461438415368,811.4614384153681
Hackney,2012-01-01,2012,1,2465,252515.0,9.761796328930954,976.1796328930955
Hackney,2012-02-01,2012,2,2129,252515.0,8.431182306001624,843.1182306001624
Hackney,2012-03-01,2012,3,2820,252515.0,11.167653406728313,1116.7653406728314
Hackney,2012-04-01,2012,4,2503,252515.0,9.91228243866701,991.228243866701
Hackney,2012-05-01,2012,5,2618,252515.0,10.367700928657703,1036.7700928657703
Hackney,2012-06-01,2012,6,2699,252515.0,10.688473952042452,1068.8473952042452
Hackney,2012-07-01,2012,7,2601,252515.0,10.300378195354732,1030.037819535473
Hackney,2012-08-01,2012,8,2604,252515.0,10.312258677702314,1031.2258677702314
Hackney,2012-09-01,2012,9,2351,252515.0,9.310337999722789,931.0337999722789
Hackney,2012-10-01,2012,10,2744,252515.0,10.866681187256203,1086.6681187256204
Hackney,2012-11-01,2012,11,2535,252515.0,10.039007583707898,1003.9007583707898
Hackney,2012-12-01,2012,12,2441,252515.0,9.666752470150287,966.6752470150288
Hackney,2013-01-01,2013,1,2305,257775.0,8.941906701580836,894.1906701580835
Hackney,2013-02-01,2013,2,2232,257775.0,8.658713994762875,865.8713994762875
Hackney,2013-03-01,2013,3,2332,257775.0,9.046649209582,904.6649209582
Hackney,2013-04-01,2013,4,2376,257775.0,9.217340704102416,921.7340704102414
Hackney,2013-05-01,2013,5,2375,257775.0,9.213461351954225,921.3461351954224
Hackney,2013-06-01,2013,6,2505,257775.0,9.717777131219087,971.7777131219086
Hackney,2013-07-01,2013,7,2677,257775.0,10.385025700707981,1038.5025700707981
Hackney,2013-08-01,2013,8,2525,257775.0,9.795364174182913,979.5364174182912
Hackney,2013-09-01,2013,9,2331,257775.0,9.04276985743381,904.2769857433808
Hackney,2013-10-01,2013,10,2524,257775.0,9.79148482203472,979.148482203472
Hackney,2013-11-01,2013,11,2420,257775.0,9.38803219862283,938.8032198622831
Hackney,2013-12-01,2013,12,2156,257775.0,8.363883231500338,836.3883231500339
Hackney,2014-01-01,2014,1,2274,263546.0,8.62847472547487,862.847472547487
Hackney,2014-02-01,2014,2,2096,263546.0,7.95307081116769,795.307081116769
Hackney,2014-03-01,2014,3,2413,263546.0,9.155896883276544,915.5896883276544
Hackney,2014-04-01,2014,4,2203,263546.0,8.35907204055459,835.907204055459
Hackney,2014-05-01,2014,5,2334,263546.0,8.856138966252571,885.6138966252571
Hackney,2014-06-01,2014,6,2402,263546.0,9.114158439133966,911.4158439133965
Hackney,2014-07-01,2014,7,2367,263546.0,8.981354298680307,898.1354298680307
Hackney,2014-08-01,2014,8,2316,263546.0,8.78783969401926,878.783969401926
Hackney,2014-09-01,2014,9,2333,263546.0,8.852344562239608,885.2344562239609
Hackney,2014-10-01,2014,10,2492,263546.0,9.455654800300517,945.5654800300517
Hackney,2014-11-01,2014,11,2512,263546.0,9.531542880559751,953.154288055975
Hackney,2014-12-01,2014,12,2226,263546.0,8.44634333285271,844.6343332852709
Hackney,2015-01-01,2015,1,2320,269405.0,8.611569941166644,861.1569941166645
Hackney,2015-02-01,2015,2,2324,269405.0,8.626417475547967,862.6417475547967
Hackney,2015-03-01,2015,3,2595,269405.0,9.63233792988252,963.2337929882519
Hackney,2015-04-01,2015,4,2414,269405.0,8.960486999127708,896.0486999127708
Hackney,2015-05-01,2015,5,2631,269405.0,9.765965739314415,976.5965739314415
Hackney,2015-06-01,2015,6,2729,269405.0,10.129730331656798,1012.9730331656799
Hackney,2015-07-01,2015,7,2692,269405.0,9.992390638629573,999.2390638629572
Hackney,2015-08-01,2015,8,2459,269405.0,9.127521760917578,912.7521760917577
Hackney,2015-09-01,2015,9,2306,269405.0,8.559603570832019,855.9603570832019
Hackney,2015-10-01,2015,10,2574,269405.0,9.55438837438058,955.4388374380579
Hackney,2015-11-01,2015,11,2554,269405.0,9.48015070247397,948.015070247397
Hackney,2015-12-01,2015,12,2430,269405.0,9.019877136652994,901.9877136652995
Hackney,2016-01-01,2016,1,2415,273922.0,8.816378385087726,881.6378385087726
Hackney,2016-02-01,2016,2,2308,273922.0,8.425756237177007,842.5756237177006
Hackney,2016-03-01,2016,3,2490,273922.0,9.090178956053183,909.0178956053184
Hackney,2016-04-01,2016,4,2510,273922.0,9.163192441643972,916.3192441643971
Hackney,2016-05-01,2016,5,2666,273922.0,9.732697629252122,973.2697629252123
Hackney,2016-06-01,2016,6,2945,273922.0,10.751235753243623,1075.1235753243625
Hackney,2016-07-01,2016,7,2888,273922.0,10.543147319309877,1054.3147319309876
Hackney,2016-08-01,2016,8,2797,273922.0,10.210935959871788,1021.0935959871788
Hackney,2016-09-01,2016,9,2689,273922.0,9.81666313768153,981.666313768153
Hackney,2016-10-01,2016,10,2708,273922.0,9.88602594899278,988.6025948992778
Hackney,2016-11-01,2016,11,2605,273922.0,9.510006498200218,951.0006498200217
Hackney,2016-12-01,2016,12,2634,273922.0,9.615876052306861,961.5876052306861
Hackney,2017-01-01,2017,1,2616,277475.0,9.427876385259934,942.7876385259933
Hackney,2017-02-01,2017,2,2726,277475.0,9.824308496260924,982.4308496260925
Hackney,2017-03-01,2017,3,3116,277475.0,11.229840526173529,1122.984052617353
Hackney,2017-04-01,2017,4,2891,277475.0,10.418956662762412,1041.8956662762412
Hackney,2017-05-01,2017,5,3073,277475.0,11.07487161005496,1107.487161005496
Hackney,2017-06-01,2017,6,3099,277475.0,11.168573745382467,1116.8573745382466
Hackney,2017-07-01,2017,7,3269,277475.0,11.78124155329309,1178.124155329309
Hackney,2017-08-01,2017,8,2827,277475.0,10.18830525272547,1018.8305252725471
Hackney,2017-09-01,2017,9,2646,277475.0,9.53599423371475,953.5994233714749
Hackney,2017-10-01,2017,10,2883,277475.0,10.390125236507792,1039.0125236507793
Hackney,2017-11-01,2017,11,2844,277475.0,10.249572033516532,1024.9572033516533
Hackney,2017-12-01,2017,12,2575,277475.0,9.280115325705019,928.0115325705019
Hackney,2018-01-01,2018,1,2678,281740.0,9.505217576488961,950.5217576488961
Hackney,2018-02-01,2018,2,2321,281740.0,8.23809185774118,823.809185774118
Hackney,2018-03-01,2018,3,2523,281740.0,8.95506495350323,895.506495350323
Hackney,2018-04-01,2018,4,2706,281740.0,9.604599985802514,960.4599985802513
Hackney,2018-05-01,2018,5,2905,281740.0,10.310924966280968,1031.0924966280968
Hackney,2018-06-01,2018,6,2816,281740.0,9.995030879534323,999.5030879534322
Hackney,2018-07-01,2018,7,3003,281740.0,10.6587633988784,1065.8763398878398
Hackney,2018-08-01,2018,8,2900,281740.0,10.293178107474978,1029.3178107474978
Hackney,2018-09-01,2018,9,2920,281740.0,10.364165542698942,1036.4165542698943
Hackney,2018-10-01,2018,10,3221,281740.0,11.432526442819622,1143.2526442819621
Hackney,2018-11-01,2018,11,3192,281740.0,11.32959466174487,1132.959466174487
Hackney,2018-12-01,2018,12,3042,281740.0,10.797188897565132,1079.7188897565131
Hackney,2019-01-01,2019,1,2981,286425.0,10.40761106746967,1040.761106746967
Hackney,2019-02-01,2019,2,2789,286425.0,9.73727851968229,973.7278519682291
Hackney,2019-03-01,2019,3,3136,286425.0,10.948764947193855,1094.8764947193854
Hackney,2019-04-01,2019,4,3127,286425.0,10.917343109016322,1091.7343109016322
Hackney,2019-05-01,2019,5,3091,286425.0,10.791655756306188,1079.1655756306188
Hackney,2019-06-01,2019,6,3122,286425.0,10.899886532251026,1089.9886532251026
Hackney,2019-07-01,2019,7,3561,286425.0,12.432573972244043,1243.2573972244043
Hackney,2019-08-01,2019,8,3208,286425.0,11.200139652614123,1120.0139652614123
Hackney,2019-09-01,2019,9,3170,286425.0,11.06746966919787,1106.746966919787
Hackney,2019-10-01,2019,10,3146,286425.0,10.983678100724449,1098.3678100724449
Hackney,2019-11-01,2019,11,2986,286425.0,10.425067644234966,1042.5067644234966
Hackney,2019-12-01,2019,12,2895,286425.0,10.107357947106573,1010.7357947106573
Hackney,2020-01-01,2020,1,2952,289488.0,10.197313878295473,1019.7313878295473
Hackney,2020-02-01,2020,2,2804,289488.0,9.686066434532693,968.6066434532693
Hackney,2020-03-01,2020,3,2069,289488.0,7.14710108881888,714.710108881888
Hackney,2020-04-01,2020,4,1800,289488.0,6.217874316033825,621.7874316033825
Hackney,2020-05-01,2020,5,2373,289488.0,8.197230973304594,819.7230973304593
Hackney,2020-06-01,2020,6,2609,289488.0,9.012463383629028,901.2463383629027
Hackney,2020-07-01,2020,7,3031,289488.0,10.470209473276958,1047.020947327696
Hackney,2020-08-01,2020,8,3251,289488.0,11.230171889681092,1123.0171889681092
Hackney,2020-09-01,2020,9,3391,289488.0,11.713784336483723,1171.3784336483723
Hackney,2020-10-01,2020,10,3120,289488.0,10.77764881445863,1077.764881445863
Hackney,2020-11-01,2020,11,2819,289488.0,9.737882053832974,973.7882053832974
Hackney,2020-12-01,2020,12,2527,289488.0,8.729204664787487,872.9204664787487
Hackney,2021-01-01,2021,1,2383,292023.0,8.160316139482164,816.0316139482164
Hackney,2021-02-01,2021,2,2195,292023.0,7.516531232128976,751.6531232128976
Hackney,2021-03-01,2021,3,2458,292023.0,8.417145224862425,841.7145224862425
Hackney,2021-04-01,2021,4,2512,292023.0,8.602062166336214,860.2062166336214
Hackney,2021-05-01,2021,5,2722,292023.0,9.321183605400943,932.1183605400945
Hackney,2021-06-01,2021,6,2809,292023.0,9.619105344442048,961.9105344442047
Hackney,2021-07-01,2021,7,2981,292023.0,10.208100046914113,1020.8100046914112
Hackney,2021-08-01,2021,8,2847,292023.0,9.749232081034712,974.9232081034713
Hackney,2021-09-01,2021,9,3022,292023.0,10.348499946921988,1034.8499946921988
Hackney,2021-10-01,2021,10,3317,292023.0,11.358694349417682,1135.8694349417683
Hackney,2021-11-01,2021,11,3053,292023.0,10.454655968879164,1045.4655968879165
Hackney,2021-12-01,2021,12,2543,292023.0,8.708218188293388,870.8218188293388
Hackney,2022-01-01,2022,1,2769,294312.0,9.408382940552883,940.8382940552883
Hackney,2022-02-01,2022,2,2442,294312.0,8.29731713283862,829.7317132838621
Hackney,2022-03-01,2022,3,2743,294312.0,9.320041316697926,932.0041316697926
Hackney,2022-04-01,2022,4,2648,294312.0,8.997254614150968,899.7254614150969
Hackney,2022-05-01,2022,5,3191,294312.0,10.842235450814101,1084.22354508141
Hackney,2022-06-01,2022,6,2871,294312.0,9.754953926445404,975.4953926445405
Hackney,2022-07-01,2022,7,2863,294312.0,9.727771888336187,972.7771888336188
Hackney,2022-08-01,2022,8,2741,294312.0,9.313245807170622,931.3245807170622
Hackney,2022-09-01,2022,9,2560,294312.0,8.698252194949577,869.8252194949578
Hackney,2022-10-01,2022,10,2944,294312.0,10.002990024192014,1000.2990024192014
Hackney,2022-11-01,2022,11,2822,294312.0,9.588463943026449,958.8463943026447
Hackney,2022-12-01,2022,12,2466,294312.0,8.378863247166272,837.8863247166272
Hackney,2023-01-01,2023,1,2611,296177.0,8.815674410909693,881.5674410909693
Hackney,2023-02-01,2023,2,2512,296177.0,8.481414829645786,848.1414829645786
Hackney,2023-03-01,2023,3,2842,296177.0,9.595613433858807,959.5613433858807
Hammersmith And Fulham,2010-04-01,2010,4,2139,180842.0,11.828004556463654,1182.8004556463654
Hammersmith And Fulham,2010-05-01,2010,5,2118,180842.0,11.711881089569902,1171.1881089569902
Hammersmith And Fulham,2010-06-01,2010,6,2205,180842.0,12.192964023844018,1219.296402384402
Hammersmith And Fulham,2010-07-01,2010,7,2220,180842.0,12.275909357339556,1227.5909357339556
Hammersmith And Fulham,2010-08-01,2010,8,1962,180842.0,10.84924962121631,1084.924962121631
Hammersmith And Fulham,2010-09-01,2010,9,1995,180842.0,11.031729354906492,1103.1729354906493
Hammersmith And Fulham,2010-10-01,2010,10,2047,180842.0,11.319273177691024,1131.9273177691023
Hammersmith And Fulham,2010-11-01,2010,11,2119,180842.0,11.717410778469603,1171.7410778469603
Hammersmith And Fulham,2010-12-01,2010,12,1894,180842.0,10.47323077603654,1047.323077603654
Hammersmith And Fulham,2011-01-01,2011,1,2147,182790.0,11.745719131243504,1174.5719131243504
Hammersmith And Fulham,2011-02-01,2011,2,1860,182790.0,10.175611357295256,1017.5611357295256
Hammersmith And Fulham,2011-03-01,2011,3,2169,182790.0,11.866075824716889,1186.6075824716888
Hammersmith And Fulham,2011-04-01,2011,4,1995,182790.0,10.914163794518299,1091.41637945183
Hammersmith And Fulham,2011-05-01,2011,5,2200,182790.0,12.035669347338477,1203.5669347338476
Hammersmith And Fulham,2011-06-01,2011,6,2117,182790.0,11.58159636741616,1158.159636741616
Hammersmith And Fulham,2011-07-01,2011,7,2058,182790.0,11.25882159855572,1125.882159855572
Hammersmith And Fulham,2011-08-01,2011,8,1985,182790.0,10.859456206575851,1085.9456206575853
Hammersmith And Fulham,2011-09-01,2011,9,1878,182790.0,10.274085015591663,1027.4085015591663
Hammersmith And Fulham,2011-10-01,2011,10,1964,182790.0,10.744570271896713,1074.4570271896712
Hammersmith And Fulham,2011-11-01,2011,11,2050,182790.0,11.215055528201761,1121.5055528201763
Hammersmith And Fulham,2011-12-01,2011,12,2005,182790.0,10.968871382460748,1096.8871382460748
Hammersmith And Fulham,2012-01-01,2012,1,1871,180195.0,10.38319598213047,1038.319598213047
Hammersmith And Fulham,2012-02-01,2012,2,1815,180195.0,10.072421543328062,1007.2421543328062
Hammersmith And Fulham,2012-03-01,2012,3,1994,180195.0,11.06578983878576,1106.5789838785759
Hammersmith And Fulham,2012-04-01,2012,4,1962,180195.0,10.888204445184384,1088.8204445184383
Hammersmith And Fulham,2012-05-01,2012,5,2093,180195.0,11.615194650240019,1161.5194650240019
Hammersmith And Fulham,2012-06-01,2012,6,1896,180195.0,10.521934570881545,1052.1934570881544
Hammersmith And Fulham,2012-07-01,2012,7,1975,180195.0,10.960348511334944,1096.0348511334944
Hammersmith And Fulham,2012-08-01,2012,8,1920,180195.0,10.655123616082577,1065.5123616082576
Hammersmith And Fulham,2012-09-01,2012,9,1868,180195.0,10.36654735148034,1036.654735148034
Hammersmith And Fulham,2012-10-01,2012,10,1946,180195.0,10.799411748383696,1079.9411748383695
Hammersmith And Fulham,2012-11-01,2012,11,1864,180195.0,10.344349177280169,1034.434917728017
Hammersmith And Fulham,2012-12-01,2012,12,1762,180195.0,9.778295735175782,977.8295735175782
Hammersmith And Fulham,2013-01-01,2013,1,1724,179030.0,9.62967100485952,962.9671004859521
Hammersmith And Fulham,2013-02-01,2013,2,1537,179030.0,8.585153326258169,858.5153326258169
Hammersmith And Fulham,2013-03-01,2013,3,1545,179030.0,8.62983857454058,862.983857454058
Hammersmith And Fulham,2013-04-01,2013,4,1591,179030.0,8.886778752164442,888.6778752164441
Hammersmith And Fulham,2013-05-01,2013,5,1687,179030.0,9.423001731553372,942.3001731553371
Hammersmith And Fulham,2013-06-01,2013,6,1575,179030.0,8.79740825559962,879.7408255599621
Hammersmith And Fulham,2013-07-01,2013,7,1661,179030.0,9.277774674635536,927.7774674635535
Hammersmith And Fulham,2013-08-01,2013,8,1609,179030.0,8.987320560799866,898.7320560799866
Hammersmith And Fulham,2013-09-01,2013,9,1605,179030.0,8.964977936658661,896.4977936658661
Hammersmith And Fulham,2013-10-01,2013,10,1758,179030.0,9.819583310059766,981.9583310059767
Hammersmith And Fulham,2013-11-01,2013,11,1777,179030.0,9.925710774730492,992.5710774730492
Hammersmith And Fulham,2013-12-01,2013,12,1593,179030.0,8.897950064235044,889.7950064235044
Hammersmith And Fulham,2014-01-01,2014,1,1654,178710.0,9.255217950870124,925.5217950870125
Hammersmith And Fulham,2014-02-01,2014,2,1360,178710.0,7.610094566616306,761.0094566616306
Hammersmith And Fulham,2014-03-01,2014,3,1539,178710.0,8.611717307369481,861.1717307369481
Hammersmith And Fulham,2014-04-01,2014,4,1612,178710.0,9.020200324548151,902.0200324548151
Hammersmith And Fulham,2014-05-01,2014,5,1807,178710.0,10.11135358961446,1011.135358961446
Hammersmith And Fulham,2014-06-01,2014,6,1673,178710.0,9.36153544849197,936.153544849197
Hammersmith And Fulham,2014-07-01,2014,7,1666,178710.0,9.322365844104974,932.2365844104975
Hammersmith And Fulham,2014-08-01,2014,8,1687,178710.0,9.439874657265962,943.9874657265962
Hammersmith And Fulham,2014-09-01,2014,9,1660,178710.0,9.288791897487549,928.8791897487549
Hammersmith And Fulham,2014-10-01,2014,10,1804,178710.0,10.094566616305746,1009.4566616305747
Hammersmith And Fulham,2014-11-01,2014,11,1955,178710.0,10.939510939510939,1093.951093951094
Hammersmith And Fulham,2014-12-01,2014,12,1793,178710.0,10.033014380840468,1003.3014380840468
Hammersmith And Fulham,2015-01-01,2015,1,1754,179754.0,9.75778007721664,975.778007721664
Hammersmith And Fulham,2015-02-01,2015,2,1532,179754.0,8.522758881582607,852.2758881582607
Hammersmith And Fulham,2015-03-01,2015,3,1796,179754.0,9.991432735850108,999.1432735850107
Hammersmith And Fulham,2015-04-01,2015,4,1792,179754.0,9.969180101694539,996.9180101694539
Hammersmith And Fulham,2015-05-01,2015,5,1818,179754.0,10.113822223705732,1011.3822223705731
Hammersmith And Fulham,2015-06-01,2015,6,1705,179754.0,9.48518530881093,948.518530881093
Hammersmith And Fulham,2015-07-01,2015,7,1787,179754.0,9.941364309000079,994.1364309000078
Hammersmith And Fulham,2015-08-01,2015,8,1676,179754.0,9.32385371118306,932.3853711183061
Hammersmith And Fulham,2015-09-01,2015,9,1657,179754.0,9.218153698944112,921.8153698944112
Hammersmith And Fulham,2015-10-01,2015,10,1904,179754.0,10.592253858050446,1059.2253858050447
Hammersmith And Fulham,2015-11-01,2015,11,1903,179754.0,10.586690699511554,1058.6690699511555
Hammersmith And Fulham,2015-12-01,2015,12,1826,179754.0,10.158327492016868,1015.8327492016867
Hammersmith And Fulham,2016-01-01,2016,1,1706,179998.0,9.477883087589863,947.7883087589862
Hammersmith And Fulham,2016-02-01,2016,2,1693,179998.0,9.405660062889588,940.5660062889588
Hammersmith And Fulham,2016-03-01,2016,3,1763,179998.0,9.794553272814142,979.4553272814142
Hammersmith And Fulham,2016-04-01,2016,4,1767,179998.0,9.81677574195269,981.6775741952688
Hammersmith And Fulham,2016-05-01,2016,5,2012,179998.0,11.17790197668863,1117.7901976688631
Hammersmith And Fulham,2016-06-01,2016,6,1848,179998.0,10.266780742008244,1026.6780742008245
Hammersmith And Fulham,2016-07-01,2016,7,1783,179998.0,9.905665618506871,990.5665618506872
Hammersmith And Fulham,2016-08-01,2016,8,1887,179998.0,10.483449816109069,1048.3449816109069
Hammersmith And Fulham,2016-09-01,2016,9,1769,179998.0,9.827886976521961,982.7886976521961
Hammersmith And Fulham,2016-10-01,2016,10,1811,179998.0,10.061222902476695,1006.1222902476694
Hammersmith And Fulham,2016-11-01,2016,11,1670,179998.0,9.277880865342947,927.7880865342948
Hammersmith And Fulham,2016-12-01,2016,12,1759,179998.0,9.772330803675597,977.2330803675596
Hammersmith And Fulham,2017-01-01,2017,1,1686,181889.0,9.26938957276141,926.938957276141
Hammersmith And Fulham,2017-02-01,2017,2,1586,181889.0,8.719603714353259,871.9603714353259
Hammersmith And Fulham,2017-03-01,2017,3,1924,181889.0,10.577879915772806,1057.7879915772805
Hammersmith And Fulham,2017-04-01,2017,4,1740,181889.0,9.56627393630181,956.6273936301811
Hammersmith And Fulham,2017-05-01,2017,5,1923,181889.0,10.572382057188726,1057.2382057188725
Hammersmith And Fulham,2017-06-01,2017,6,1879,181889.0,10.330476279489138,1033.047627948914
Hammersmith And Fulham,2017-07-01,2017,7,1984,181889.0,10.907751430817697,1090.7751430817696
Hammersmith And Fulham,2017-08-01,2017,8,1984,181889.0,10.907751430817697,1090.7751430817698
Hammersmith And Fulham,2017-09-01,2017,9,1768,181889.0,9.720213976656092,972.0213976656092
Hammersmith And Fulham,2017-10-01,2017,10,1985,181889.0,10.913249289401778,1091.3249289401779
Hammersmith And Fulham,2017-11-01,2017,11,2212,181889.0,12.161263187988279,1216.126318798828
Hammersmith And Fulham,2017-12-01,2017,12,1995,181889.0,10.968227875242594,1096.8227875242592
Hammersmith And Fulham,2018-01-01,2018,1,1847,184050.0,10.035316490084217,1003.5316490084216
Hammersmith And Fulham,2018-02-01,2018,2,1789,184050.0,9.72018473240967,972.0184732409672
Hammersmith And Fulham,2018-03-01,2018,3,1815,184050.0,9.861450692746537,986.1450692746537
Hammersmith And Fulham,2018-04-01,2018,4,1803,184050.0,9.796251018744906,979.6251018744906
Hammersmith And Fulham,2018-05-01,2018,5,2040,184050.0,11.083944580277098,1108.3944580277098
Hammersmith And Fulham,2018-06-01,2018,6,1895,184050.0,10.296115186090736,1029.6115186090738
Hammersmith And Fulham,2018-07-01,2018,7,2041,184050.0,11.089377886443902,1108.9377886443901
Hammersmith And Fulham,2018-08-01,2018,8,1791,184050.0,9.731051344743276,973.1051344743275
Hammersmith And Fulham,2018-09-01,2018,9,1938,184050.0,10.529747351263243,1052.9747351263243
Hammersmith And Fulham,2018-10-01,2018,10,1936,184050.0,10.518880738929639,1051.8880738929638
Hammersmith And Fulham,2018-11-01,2018,11,1912,184050.0,10.38848139092638,1038.848139092638
Hammersmith And Fulham,2018-12-01,2018,12,1875,184050.0,10.187449062754686,1018.7449062754686
Hammersmith And Fulham,2019-01-01,2019,1,1836,186075.0,9.866989117291414,986.6989117291414
Hammersmith And Fulham,2019-02-01,2019,2,1811,186075.0,9.732634690313045,973.2634690313046
Hammersmith And Fulham,2019-03-01,2019,3,2000,186075.0,10.748354158269514,1074.8354158269515
Hammersmith And Fulham,2019-04-01,2019,4,2013,186075.0,10.818218460298267,1081.8218460298267
Hammersmith And Fulham,2019-05-01,2019,5,2017,186075.0,10.839715168614806,1083.9715168614807
Hammersmith And Fulham,2019-06-01,2019,6,1993,186075.0,10.710734918715572,1071.073491871557
Hammersmith And Fulham,2019-07-01,2019,7,2246,186075.0,12.070401719736665,1207.0401719736665
Hammersmith And Fulham,2019-08-01,2019,8,2090,186075.0,11.232030095391643,1123.2030095391642
Hammersmith And Fulham,2019-09-01,2019,9,1978,186075.0,10.63012226252855,1063.012226252855
Hammersmith And Fulham,2019-10-01,2019,10,2107,186075.0,11.323391105736935,1132.3391105736935
Hammersmith And Fulham,2019-11-01,2019,11,2033,186075.0,10.925702001880962,1092.5702001880964
Hammersmith And Fulham,2019-12-01,2019,12,1971,186075.0,10.592503022974606,1059.2503022974606
Hammersmith And Fulham,2020-01-01,2020,1,1884,190721.0,9.8783039098998,987.8303909899802
Hammersmith And Fulham,2020-02-01,2020,2,1822,190721.0,9.55322172178208,955.3221721782079
Hammersmith And Fulham,2020-03-01,2020,3,1403,190721.0,7.356295321438122,735.6295321438122
Hammersmith And Fulham,2020-04-01,2020,4,1298,190721.0,6.805752906077464,680.5752906077464
Hammersmith And Fulham,2020-05-01,2020,5,1417,190721.0,7.429700976819543,742.9700976819543
Hammersmith And Fulham,2020-06-01,2020,6,1409,190721.0,7.387754888030159,738.775488803016
Hammersmith And Fulham,2020-07-01,2020,7,1750,190721.0,9.175706922677628,917.5706922677629
Hammersmith And Fulham,2020-08-01,2020,8,1771,190721.0,9.28581540574976,928.581540574976
Hammersmith And Fulham,2020-09-01,2020,9,1809,190721.0,9.485059327499332,948.5059327499331
Hammersmith And Fulham,2020-10-01,2020,10,1924,190721.0,10.08803435384672,1008.8034353846718
Hammersmith And Fulham,2020-11-01,2020,11,1532,190721.0,8.03267600316693,803.267600316693
Hammersmith And Fulham,2020-12-01,2020,12,1468,190721.0,7.697107292851863,769.7107292851862
Hammersmith And Fulham,2021-01-01,2021,1,1325,195981.0,6.760859471071175,676.0859471071175
Hammersmith And Fulham,2021-02-01,2021,2,1367,195981.0,6.975165959965507,697.5165959965507
Hammersmith And Fulham,2021-03-01,2021,3,1663,195981.0,8.485516453125559,848.5516453125558
Hammersmith And Fulham,2021-04-01,2021,4,1560,195981.0,7.959955301789459,795.995530178946
Hammersmith And Fulham,2021-05-01,2021,5,1804,195981.0,9.204973951556529,920.4973951556528
Hammersmith And Fulham,2021-06-01,2021,6,1914,195981.0,9.766252851041683,976.6252851041683
Hammersmith And Fulham,2021-07-01,2021,7,1841,195981.0,9.393767763201534,939.3767763201535
Hammersmith And Fulham,2021-08-01,2021,8,1670,195981.0,8.521234201274613,852.1234201274613
Hammersmith And Fulham,2021-09-01,2021,9,1895,195981.0,9.669304677494246,966.9304677494247
Hammersmith And Fulham,2021-10-01,2021,10,1894,195981.0,9.664202142044381,966.4202142044381
Hammersmith And Fulham,2021-11-01,2021,11,1824,195981.0,9.307024660553829,930.702466055383
Hammersmith And Fulham,2021-12-01,2021,12,1599,195981.0,8.158954184334196,815.8954184334195
Hammersmith And Fulham,2022-01-01,2022,1,1567,201406.0,7.7803044596486695,778.030445964867
Hammersmith And Fulham,2022-02-01,2022,2,1547,201406.0,7.6810025520590255,768.1002552059025
Hammersmith And Fulham,2022-03-01,2022,3,1707,201406.0,8.475417812776183,847.5417812776183
Hammersmith And Fulham,2022-04-01,2022,4,1763,201406.0,8.75346315402719,875.3463154027189
Hammersmith And Fulham,2022-05-01,2022,5,1716,201406.0,8.520103671191524,852.0103671191524
Hammersmith And Fulham,2022-06-01,2022,6,1751,201406.0,8.693882009473402,869.3882009473402
Hammersmith And Fulham,2022-07-01,2022,7,1834,201406.0,9.105984925970429,910.5984925970428
Hammersmith And Fulham,2022-08-01,2022,8,1904,201406.0,9.453541602534184,945.3541602534185
Hammersmith And Fulham,2022-09-01,2022,9,1740,201406.0,8.639265960299097,863.9265960299098
Hammersmith And Fulham,2022-10-01,2022,10,1821,201406.0,9.041438686037159,904.1438686037159
Hammersmith And Fulham,2022-11-01,2022,11,1667,201406.0,8.276813997596893,827.6813997596894
Hammersmith And Fulham,2022-12-01,2022,12,1545,201406.0,7.671072361300061,767.1072361300061
Hammersmith And Fulham,2023-01-01,2023,1,1669,206689.0,8.074933837794948,807.4933837794948
Hammersmith And Fulham,2023-02-01,2023,2,1648,206689.0,7.97333191413186,797.3331914131859
Hammersmith And Fulham,2023-03-01,2023,3,1869,206689.0,9.042571206014834,904.2571206014834
Haringey,2010-04-01,2010,4,2312,252742.0,9.147668373281846,914.7668373281845
Haringey,2010-05-01,2010,5,2328,252742.0,9.210974036764764,921.0974036764763
Haringey,2010-06-01,2010,6,2409,252742.0,9.531458958147043,953.1458958147043
Haringey,2010-07-01,2010,7,2457,252742.0,9.721375948595801,972.1375948595801
Haringey,2010-08-01,2010,8,2105,252742.0,8.328651351971576,832.8651351971575
Haringey,2010-09-01,2010,9,2175,252742.0,8.605613629709348,860.5613629709349
Haringey,2010-10-01,2010,10,2374,252742.0,9.392977819278157,939.2977819278158
Haringey,2010-11-01,2010,11,2321,252742.0,9.183277808990987,918.3277808990988
Haringey,2010-12-01,2010,12,2070,252742.0,8.19017021310269,819.017021310269
Haringey,2011-01-01,2011,1,2295,256438.0,8.949531660674316,894.9531660674315
Haringey,2011-02-01,2011,2,2161,256438.0,8.426988199876773,842.6988199876773
Haringey,2011-03-01,2011,3,2227,256438.0,8.684360352209891,868.4360352209891
Haringey,2011-04-01,2011,4,2187,256438.0,8.528377229583759,852.8377229583758
Haringey,2011-05-01,2011,5,2386,256438.0,9.304393264648764,930.4393264648764
Haringey,2011-06-01,2011,6,2579,256438.0,10.057011831319851,1005.7011831319851
Haringey,2011-07-01,2011,7,2386,256438.0,9.304393264648764,930.4393264648766
Haringey,2011-08-01,2011,8,2517,256438.0,9.815237991249347,981.5237991249346
Haringey,2011-09-01,2011,9,2191,256438.0,8.543975541846372,854.3975541846372
Haringey,2011-10-01,2011,10,2342,256438.0,9.13281182976002,913.281182976002
Haringey,2011-11-01,2011,11,2512,256438.0,9.79574010092108,979.574010092108
Haringey,2011-12-01,2011,12,2431,256438.0,9.479874277603162,947.9874277603163
Haringey,2012-01-01,2012,1,2428,259810.0,9.34529078942304,934.5290789423041
Haringey,2012-02-01,2012,2,2185,259810.0,8.40999191717024,840.9991917170239
Haringey,2012-03-01,2012,3,2697,259810.0,10.380662792040336,1038.0662792040337
Haringey,2012-04-01,2012,4,2222,259810.0,8.552403679612024,855.2403679612024
Haringey,2012-05-01,2012,5,2520,259810.0,9.699395712251262,969.939571225126
Haringey,2012-06-01,2012,6,2376,259810.0,9.145144528694045,914.5144528694045
Haringey,2012-07-01,2012,7,2380,259810.0,9.160540394903968,916.0540394903968
Haringey,2012-08-01,2012,8,2246,259810.0,8.644778876871559,864.477887687156
Haringey,2012-09-01,2012,9,2102,259810.0,8.090527693314344,809.0527693314345
Haringey,2012-10-01,2012,10,2250,259810.0,8.660174743081482,866.0174743081483
Haringey,2012-11-01,2012,11,2298,259810.0,8.844925137600555,884.4925137600554
Haringey,2012-12-01,2012,12,1982,259810.0,7.628651707016666,762.8651707016667
Haringey,2013-01-01,2013,1,2079,264284.0,7.866537512675758,786.6537512675758
Haringey,2013-02-01,2013,2,1731,264284.0,6.54977221473869,654.977221473869
Haringey,2013-03-01,2013,3,1897,264284.0,7.177884397087981,717.7884397087981
Haringey,2013-04-01,2013,4,1868,264284.0,7.068153955593226,706.8153955593225
Haringey,2013-05-01,2013,5,1857,264284.0,7.026532063991766,702.6532063991766
Haringey,2013-06-01,2013,6,2150,264284.0,8.135187903921539,813.5187903921538
Haringey,2013-07-01,2013,7,2121,264284.0,8.025457462426784,802.5457462426783
Haringey,2013-08-01,2013,8,1907,264284.0,7.215722480362035,721.5722480362035
Haringey,2013-09-01,2013,9,1795,264284.0,6.791935947692633,679.1935947692634
Haringey,2013-10-01,2013,10,2123,264284.0,8.033025079081593,803.3025079081594
Haringey,2013-11-01,2013,11,2166,264284.0,8.195728837160026,819.5728837160025
Haringey,2013-12-01,2013,12,2154,264284.0,8.15032313723116,815.032313723116
Haringey,2014-01-01,2014,1,2117,268439.0,7.886335443061552,788.6335443061553
Haringey,2014-02-01,2014,2,2015,268439.0,7.506360849205965,750.6360849205965
Haringey,2014-03-01,2014,3,2292,268439.0,8.538252638402021,853.8252638402021
Haringey,2014-04-01,2014,4,1946,268439.0,7.249319212186009,724.9319212186009
Haringey,2014-05-01,2014,5,2213,268439.0,8.243958590219751,824.3958590219752
Haringey,2014-06-01,2014,6,2192,268439.0,8.165728526778896,816.5728526778896
Haringey,2014-07-01,2014,7,2133,268439.0,7.9459393009212524,794.5939300921252
Haringey,2014-08-01,2014,8,2180,268439.0,8.121025633384122,812.1025633384121
Haringey,2014-09-01,2014,9,2248,268439.0,8.374342029287845,837.4342029287845
Haringey,2014-10-01,2014,10,2329,268439.0,8.676086559702576,867.6086559702577
Haringey,2014-11-01,2014,11,2296,268439.0,8.553153602866946,855.3153602866946
Haringey,2014-12-01,2014,12,2069,268439.0,7.707523869482452,770.7523869482452
Haringey,2015-01-01,2015,1,2142,273762.0,7.824314550595043,782.4314550595043
Haringey,2015-02-01,2015,2,2111,273762.0,7.711077505278308,771.1077505278307
Haringey,2015-03-01,2015,3,2421,273762.0,8.843447958445656,884.3447958445657
Haringey,2015-04-01,2015,4,2271,273762.0,8.295526771429198,829.5526771429197
Haringey,2015-05-01,2015,5,2200,273762.0,8.03617740957474,803.617740957474
Haringey,2015-06-01,2015,6,2257,273762.0,8.244387460640995,824.4387460640995
Haringey,2015-07-01,2015,7,2471,273762.0,9.02608835411781,902.608835411781
Haringey,2015-08-01,2015,8,2301,273762.0,8.40511100883249,840.5111008832489
Haringey,2015-09-01,2015,9,2241,273762.0,8.185942534025905,818.5942534025905
Haringey,2015-10-01,2015,10,2395,273762.0,8.748474952696139,874.8474952696138
Haringey,2015-11-01,2015,11,2533,273762.0,9.25256244475128,925.256244475128
Haringey,2015-12-01,2015,12,2397,273762.0,8.755780568523024,875.5780568523023
Haringey,2016-01-01,2016,1,2249,279349.0,8.050861109221797,805.0861109221798
Haringey,2016-02-01,2016,2,2379,279349.0,8.516228803396467,851.6228803396468
Haringey,2016-03-01,2016,3,2515,279349.0,9.003075006533047,900.3075006533047
Haringey,2016-04-01,2016,4,2406,279349.0,8.612882093725053,861.2882093725053
Haringey,2016-05-01,2016,5,2639,279349.0,9.44696419174581,944.6964191745808
Haringey,2016-06-01,2016,6,2501,279349.0,8.952958485621927,895.2958485621929
Haringey,2016-07-01,2016,7,2707,279349.0,9.690387293314098,969.0387293314097
Haringey,2016-08-01,2016,8,2475,279349.0,8.859884946786995,885.9884946786995
Haringey,2016-09-01,2016,9,2655,279349.0,9.50424021564423,950.424021564423
Haringey,2016-10-01,2016,10,2477,279349.0,8.867044449774298,886.7044449774297
Haringey,2016-11-01,2016,11,2593,279349.0,9.282295623037848,928.2295623037849
Haringey,2016-12-01,2016,12,2681,279349.0,9.597313754479163,959.7313754479164
Haringey,2017-01-01,2017,1,2422,282397.0,8.576578363084593,857.6578363084593
Haringey,2017-02-01,2017,2,2406,282397.0,8.519920537399477,851.9920537399477
Haringey,2017-03-01,2017,3,2590,282397.0,9.171485532778323,917.1485532778323
Haringey,2017-04-01,2017,4,2573,282397.0,9.111286592987886,911.1286592987886
Haringey,2017-05-01,2017,5,2723,282397.0,9.642453708785858,964.2453708785858
Haringey,2017-06-01,2017,6,2660,282397.0,9.41936352015071,941.936352015071
Haringey,2017-07-01,2017,7,3046,282397.0,10.786233564804158,1078.6233564804159
Haringey,2017-08-01,2017,8,2778,282397.0,9.837214984578448,983.7214984578447
Haringey,2017-09-01,2017,9,2689,282397.0,9.522055829204984,952.2055829204984
Haringey,2017-10-01,2017,10,2806,282397.0,9.936366179527404,993.6366179527404
Haringey,2017-11-01,2017,11,3000,282397.0,10.623342315959448,1062.3342315959446
Haringey,2017-12-01,2017,12,2527,282397.0,8.948395344143174,894.8395344143174
Haringey,2018-01-01,2018,1,2755,284288.0,9.6908768572715,969.08768572715
Haringey,2018-02-01,2018,2,2459,284288.0,8.649679198559207,864.9679198559207
Haringey,2018-03-01,2018,3,2586,284288.0,9.096409275101305,909.6409275101306
Haringey,2018-04-01,2018,4,2924,284288.0,10.285344439441694,1028.5344439441692
Haringey,2018-05-01,2018,5,2927,284288.0,10.295897118415128,1029.5897118415128
Haringey,2018-06-01,2018,6,3075,284288.0,10.816495947771275,1081.6495947771275
Haringey,2018-07-01,2018,7,3030,284288.0,10.658205763169743,1065.8205763169744
Haringey,2018-08-01,2018,8,2722,284288.0,9.57479738856371,957.479738856371
Haringey,2018-09-01,2018,9,2679,284288.0,9.423542323277802,942.3542323277802
Haringey,2018-10-01,2018,10,2800,284288.0,9.84916704187303,984.916704187303
Haringey,2018-11-01,2018,11,3042,284288.0,10.700416479063485,1070.0416479063485
Haringey,2018-12-01,2018,12,2794,284288.0,9.82806168392616,982.806168392616
Haringey,2019-01-01,2019,1,2867,285949.0,10.026263424596694,1002.6263424596693
Haringey,2019-02-01,2019,2,2718,285949.0,9.505191485194912,950.5191485194913
Haringey,2019-03-01,2019,3,3100,285949.0,10.841094041245118,1084.1094041245117
Haringey,2019-04-01,2019,4,2813,285949.0,9.837418560652424,983.7418560652424
Haringey,2019-05-01,2019,5,3022,285949.0,10.56831812665895,1056.831812665895
Haringey,2019-06-01,2019,6,2951,285949.0,10.320022101843335,1032.0022101843335
Haringey,2019-07-01,2019,7,3123,285949.0,10.921527964776935,1092.1527964776935
Haringey,2019-08-01,2019,8,2622,285949.0,9.169467282627322,916.9467282627322
Haringey,2019-09-01,2019,9,2797,285949.0,9.78146452689116,978.1464526891159
Haringey,2019-10-01,2019,10,3012,285949.0,10.53334685555816,1053.334685555816
Haringey,2019-11-01,2019,11,2838,285949.0,9.924846738404401,992.4846738404401
Haringey,2019-12-01,2019,12,2639,285949.0,9.228918443498666,922.8918443498666
Haringey,2020-01-01,2020,1,2603,288913.0,9.00963265758204,900.963265758204
Haringey,2020-02-01,2020,2,2542,288913.0,8.798496433182308,879.8496433182307
Haringey,2020-03-01,2020,3,2044,288913.0,7.07479414218121,707.4794142181211
Haringey,2020-04-01,2020,4,2131,288913.0,7.375922855669353,737.5922855669354
Haringey,2020-05-01,2020,5,2141,288913.0,7.410535351472589,741.0535351472588
Haringey,2020-06-01,2020,6,2389,288913.0,8.268925247392813,826.8925247392814
Haringey,2020-07-01,2020,7,2738,288913.0,9.476901350925711,947.6901350925712
Haringey,2020-08-01,2020,8,2638,288913.0,9.130776392893363,913.0776392893363
Haringey,2020-09-01,2020,9,2844,288913.0,9.84379380644,984.3793806440001
Haringey,2020-10-01,2020,10,2602,288913.0,9.006171408001716,900.6171408001717
Haringey,2020-11-01,2020,11,2559,288913.0,8.857337676047807,885.7337676047807
Haringey,2020-12-01,2020,12,2612,288913.0,9.040783903804952,904.0783903804952
Haringey,2021-01-01,2021,1,2132,291330.0,7.318161535029005,731.8161535029005
Haringey,2021-02-01,2021,2,2057,291330.0,7.060721518552844,706.0721518552843
Haringey,2021-03-01,2021,3,2468,291330.0,8.471492808842207,847.1492808842206
Haringey,2021-04-01,2021,4,2332,291330.0,8.004668245632102,800.4668245632101
Haringey,2021-05-01,2021,5,2617,291330.0,8.982940308241513,898.2940308241513
Haringey,2021-06-01,2021,6,2797,291330.0,9.6007963477843,960.07963477843
Haringey,2021-07-01,2021,7,2785,291330.0,9.559605945148114,955.9605945148114
Haringey,2021-08-01,2021,8,2710,291330.0,9.302165928671952,930.2165928671952
Haringey,2021-09-01,2021,9,2723,291330.0,9.346788864861153,934.6788864861154
Haringey,2021-10-01,2021,10,2635,291330.0,9.04472591219579,904.4725912195792
Haringey,2021-11-01,2021,11,2580,291330.0,8.85593656677994,885.593656677994
Haringey,2021-12-01,2021,12,2664,291330.0,9.14426938523324,914.426938523324
Haringey,2022-01-01,2022,1,2511,293503.0,8.55527882168155,855.527882168155
Haringey,2022-02-01,2022,2,2314,293503.0,7.884076142322225,788.4076142322225
Haringey,2022-03-01,2022,3,2468,293503.0,8.408772653090429,840.8772653090429
Haringey,2022-04-01,2022,4,2338,293503.0,7.96584702711727,796.584702711727
Haringey,2022-05-01,2022,5,2651,293503.0,9.032275649652645,903.2275649652644
Haringey,2022-06-01,2022,6,2497,293503.0,8.507579138884442,850.7579138884441
Haringey,2022-07-01,2022,7,2628,293503.0,8.953911885057394,895.3911885057394
Haringey,2022-08-01,2022,8,2450,293503.0,8.347444489494144,834.7444489494144
Haringey,2022-09-01,2022,9,2543,293503.0,8.664306668074943,866.4306668074943
Haringey,2022-10-01,2022,10,2540,293503.0,8.654085307475562,865.4085307475563
Haringey,2022-11-01,2022,11,2572,293503.0,8.763113153868956,876.3113153868956
Haringey,2022-12-01,2022,12,2354,293503.0,8.020360950313966,802.0360950313966
Haringey,2023-01-01,2023,1,2705,295263.0,9.161323972187507,916.1323972187507
Haringey,2023-02-01,2023,2,2446,295263.0,8.284139902392104,828.4139902392104
Haringey,2023-03-01,2023,3,2811,295263.0,9.520325946698367,952.0325946698367
Harrow,2010-04-01,2010,4,1492,237451.0,6.2834016281253815,628.3401628125382
Harrow,2010-05-01,2010,5,1462,237451.0,6.157059772331976,615.7059772331976
Harrow,2010-06-01,2010,6,1580,237451.0,6.654004405119372,665.4004405119372
Harrow,2010-07-01,2010,7,1521,237451.0,6.405532088725674,640.5532088725674
Harrow,2010-08-01,2010,8,1342,237451.0,5.651692349158353,565.1692349158353
Harrow,2010-09-01,2010,9,1471,237451.0,6.194962329069998,619.4962329069998
Harrow,2010-10-01,2010,10,1394,237451.0,5.870684899200256,587.0684899200256
Harrow,2010-11-01,2010,11,1487,237451.0,6.262344652159815,626.2344652159813
Harrow,2010-12-01,2010,12,1168,237451.0,4.918909585556599,491.89095855565995
Harrow,2011-01-01,2011,1,1390,241063.0,5.766127526829086,576.6127526829086
Harrow,2011-02-01,2011,2,1288,241063.0,5.343001621982635,534.3001621982636
Harrow,2011-03-01,2011,3,1348,241063.0,5.591899213068783,559.1899213068783
Harrow,2011-04-01,2011,4,1323,241063.0,5.488191883449555,548.8191883449555
Harrow,2011-05-01,2011,5,1574,241063.0,6.529413472826605,652.9413472826606
Harrow,2011-06-01,2011,6,1322,241063.0,5.484043590264785,548.4043590264786
Harrow,2011-07-01,2011,7,1282,241063.0,5.31811186287402,531.811186287402
Harrow,2011-08-01,2011,8,1298,241063.0,5.384484553830327,538.4484553830326
Harrow,2011-09-01,2011,9,1190,241063.0,4.936468889875261,493.6468889875261
Harrow,2011-10-01,2011,10,1352,241063.0,5.6084923858078595,560.8492385807859
Harrow,2011-11-01,2011,11,1439,241063.0,5.969393892882773,596.9393892882773
Harrow,2011-12-01,2011,12,1438,241063.0,5.9652455996980045,596.5245599698004
Harrow,2012-01-01,2012,1,1465,242941.0,6.030270724167596,603.0270724167597
Harrow,2012-02-01,2012,2,1316,242941.0,5.416953087375124,541.6953087375124
Harrow,2012-03-01,2012,3,1527,242941.0,6.285476720685269,628.5476720685269
Harrow,2012-04-01,2012,4,1262,242941.0,5.194676896859732,519.4676896859731
Harrow,2012-05-01,2012,5,1369,242941.0,5.635113052140231,563.5113052140232
Harrow,2012-06-01,2012,6,1392,242941.0,5.729786244396788,572.9786244396788
Harrow,2012-07-01,2012,7,1348,242941.0,5.548672311384245,554.8672311384246
Harrow,2012-08-01,2012,8,1226,242941.0,5.04649276984947,504.64927698494694
Harrow,2012-09-01,2012,9,1188,242941.0,4.890076191338638,489.0076191338638
Harrow,2012-10-01,2012,10,1320,242941.0,5.433417990376264,543.3417990376264
Harrow,2012-11-01,2012,11,1355,242941.0,5.5774858916362415,557.748589163624
Harrow,2012-12-01,2012,12,1252,242941.0,5.153514639356881,515.3514639356881
Harrow,2013-01-01,2013,1,1383,243937.0,5.669496632327199,566.9496632327199
Harrow,2013-02-01,2013,2,1235,243937.0,5.062782603705055,506.2782603705055
Harrow,2013-03-01,2013,3,1328,243937.0,5.444028581150051,544.4028581150051
Harrow,2013-04-01,2013,4,1101,243937.0,4.513460442655275,451.3460442655276
Harrow,2013-05-01,2013,5,1199,243937.0,4.9152035156618314,491.5203515661831
Harrow,2013-06-01,2013,6,1124,243937.0,4.607747082238447,460.7747082238447
Harrow,2013-07-01,2013,7,1099,243937.0,4.505261604430652,450.52616044306524
Harrow,2013-08-01,2013,8,1096,243937.0,4.492963347093717,449.2963347093717
Harrow,2013-09-01,2013,9,1064,243937.0,4.36178193549974,436.17819354997397
Harrow,2013-10-01,2013,10,1171,243937.0,4.8004197805171005,480.0419780517101
Harrow,2013-11-01,2013,11,1256,243937.0,5.148870405063603,514.8870405063602
Harrow,2013-12-01,2013,12,1193,243937.0,4.89060700098796,489.060700098796
Harrow,2014-01-01,2014,1,1262,246575.0,5.118118219608639,511.8118219608638
Harrow,2014-02-01,2014,2,1178,246575.0,4.777451079793167,477.74510797931663
Harrow,2014-03-01,2014,3,1266,246575.0,5.134340464361756,513.4340464361757
Harrow,2014-04-01,2014,4,1065,246575.0,4.319172665517591,431.9172665517591
Harrow,2014-05-01,2014,5,1085,246575.0,4.4002838892831795,440.02838892831795
Harrow,2014-06-01,2014,6,1013,246575.0,4.108283483727061,410.8283483727061
Harrow,2014-07-01,2014,7,1163,246575.0,4.716617661968975,471.6617661968975
Harrow,2014-08-01,2014,8,1089,246575.0,4.416506134036298,441.65061340362973
Harrow,2014-09-01,2014,9,1114,246575.0,4.517895163743283,451.7895163743283
Harrow,2014-10-01,2014,10,1319,246575.0,5.349285207340566,534.9285207340566
Harrow,2014-11-01,2014,11,1270,246575.0,5.150562709114874,515.0562709114874
Harrow,2014-12-01,2014,12,1127,246575.0,4.570617459190916,457.06174591909155
Harrow,2015-01-01,2015,1,1150,247694.0,4.642825421689665,464.28254216896653
Harrow,2015-02-01,2015,2,1153,247694.0,4.65493714018103,465.493714018103
Harrow,2015-03-01,2015,3,1153,247694.0,4.65493714018103,465.493714018103
Harrow,2015-04-01,2015,4,1073,247694.0,4.331957980411314,433.1957980411314
Harrow,2015-05-01,2015,5,1238,247694.0,4.998102497436353,499.81024974363527
Harrow,2015-06-01,2015,6,1143,247694.0,4.614564745209815,461.45647452098154
Harrow,2015-07-01,2015,7,1066,247694.0,4.303697303931464,430.36973039314637
Harrow,2015-08-01,2015,8,1120,247694.0,4.521708236776022,452.17082367760224
Harrow,2015-09-01,2015,9,1244,247694.0,5.022325934419081,502.2325934419082
Harrow,2015-10-01,2015,10,1379,247694.0,5.5673532665304775,556.7353266530477
Harrow,2015-11-01,2015,11,1453,247694.0,5.866108989317464,586.6108989317464
Harrow,2015-12-01,2015,12,1349,247694.0,5.446236081616834,544.6236081616834
Harrow,2016-01-01,2016,1,1322,249316.0,5.302507660960387,530.2507660960388
Harrow,2016-02-01,2016,2,1188,249316.0,4.765037141619471,476.5037141619471
Harrow,2016-03-01,2016,3,1346,249316.0,5.3987710375587605,539.8771037558761
Harrow,2016-04-01,2016,4,1205,249316.0,4.833223700043319,483.32237000433184
Harrow,2016-05-01,2016,5,1257,249316.0,5.041794349339794,504.17943493397934
Harrow,2016-06-01,2016,6,1303,249316.0,5.226299154486676,522.6299154486676
Harrow,2016-07-01,2016,7,1363,249316.0,5.466957595982608,546.6957595982608
Harrow,2016-08-01,2016,8,1175,249316.0,4.712894479295352,471.2894479295352
Harrow,2016-09-01,2016,9,1256,249316.0,5.037783375314861,503.77833753148616
Harrow,2016-10-01,2016,10,1295,249316.0,5.194211362287218,519.4211362287218
Harrow,2016-11-01,2016,11,1339,249316.0,5.3706942193842355,537.0694219384235
Harrow,2016-12-01,2016,12,1387,249316.0,5.563220972580981,556.3220972580982
Harrow,2017-01-01,2017,1,1268,252052.0,5.030707949153349,503.07079491533494
Harrow,2017-02-01,2017,2,1236,252052.0,4.903750019837176,490.37500198371765
Harrow,2017-03-01,2017,3,1406,252052.0,5.578214019329344,557.8214019329345
Harrow,2017-04-01,2017,4,1312,252052.0,5.205275101963087,520.5275101963086
Harrow,2017-05-01,2017,5,1316,252052.0,5.221144843127608,522.1144843127609
Harrow,2017-06-01,2017,6,1299,252052.0,5.153698443178392,515.3698443178391
Harrow,2017-07-01,2017,7,1376,252052.0,5.459190960595433,545.9190960595432
Harrow,2017-08-01,2017,8,1277,252052.0,5.066414866773523,506.6414866773523
Harrow,2017-09-01,2017,9,1314,252052.0,5.213209972545348,521.3209972545347
Harrow,2017-10-01,2017,10,1433,252052.0,5.685334772189866,568.5334772189866
Harrow,2017-11-01,2017,11,1418,252052.0,5.62582324282291,562.582324282291
Harrow,2017-12-01,2017,12,1165,252052.0,4.622062114166917,462.20621141669176
Harrow,2018-01-01,2018,1,1440,255369.0,5.6388990049692795,563.889900496928
Harrow,2018-02-01,2018,2,1239,255369.0,4.851802685525651,485.1802685525651
Harrow,2018-03-01,2018,3,1250,255369.0,4.894877608480278,489.48776084802773
Harrow,2018-04-01,2018,4,1135,255369.0,4.444548868500092,444.4548868500092
Harrow,2018-05-01,2018,5,1414,255369.0,5.53708555071289,553.708555071289
Harrow,2018-06-01,2018,6,1339,255369.0,5.2433928942040735,524.3392894204073
Harrow,2018-07-01,2018,7,1514,255369.0,5.928675759391313,592.8675759391313
Harrow,2018-08-01,2018,8,1238,255369.0,4.847886783438867,484.78867834388666
Harrow,2018-09-01,2018,9,1377,255369.0,5.392197173501874,539.2197173501874
Harrow,2018-10-01,2018,10,1570,255369.0,6.147966276251228,614.7966276251228
Harrow,2018-11-01,2018,11,1582,255369.0,6.19495710129264,619.4957101292639
Harrow,2018-12-01,2018,12,1484,255369.0,5.811198696787785,581.1198696787785
Harrow,2019-01-01,2019,1,1628,258861.0,6.2890895113593785,628.9089511359379
Harrow,2019-02-01,2019,2,1498,258861.0,5.786889488953531,578.6889488953532
Harrow,2019-03-01,2019,3,1641,258861.0,6.339309513599963,633.9309513599962
Harrow,2019-04-01,2019,4,1492,258861.0,5.763711026380953,576.3711026380954
Harrow,2019-05-01,2019,5,1556,258861.0,6.010947960488448,601.0947960488447
Harrow,2019-06-01,2019,6,1601,258861.0,6.184786429782779,618.4786429782779
Harrow,2019-07-01,2019,7,1620,258861.0,6.258184894595941,625.8184894595942
Harrow,2019-08-01,2019,8,1427,258861.0,5.51261101517803,551.261101517803
Harrow,2019-09-01,2019,9,1582,258861.0,6.111387964969617,611.1387964969617
Harrow,2019-10-01,2019,10,1710,258861.0,6.605861833184605,660.5861833184605
Harrow,2019-11-01,2019,11,1581,258861.0,6.107524887874187,610.7524887874188
Harrow,2019-12-01,2019,12,1590,258861.0,6.142292581733054,614.2292581733053
Harrow,2020-01-01,2020,1,1655,261348.0,6.332552764895848,633.2552764895847
Harrow,2020-02-01,2020,2,1584,261348.0,6.060884338123881,606.0884338123881
Harrow,2020-03-01,2020,3,1218,261348.0,4.660452729693741,466.0452729693742
Harrow,2020-04-01,2020,4,1085,261348.0,4.151552718980057,415.1552718980057
Harrow,2020-05-01,2020,5,1243,261348.0,4.756110626444434,475.61106264444345
Harrow,2020-06-01,2020,6,1112,261348.0,4.254863247470805,425.4863247470805
Harrow,2020-07-01,2020,7,1393,261348.0,5.3300580069485894,533.005800694859
Harrow,2020-08-01,2020,8,1424,261348.0,5.448673798919448,544.8673798919449
Harrow,2020-09-01,2020,9,1448,261348.0,5.540505379800113,554.0505379800113
Harrow,2020-10-01,2020,10,1553,261348.0,5.942268546153022,594.2268546153023
Harrow,2020-11-01,2020,11,1445,261348.0,5.5290264321900295,552.902643219003
Harrow,2020-12-01,2020,12,1325,261348.0,5.0698685277867055,506.9868527786706
Harrow,2021-01-01,2021,1,1144,263484.0,4.341819617130452,434.1819617130452
Harrow,2021-02-01,2021,2,1149,263484.0,4.360796101471057,436.0796101471057
Harrow,2021-03-01,2021,3,1281,263484.0,4.861775288063033,486.17752880630326
Harrow,2021-04-01,2021,4,1238,263484.0,4.698577522733828,469.85775227338286
Harrow,2021-05-01,2021,5,1263,263484.0,4.7934599444368535,479.3459944436854
Harrow,2021-06-01,2021,6,1364,263484.0,5.176784928117078,517.6784928117078
Harrow,2021-07-01,2021,7,1448,263484.0,5.495589865039243,549.5589865039243
Harrow,2021-08-01,2021,8,1272,263484.0,4.827617616249943,482.7617616249943
Harrow,2021-09-01,2021,9,1331,263484.0,5.051540131469084,505.15401314690837
Harrow,2021-10-01,2021,10,1454,263484.0,5.518361646247969,551.836164624797
Harrow,2021-11-01,2021,11,1460,263484.0,5.541133427456696,554.1133427456696
Harrow,2021-12-01,2021,12,1367,263484.0,5.18817081872144,518.8170818721441
Harrow,2022-01-01,2022,1,1338,265449.0,5.040516257360171,504.0516257360171
Harrow,2022-02-01,2022,2,1217,265449.0,4.584684817045836,458.46848170458355
Harrow,2022-03-01,2022,3,1340,265449.0,5.048050661332308,504.80506613323087
Harrow,2022-04-01,2022,4,1255,265449.0,4.727838492516454,472.78384925164534
Harrow,2022-05-01,2022,5,1344,265449.0,5.063119469276584,506.3119469276584
Harrow,2022-06-01,2022,6,1375,265449.0,5.17990273084472,517.9902730844719
Harrow,2022-07-01,2022,7,1363,265449.0,5.134696307011893,513.4696307011893
Harrow,2022-08-01,2022,8,1345,265449.0,5.066886671262653,506.68866712626533
Harrow,2022-09-01,2022,9,1310,265449.0,4.9350346017502424,493.5034601750242
Harrow,2022-10-01,2022,10,1566,265449.0,5.899438310183877,589.9438310183878
Harrow,2022-11-01,2022,11,1477,265449.0,5.564157333423746,556.4157333423746
Harrow,2022-12-01,2022,12,1193,265449.0,4.494271969380183,449.42719693801826
Harrow,2023-01-01,2023,1,1353,267120.0,5.065139263252471,506.5139263252471
Harrow,2023-02-01,2023,2,1362,267120.0,5.098831985624439,509.88319856244385
Harrow,2023-03-01,2023,3,1398,267120.0,5.233602875112309,523.3602875112309
Havering,2010-04-01,2010,4,1491,236234.0,6.311538559225175,631.1538559225176
Havering,2010-05-01,2010,5,1530,236234.0,6.476629105039918,647.6629105039918
Havering,2010-06-01,2010,6,1636,236234.0,6.925336742382553,692.5336742382553
Havering,2010-07-01,2010,7,1543,236234.0,6.531659286978166,653.1659286978165
Havering,2010-08-01,2010,8,1476,236234.0,6.248042195450274,624.8042195450274
Havering,2010-09-01,2010,9,1565,236234.0,6.624787287181354,662.4787287181354
Havering,2010-10-01,2010,10,1739,236234.0,7.361345106970207,736.1345106970207
Havering,2010-11-01,2010,11,1682,236234.0,7.1200589246255825,712.0058924625583
Havering,2010-12-01,2010,12,1441,236234.0,6.099884013308838,609.9884013308838
Havering,2011-01-01,2011,1,1768,238281.0,7.4198110634083285,741.9811063408329
Havering,2011-02-01,2011,2,1593,238281.0,6.685384063353771,668.5384063353772
Havering,2011-03-01,2011,3,1799,238281.0,7.549909560560851,754.9909560560851
Havering,2011-04-01,2011,4,1530,238281.0,6.420990343334131,642.0990343334131
Havering,2011-05-01,2011,5,1758,238281.0,7.377843806262354,737.7843806262354
Havering,2011-06-01,2011,6,1630,238281.0,6.840662914793878,684.0662914793878
Havering,2011-07-01,2011,7,1698,238281.0,7.126040263386506,712.6040263386506
Havering,2011-08-01,2011,8,1659,238281.0,6.962367960517204,696.2367960517204
Havering,2011-09-01,2011,9,1513,238281.0,6.349646006185973,634.9646006185974
Havering,2011-10-01,2011,10,1594,238281.0,6.689580789068368,668.9580789068368
Havering,2011-11-01,2011,11,1664,238281.0,6.983351589090192,698.3351589090191
Havering,2011-12-01,2011,12,1596,238281.0,6.6979742404975635,669.7974240497564
Havering,2012-01-01,2012,1,1607,240087.0,6.69340697330551,669.340697330551
Havering,2012-02-01,2012,2,1687,240087.0,7.026619517091721,702.6619517091721
Havering,2012-03-01,2012,3,1857,240087.0,7.734696172637419,773.4696172637418
Havering,2012-04-01,2012,4,1537,240087.0,6.401845997492575,640.1845997492576
Havering,2012-05-01,2012,5,1645,240087.0,6.8516829316039605,685.168293160396
Havering,2012-06-01,2012,6,1495,240087.0,6.226909412004815,622.6909412004816
Havering,2012-07-01,2012,7,1515,240087.0,6.310212547951368,631.0212547951368
Havering,2012-08-01,2012,8,1474,240087.0,6.139441119260935,613.9441119260935
Havering,2012-09-01,2012,9,1446,240087.0,6.02281672893576,602.2816728935761
Havering,2012-10-01,2012,10,1577,240087.0,6.568452269385681,656.8452269385681
Havering,2012-11-01,2012,11,1692,240087.0,7.047445301078358,704.7445301078359
Havering,2012-12-01,2012,12,1713,240087.0,7.134913593822239,713.4913593822239
Havering,2013-01-01,2013,1,1618,242434.0,6.6739813722497665,667.3981372249767
Havering,2013-02-01,2013,2,1541,242434.0,6.356369156141466,635.6369156141466
Havering,2013-03-01,2013,3,1621,242434.0,6.686355874176065,668.6355874176064
Havering,2013-04-01,2013,4,1460,242434.0,6.0222576041314335,602.2257604131433
Havering,2013-05-01,2013,5,1496,242434.0,6.170751627247004,617.0751627247004
Havering,2013-06-01,2013,6,1331,242434.0,5.490154021300643,549.0154021300642
Havering,2013-07-01,2013,7,1494,242434.0,6.162501959296138,616.2501959296138
Havering,2013-08-01,2013,8,1374,242434.0,5.667521882244239,566.7521882244239
Havering,2013-09-01,2013,9,1390,242434.0,5.733519225851159,573.351922585116
Havering,2013-10-01,2013,10,1499,242434.0,6.183126129173301,618.3126129173301
Havering,2013-11-01,2013,11,1412,242434.0,5.824265573310674,582.4265573310674
Havering,2013-12-01,2013,12,1470,242434.0,6.063505943885759,606.3505943885758
Havering,2014-01-01,2014,1,1510,246328.0,6.130037998116333,613.0037998116333
Havering,2014-02-01,2014,2,1396,246328.0,5.6672404273976165,566.7240427397617
Havering,2014-03-01,2014,3,1418,246328.0,5.756552239290702,575.6552239290702
Havering,2014-04-01,2014,4,1415,246328.0,5.744373355850736,574.4373355850736
Havering,2014-05-01,2014,5,1432,246328.0,5.8133870286772105,581.338702867721
Havering,2014-06-01,2014,6,1224,246328.0,4.968984443506219,496.89844435062196
Havering,2014-07-01,2014,7,1344,246328.0,5.456139781104868,545.6139781104869
Havering,2014-08-01,2014,8,1679,246328.0,6.816115098567764,681.6115098567764
Havering,2014-09-01,2014,9,1347,246328.0,5.468318664544834,546.8318664544835
Havering,2014-10-01,2014,10,1462,246328.0,5.935175863076873,593.5175863076873
Havering,2014-11-01,2014,11,1466,246328.0,5.951414374330161,595.1414374330161
Havering,2014-12-01,2014,12,1550,246328.0,6.2924231106492154,629.2423110649215
Havering,2015-01-01,2015,1,1456,249439.0,5.837098448919376,583.7098448919376
Havering,2015-02-01,2015,2,1369,249439.0,5.488315780611693,548.8315780611692
Havering,2015-03-01,2015,3,1501,249439.0,6.0175032773543835,601.7503277354383
Havering,2015-04-01,2015,4,1326,249439.0,5.315928944551573,531.5928944551574
Havering,2015-05-01,2015,5,1393,249439.0,5.584531689110364,558.4531689110363
Havering,2015-06-01,2015,6,1566,249439.0,6.278088029538284,627.8088029538284
Havering,2015-07-01,2015,7,1604,249439.0,6.430429884661179,643.042988466118
Havering,2015-08-01,2015,8,1465,249439.0,5.873179414606376,587.3179414606377
Havering,2015-09-01,2015,9,1447,249439.0,5.801017483232373,580.1017483232374
Havering,2015-10-01,2015,10,1727,249439.0,6.923536415716869,692.3536415716869
Havering,2015-11-01,2015,11,1659,249439.0,6.650924674970634,665.0924674970634
Havering,2015-12-01,2015,12,1640,249439.0,6.574753747409186,657.4753747409186
Havering,2016-01-01,2016,1,1517,253137.0,5.9928023165321544,599.2802316532154
Havering,2016-02-01,2016,2,1573,253137.0,6.2140263967732885,621.4026396773289
Havering,2016-03-01,2016,3,1612,253137.0,6.368093166941222,636.8093166941221
Havering,2016-04-01,2016,4,1622,253137.0,6.4075974669842815,640.7597466984281
Havering,2016-05-01,2016,5,1726,253137.0,6.818442187432102,681.8442187432103
Havering,2016-06-01,2016,6,1681,253137.0,6.640672837238333,664.0672837238333
Havering,2016-07-01,2016,7,1560,253137.0,6.162670806717311,616.2670806717312
Havering,2016-08-01,2016,8,1474,253137.0,5.822933826346998,582.2933826346998
Havering,2016-09-01,2016,9,1538,253137.0,6.0757613466225795,607.576134662258
Havering,2016-10-01,2016,10,1549,253137.0,6.119216076669946,611.9216076669945
Havering,2016-11-01,2016,11,1585,253137.0,6.26143155682496,626.1431556824961
Havering,2016-12-01,2016,12,1641,253137.0,6.482655637066094,648.2655637066094
Havering,2017-01-01,2017,1,1679,256162.0,6.554446014631367,655.4446014631366
Havering,2017-02-01,2017,2,1490,256162.0,5.816631662775899,581.66316627759
Havering,2017-03-01,2017,3,1730,256162.0,6.7535387762431585,675.3538776243158
Havering,2017-04-01,2017,4,1676,256162.0,6.542734675713025,654.2734675713025
Havering,2017-05-01,2017,5,1862,256162.0,7.268837688650152,726.8837688650151
Havering,2017-06-01,2017,6,1757,256162.0,6.858940826508225,685.8940826508226
Havering,2017-07-01,2017,7,1661,256162.0,6.484177981121322,648.4177981121321
Havering,2017-08-01,2017,8,1755,256162.0,6.851133267229332,685.1133267229332
Havering,2017-09-01,2017,9,1616,256162.0,6.30850789734621,630.850789734621
Havering,2017-10-01,2017,10,1812,256162.0,7.073648706677805,707.3648706677806
Havering,2017-11-01,2017,11,1914,256162.0,7.471834229901391,747.1834229901391
Havering,2017-12-01,2017,12,1839,256162.0,7.179050756942872,717.9050756942872
Havering,2018-01-01,2018,1,1729,257511.0,6.714276283343236,671.4276283343236
Havering,2018-02-01,2018,2,1525,257511.0,5.922077115152362,592.2077115152363
Havering,2018-03-01,2018,3,1706,257511.0,6.62495971045897,662.495971045897
Havering,2018-04-01,2018,4,1644,257511.0,6.384193296597038,638.4193296597039
Havering,2018-05-01,2018,5,1822,257511.0,7.075425904136134,707.5425904136134
Havering,2018-06-01,2018,6,1573,257511.0,6.108476919432568,610.8476919432568
Havering,2018-07-01,2018,7,1677,257511.0,6.51234316203968,651.234316203968
Havering,2018-08-01,2018,8,1672,257511.0,6.492926515760492,649.2926515760491
Havering,2018-09-01,2018,9,1633,257511.0,6.341476674782824,634.1476674782825
Havering,2018-10-01,2018,10,1734,257511.0,6.733692929622423,673.3692929622424
Havering,2018-11-01,2018,11,1856,257511.0,7.207459098834613,720.7459098834613
Havering,2018-12-01,2018,12,1779,257511.0,6.908442746135116,690.8442746135116
Havering,2019-01-01,2019,1,1723,258655.0,6.661382923198856,666.1382923198855
Havering,2019-02-01,2019,2,1585,258655.0,6.127853704741838,612.7853704741838
Havering,2019-03-01,2019,3,1734,258655.0,6.703910614525139,670.3910614525139
Havering,2019-04-01,2019,4,1694,258655.0,6.549264464247743,654.9264464247743
Havering,2019-05-01,2019,5,1902,258655.0,7.353424445690205,735.3424445690205
Havering,2019-06-01,2019,6,1728,258655.0,6.68071369198353,668.071369198353
Havering,2019-07-01,2019,7,1779,258655.0,6.877887533587211,687.788753358721
Havering,2019-08-01,2019,8,1631,258655.0,6.3056967775608435,630.5696777560844
Havering,2019-09-01,2019,9,1555,258655.0,6.01186909203379,601.1869092033791
Havering,2019-10-01,2019,10,1974,258655.0,7.631787516189519,763.1787516189519
Havering,2019-11-01,2019,11,1772,258655.0,6.850824457288667,685.0824457288666
Havering,2019-12-01,2019,12,1657,258655.0,6.406216775241152,640.6216775241151
Havering,2020-01-01,2020,1,1855,261830.0,7.084749646717335,708.4749646717336
Havering,2020-02-01,2020,2,1723,261830.0,6.580605736546614,658.0605736546614
Havering,2020-03-01,2020,3,1240,261830.0,4.735897337967383,473.5897337967383
Havering,2020-04-01,2020,4,993,261830.0,3.7925371424206547,379.2537142420655
Havering,2020-05-01,2020,5,1215,261830.0,4.640415536798686,464.0415536798686
Havering,2020-06-01,2020,6,1337,261830.0,5.106366726501928,510.63667265019285
Havering,2020-07-01,2020,7,1573,261830.0,6.007714929534431,600.771492953443
Havering,2020-08-01,2020,8,1564,261830.0,5.9733414811137,597.33414811137
Havering,2020-09-01,2020,9,1550,261830.0,5.919871672459229,591.9871672459229
Havering,2020-10-01,2020,10,1773,261830.0,6.771569338884008,677.1569338884009
Havering,2020-11-01,2020,11,1423,261830.0,5.434824122522247,543.4824122522247
Havering,2020-12-01,2020,12,1409,261830.0,5.381354313867776,538.1354313867777
Havering,2021-01-01,2021,1,1226,265930.0,4.610235776332117,461.02357763321174
Havering,2021-02-01,2021,2,1309,265930.0,4.922347986312188,492.2347986312187
Havering,2021-03-01,2021,3,1492,265930.0,5.610499003497161,561.0499003497162
Havering,2021-04-01,2021,4,1446,265930.0,5.437521152182905,543.7521152182906
Havering,2021-05-01,2021,5,1490,265930.0,5.602978227353063,560.2978227353063
Havering,2021-06-01,2021,6,1455,265930.0,5.471364644831347,547.1364644831347
Havering,2021-07-01,2021,7,1648,265930.0,6.197119542736811,619.711954273681
Havering,2021-08-01,2021,8,1531,265930.0,5.757154138307073,575.7154138307073
Havering,2021-09-01,2021,9,1489,265930.0,5.599217839281014,559.9217839281014
Havering,2021-10-01,2021,10,1630,265930.0,6.1294325574399275,612.9432557439927
Havering,2021-11-01,2021,11,1663,265930.0,6.253525363817546,625.3525363817546
Havering,2021-12-01,2021,12,1480,265930.0,5.565374346632573,556.5374346632573
Havering,2022-01-01,2022,1,1571,271368.0,5.789186639544825,578.9186639544826
Havering,2022-02-01,2022,2,1573,271368.0,5.796556705285811,579.6556705285811
Havering,2022-03-01,2022,3,1766,271368.0,6.507768049290999,650.7768049291
Havering,2022-04-01,2022,4,1610,271368.0,5.93290292149406,593.290292149406
Havering,2022-05-01,2022,5,1838,271368.0,6.773090415966511,677.309041596651
Havering,2022-06-01,2022,6,1771,271368.0,6.526193213643466,652.6193213643465
Havering,2022-07-01,2022,7,1718,271368.0,6.330886471507326,633.0886471507326
Havering,2022-08-01,2022,8,1808,271368.0,6.662539429851714,666.2539429851714
Havering,2022-09-01,2022,9,1594,271368.0,5.873942395566168,587.3942395566169
Havering,2022-10-01,2022,10,1692,271368.0,6.235075616874503,623.5075616874502
Havering,2022-11-01,2022,11,1764,271368.0,6.500397983550013,650.0397983550013
Havering,2022-12-01,2022,12,1571,271368.0,5.789186639544825,578.9186639544824
Havering,2023-01-01,2023,1,1842,276649.0,6.658256491077141,665.8256491077141
Havering,2023-02-01,2023,2,1678,276649.0,6.06544755267505,606.544755267505
Havering,2023-03-01,2023,3,1790,276649.0,6.470292681339893,647.0292681339893
Hillingdon,2010-04-01,2010,4,2299,269465.0,8.531720260516208,853.1720260516208
Hillingdon,2010-05-01,2010,5,2331,269465.0,8.650474087543836,865.0474087543837
Hillingdon,2010-06-01,2010,6,2374,269465.0,8.810049542612212,881.0049542612213
Hillingdon,2010-07-01,2010,7,2319,269465.0,8.605941402408476,860.5941402408477
Hillingdon,2010-08-01,2010,8,2071,269465.0,7.6855992429443525,768.5599242944353
Hillingdon,2010-09-01,2010,9,2145,269465.0,7.9602174679457445,796.0217467945745
Hillingdon,2010-10-01,2010,10,2348,269465.0,8.713562058152265,871.3562058152264
Hillingdon,2010-11-01,2010,11,2412,269465.0,8.951069712207522,895.1069712207523
Hillingdon,2010-12-01,2010,12,2043,269465.0,7.581689644295178,758.1689644295177
Hillingdon,2011-01-01,2011,1,2391,276134.0,8.658839548914656,865.8839548914657
Hillingdon,2011-02-01,2011,2,2108,276134.0,7.6339748093317015,763.3974809331701
Hillingdon,2011-03-01,2011,3,2462,276134.0,8.915961091354198,891.5961091354197
Hillingdon,2011-04-01,2011,4,2369,276134.0,8.579168085060152,857.9168085060152
Hillingdon,2011-05-01,2011,5,2433,276134.0,8.81093961627326,881.0939616273258
Hillingdon,2011-06-01,2011,6,2246,276134.0,8.133732173509962,813.3732173509962
Hillingdon,2011-07-01,2011,7,2390,276134.0,8.655218118739452,865.5218118739452
Hillingdon,2011-08-01,2011,8,2279,276134.0,8.253239369291721,825.3239369291721
Hillingdon,2011-09-01,2011,9,2387,276134.0,8.644353828213838,864.4353828213839
Hillingdon,2011-10-01,2011,10,2482,276134.0,8.988389694858293,898.8389694858294
Hillingdon,2011-11-01,2011,11,2324,276134.0,8.416203727175937,841.6203727175937
Hillingdon,2011-12-01,2011,12,2459,276134.0,8.905096800828582,890.5096800828583
Hillingdon,2012-01-01,2012,1,2430,282391.0,8.605090105562855,860.5090105562854
Hillingdon,2012-02-01,2012,2,2086,282391.0,7.386920971277413,738.6920971277414
Hillingdon,2012-03-01,2012,3,2405,282391.0,8.516560371966529,851.6560371966528
Hillingdon,2012-04-01,2012,4,2145,282391.0,7.595851142564742,759.5851142564742
Hillingdon,2012-05-01,2012,5,2105,282391.0,7.454203568810621,745.420356881062
Hillingdon,2012-06-01,2012,6,2027,282391.0,7.177990799990084,717.7990799990084
Hillingdon,2012-07-01,2012,7,1977,282391.0,7.000931332797433,700.0931332797433
Hillingdon,2012-08-01,2012,8,2183,282391.0,7.730416337631157,773.0416337631157
Hillingdon,2012-09-01,2012,9,1902,282391.0,6.735342132008457,673.5342132008457
Hillingdon,2012-10-01,2012,10,2077,282391.0,7.355050267182736,735.5050267182736
Hillingdon,2012-11-01,2012,11,2111,282391.0,7.475450704873739,747.5450704873739
Hillingdon,2012-12-01,2012,12,1985,282391.0,7.029260847548257,702.9260847548258
Hillingdon,2013-01-01,2013,1,1972,287443.0,6.860490601614929,686.0490601614929
Hillingdon,2013-02-01,2013,2,1838,287443.0,6.39431121996361,639.4311219963611
Hillingdon,2013-03-01,2013,3,1955,287443.0,6.80134844125618,680.134844125618
Hillingdon,2013-04-01,2013,4,1809,287443.0,6.293421652292802,629.3421652292802
Hillingdon,2013-05-01,2013,5,1904,287443.0,6.623921960179931,662.3921960179931
Hillingdon,2013-06-01,2013,6,1795,287443.0,6.244716343762068,624.4716343762068
Hillingdon,2013-07-01,2013,7,1912,287443.0,6.651753565054637,665.1753565054637
Hillingdon,2013-08-01,2013,8,1714,287443.0,5.9629213444056735,596.2921344405673
Hillingdon,2013-09-01,2013,9,1723,287443.0,5.9942318998897175,599.4231899889718
Hillingdon,2013-10-01,2013,10,2152,287443.0,7.4867017112958045,748.6701711295805
Hillingdon,2013-11-01,2013,11,2001,287443.0,6.961380169285737,696.1380169285737
Hillingdon,2013-12-01,2013,12,1717,287443.0,5.973358196233688,597.3358196233688
Hillingdon,2014-01-01,2014,1,1931,293325.0,6.5831415665217765,658.3141566521776
Hillingdon,2014-02-01,2014,2,1803,293325.0,6.146765533111736,614.6765533111736
Hillingdon,2014-03-01,2014,3,2145,293325.0,7.312707747379187,731.2707747379187
Hillingdon,2014-04-01,2014,4,2016,293325.0,6.872922526208131,687.2922526208131
Hillingdon,2014-05-01,2014,5,2186,293325.0,7.45248444558084,745.2484445580841
Hillingdon,2014-06-01,2014,6,2139,293325.0,7.292252620813091,729.2252620813091
Hillingdon,2014-07-01,2014,7,2237,293325.0,7.626353021392653,762.6353021392654
Hillingdon,2014-08-01,2014,8,2081,293325.0,7.094519730674167,709.4519730674167
Hillingdon,2014-09-01,2014,9,2043,293325.0,6.964970595755561,696.4970595755561
Hillingdon,2014-10-01,2014,10,2372,293325.0,8.086593369129805,808.6593369129805
Hillingdon,2014-11-01,2014,11,2406,293325.0,8.202505753004347,820.2505753004347
Hillingdon,2014-12-01,2014,12,2109,293325.0,7.189976987982613,718.9976987982614
Hillingdon,2015-01-01,2015,1,2136,298370.0,7.158896671917418,715.8896671917419
Hillingdon,2015-02-01,2015,2,2036,298370.0,6.823742333344505,682.3742333344505
Hillingdon,2015-03-01,2015,3,2155,298370.0,7.222575996246272,722.2575996246271
Hillingdon,2015-04-01,2015,4,1978,298370.0,6.629352816972216,662.9352816972216
Hillingdon,2015-05-01,2015,5,2128,298370.0,7.132084324831585,713.2084324831585
Hillingdon,2015-06-01,2015,6,2232,298370.0,7.480644836947414,748.0644836947414
Hillingdon,2015-07-01,2015,7,2091,298370.0,7.008077219559607,700.8077219559607
Hillingdon,2015-08-01,2015,8,2010,298370.0,6.736602205315547,673.6602205315547
Hillingdon,2015-09-01,2015,9,2101,298370.0,7.041592653416899,704.1592653416899
Hillingdon,2015-10-01,2015,10,2251,298370.0,7.5443241612762675,754.4324161276268
Hillingdon,2015-11-01,2015,11,2218,298370.0,7.433723229547206,743.3723229547206
Hillingdon,2015-12-01,2015,12,2220,298370.0,7.440426316318665,744.0426316318665
Hillingdon,2016-01-01,2016,1,2171,303106.0,7.162510804800961,716.2510804800961
Hillingdon,2016-02-01,2016,2,2129,303106.0,7.023945418434475,702.3945418434475
Hillingdon,2016-03-01,2016,3,2052,303106.0,6.769908876762584,676.9908876762585
Hillingdon,2016-04-01,2016,4,1968,303106.0,6.492778104029614,649.2778104029613
Hillingdon,2016-05-01,2016,5,2386,303106.0,7.871833615962733,787.1833615962732
Hillingdon,2016-06-01,2016,6,2093,303106.0,6.905175087263201,690.5175087263201
Hillingdon,2016-07-01,2016,7,2245,303106.0,7.406649818875245,740.6649818875245
Hillingdon,2016-08-01,2016,8,2128,303106.0,7.020646242568606,702.0646242568606
Hillingdon,2016-09-01,2016,9,2213,303106.0,7.301076191167446,730.1076191167447
Hillingdon,2016-10-01,2016,10,2322,303106.0,7.660686360547135,766.0686360547136
Hillingdon,2016-11-01,2016,11,2224,303106.0,7.337367125692002,733.7367125692002
Hillingdon,2016-12-01,2016,12,2567,303106.0,8.468984447684969,846.8984447684968
Hillingdon,2017-01-01,2017,1,2248,307040.0,7.3215216258467954,732.1521625846796
Hillingdon,2017-02-01,2017,2,2200,307040.0,7.16519020323085,716.519020323085
Hillingdon,2017-03-01,2017,3,2705,307040.0,8.809927045336112,880.9927045336112
Hillingdon,2017-04-01,2017,4,2187,307040.0,7.122850442939031,712.2850442939031
Hillingdon,2017-05-01,2017,5,2537,307040.0,8.262767066180302,826.2767066180302
Hillingdon,2017-06-01,2017,6,2295,307040.0,7.4745961438249084,747.4596143824908
Hillingdon,2017-07-01,2017,7,2453,307040.0,7.989187076602397,798.9187076602398
Hillingdon,2017-08-01,2017,8,2308,307040.0,7.516935904116727,751.6935904116727
Hillingdon,2017-09-01,2017,9,2377,307040.0,7.74166232412715,774.166232412715
Hillingdon,2017-10-01,2017,10,2660,307040.0,8.663366336633663,866.3366336633663
Hillingdon,2017-11-01,2017,11,2499,307040.0,8.139004689942679,813.9004689942678
Hillingdon,2017-12-01,2017,12,2511,307040.0,8.178087545596664,817.8087545596665
Hillingdon,2018-01-01,2018,1,2426,309926.0,7.827674993385518,782.7674993385517
Hillingdon,2018-02-01,2018,2,2246,309926.0,7.2468911933816464,724.6891193381646
Hillingdon,2018-03-01,2018,3,2503,309926.0,8.076121396720508,807.6121396720507
Hillingdon,2018-04-01,2018,4,2229,309926.0,7.192039390047947,719.2039390047947
Hillingdon,2018-05-01,2018,5,2366,309926.0,7.634080393384227,763.4080393384227
Hillingdon,2018-06-01,2018,6,2326,309926.0,7.5050173267167,750.50173267167
Hillingdon,2018-07-01,2018,7,2510,309926.0,8.098707433387325,809.8707433387324
Hillingdon,2018-08-01,2018,8,2231,309926.0,7.198492543381324,719.8492543381324
Hillingdon,2018-09-01,2018,9,2262,309926.0,7.2985164200486565,729.8516420048657
Hillingdon,2018-10-01,2018,10,2571,309926.0,8.295528610055303,829.5528610055303
Hillingdon,2018-11-01,2018,11,2723,309926.0,8.785968263391906,878.5968263391907
Hillingdon,2018-12-01,2018,12,2542,309926.0,8.201957886721347,820.1957886721347
Hillingdon,2019-01-01,2019,1,2639,312567.0,8.442989822981954,844.2989822981953
Hillingdon,2019-02-01,2019,2,2476,312567.0,7.921501630050518,792.1501630050517
Hillingdon,2019-03-01,2019,3,2731,312567.0,8.737326717151843,873.7326717151843
Hillingdon,2019-04-01,2019,4,2499,312567.0,7.99508585359299,799.508585359299
Hillingdon,2019-05-01,2019,5,2522,312567.0,8.068670077135462,806.8670077135462
Hillingdon,2019-06-01,2019,6,2675,312567.0,8.558165129396258,855.8165129396257
Hillingdon,2019-07-01,2019,7,2746,312567.0,8.785316428157802,878.5316428157803
Hillingdon,2019-08-01,2019,8,2667,312567.0,8.532570616859745,853.2570616859746
Hillingdon,2019-09-01,2019,9,2689,312567.0,8.602955526335153,860.2955526335154
Hillingdon,2019-10-01,2019,10,2958,312567.0,9.463571010375375,946.3571010375376
Hillingdon,2019-11-01,2019,11,2934,312567.0,9.386787472765839,938.6787472765839
Hillingdon,2019-12-01,2019,12,2725,312567.0,8.718130832749459,871.8130832749458
Hillingdon,2020-01-01,2020,1,2694,316253.0,8.518496267229086,851.8496267229085
Hillingdon,2020-02-01,2020,2,2512,316253.0,7.943007655263349,794.300765526335
Hillingdon,2020-03-01,2020,3,2060,316253.0,6.513772201370422,651.3772201370422
Hillingdon,2020-04-01,2020,4,1706,316253.0,5.39441523084366,539.441523084366
Hillingdon,2020-05-01,2020,5,2104,316253.0,6.65290131635115,665.2901316351149
Hillingdon,2020-06-01,2020,6,2284,316253.0,7.222065877635943,722.2065877635944
Hillingdon,2020-07-01,2020,7,2250,316253.0,7.114557016059926,711.4557016059928
Hillingdon,2020-08-01,2020,8,2407,316253.0,7.610994994513886,761.0994994513886
Hillingdon,2020-09-01,2020,9,2415,316253.0,7.636291197237655,763.6291197237655
Hillingdon,2020-10-01,2020,10,2445,316253.0,7.731151957451788,773.1151957451787
Hillingdon,2020-11-01,2020,11,2373,316253.0,7.503486132937869,750.3486132937869
Hillingdon,2020-12-01,2020,12,1998,316253.0,6.317726630261215,631.7726630261214
Hillingdon,2021-01-01,2021,1,1848,319467.0,5.784635032726385,578.4635032726385
Hillingdon,2021-02-01,2021,2,1837,319467.0,5.750202681341109,575.0202681341109
Hillingdon,2021-03-01,2021,3,2121,319467.0,6.639183389833692,663.9183389833692
Hillingdon,2021-04-01,2021,4,1944,319467.0,6.0851355539069765,608.5135553906977
Hillingdon,2021-05-01,2021,5,2242,319467.0,7.017939255071729,701.7939255071728
Hillingdon,2021-06-01,2021,6,2179,319467.0,6.8207357880469655,682.0735788046966
Hillingdon,2021-07-01,2021,7,2225,319467.0,6.964725621112666,696.4725621112666
Hillingdon,2021-08-01,2021,8,1952,319467.0,6.110177264005359,611.0177264005359
Hillingdon,2021-09-01,2021,9,2038,319467.0,6.379375647562972,637.9375647562972
Hillingdon,2021-10-01,2021,10,2402,319467.0,7.518773457039382,751.8773457039381
Hillingdon,2021-11-01,2021,11,2421,319467.0,7.57824751852304,757.824751852304
Hillingdon,2021-12-01,2021,12,2236,319467.0,6.999157972497942,699.9157972497942
Hillingdon,2022-01-01,2022,1,2187,322492.0,6.781563573670045,678.1563573670044
Hillingdon,2022-02-01,2022,2,2042,322492.0,6.331940017116704,633.1940017116704
Hillingdon,2022-03-01,2022,3,2323,322492.0,7.203279461195937,720.3279461195937
Hillingdon,2022-04-01,2022,4,2115,322492.0,6.558302221450455,655.8302221450455
Hillingdon,2022-05-01,2022,5,2399,322492.0,7.438944221872171,743.8944221872171
Hillingdon,2022-06-01,2022,6,2347,322492.0,7.2776999119358,727.7699911935799
Hillingdon,2022-07-01,2022,7,2237,322492.0,6.936606179378093,693.6606179378093
Hillingdon,2022-08-01,2022,8,2360,322492.0,7.318010989419893,731.8010989419893
Hillingdon,2022-09-01,2022,9,2321,322492.0,7.197077756967614,719.7077756967615
Hillingdon,2022-10-01,2022,10,2593,322492.0,8.0405095320194,804.0509532019398
Hillingdon,2022-11-01,2022,11,2461,322492.0,7.631197052950151,763.1197052950151
Hillingdon,2022-12-01,2022,12,2279,322492.0,7.066841968172854,706.6841968172854
Hillingdon,2023-01-01,2023,1,2421,325182.0,7.4450615347712965,744.5061534771296
Hillingdon,2023-02-01,2023,2,2232,325182.0,6.863848552502906,686.3848552502906
Hillingdon,2023-03-01,2023,3,2265,325182.0,6.965330184327546,696.5330184327546
Hounslow,2010-04-01,2010,4,2154,249236.0,8.642411208653645,864.2411208653646
Hounslow,2010-05-01,2010,5,2153,249236.0,8.63839894718259,863.839894718259
Hounslow,2010-06-01,2010,6,2174,249236.0,8.722656438074756,872.2656438074756
Hounslow,2010-07-01,2010,7,2354,249236.0,9.444863502864754,944.4863502864755
Hounslow,2010-08-01,2010,8,2093,249236.0,8.397663258919257,839.7663258919257
Hounslow,2010-09-01,2010,9,2186,249236.0,8.770803575727424,877.0803575727423
Hounslow,2010-10-01,2010,10,2194,249236.0,8.802901667495867,880.2901667495868
Hounslow,2010-11-01,2010,11,2178,249236.0,8.738705483958979,873.8705483958979
Hounslow,2010-12-01,2010,12,1791,249236.0,7.185960294660482,718.5960294660482
Hounslow,2011-01-01,2011,1,2189,255334.0,8.573084665575285,857.3084665575286
Hounslow,2011-02-01,2011,2,1905,255334.0,7.460816029200968,746.0816029200968
Hounslow,2011-03-01,2011,3,2173,255334.0,8.51042164380772,851.0421643807719
Hounslow,2011-04-01,2011,4,2151,255334.0,8.424259988877314,842.4259988877313
Hounslow,2011-05-01,2011,5,2374,255334.0,9.297625854762781,929.7625854762782
Hounslow,2011-06-01,2011,6,2186,255334.0,8.561335348993866,856.1335348993866
Hounslow,2011-07-01,2011,7,2354,255334.0,9.219297077553321,921.9297077553322
Hounslow,2011-08-01,2011,8,2077,255334.0,8.134443513202315,813.4443513202316
Hounslow,2011-09-01,2011,9,2221,255334.0,8.69841070911042,869.841070911042
Hounslow,2011-10-01,2011,10,2285,255334.0,8.949062796180689,894.9062796180689
Hounslow,2011-11-01,2011,11,2436,255334.0,9.540445064112104,954.0445064112105
Hounslow,2011-12-01,2011,12,2067,255334.0,8.095279124597585,809.5279124597586
Hounslow,2012-01-01,2012,1,2496,259459.0,9.620017035446834,962.0017035446833
Hounslow,2012-02-01,2012,2,2071,259459.0,7.9819933014464715,798.1993301446471
Hounslow,2012-03-01,2012,3,2462,259459.0,9.488975136726804,948.8975136726805
Hounslow,2012-04-01,2012,4,2153,259459.0,8.298035527771248,829.8035527771248
Hounslow,2012-05-01,2012,5,2213,259459.0,8.52928593727718,852.9285937277181
Hounslow,2012-06-01,2012,6,2229,259459.0,8.590952713145429,859.095271314543
Hounslow,2012-07-01,2012,7,2253,259459.0,8.683452876947802,868.3452876947804
Hounslow,2012-08-01,2012,8,2138,259459.0,8.240222925394765,824.0222925394764
Hounslow,2012-09-01,2012,9,2087,259459.0,8.04366007731472,804.366007731472
Hounslow,2012-10-01,2012,10,2243,259459.0,8.644911142030148,864.4911142030147
Hounslow,2012-11-01,2012,11,2159,259459.0,8.32116056872184,832.1160568721841
Hounslow,2012-12-01,2012,12,2059,259459.0,7.935743219545285,793.5743219545285
Hounslow,2013-01-01,2013,1,2059,262814.0,7.834438043635423,783.4438043635423
Hounslow,2013-02-01,2013,2,1818,262814.0,6.917439710213307,691.7439710213307
Hounslow,2013-03-01,2013,3,1996,262814.0,7.594724786350803,759.4724786350803
Hounslow,2013-04-01,2013,4,1740,262814.0,6.6206518678609205,662.0651867860921
Hounslow,2013-05-01,2013,5,1808,262814.0,6.879389986834796,687.9389986834796
Hounslow,2013-06-01,2013,6,1739,262814.0,6.61684689552307,661.684689552307
Hounslow,2013-07-01,2013,7,1945,262814.0,7.400671197120397,740.0671197120397
Hounslow,2013-08-01,2013,8,1900,262814.0,7.229447441917097,722.9447441917098
Hounslow,2013-09-01,2013,9,1848,262814.0,7.031588880348839,703.158888034884
Hounslow,2013-10-01,2013,10,1917,262814.0,7.294131971660566,729.4131971660566
Hounslow,2013-11-01,2013,11,1955,262814.0,7.438720920498907,743.8720920498909
Hounslow,2013-12-01,2013,12,1720,262814.0,6.544552421103899,654.4552421103899
Hounslow,2014-01-01,2014,1,1728,265975.0,6.496851207820283,649.6851207820284
Hounslow,2014-02-01,2014,2,1751,265975.0,6.583325500516966,658.3325500516966
Hounslow,2014-03-01,2014,3,1783,265975.0,6.703637559921045,670.3637559921045
Hounslow,2014-04-01,2014,4,1798,265975.0,6.7600338377667075,676.0033837766707
Hounslow,2014-05-01,2014,5,1836,265975.0,6.902904408309052,690.2904408309051
Hounslow,2014-06-01,2014,6,1903,265975.0,7.154807782686342,715.4807782686343
Hounslow,2014-07-01,2014,7,1857,265975.0,6.981859197292978,698.1859197292979
Hounslow,2014-08-01,2014,8,1784,265975.0,6.707397311777423,670.7397311777422
Hounslow,2014-09-01,2014,9,1752,265975.0,6.587085252373344,658.7085252373344
Hounslow,2014-10-01,2014,10,2091,265975.0,7.8616411316853085,786.1641131685309
Hounslow,2014-11-01,2014,11,1957,265975.0,7.357834382930727,735.7834382930727
Hounslow,2014-12-01,2014,12,1965,265975.0,7.387912397781746,738.7912397781746
Hounslow,2015-01-01,2015,1,1909,269177.0,7.09198779984917,709.198779984917
Hounslow,2015-02-01,2015,2,1834,269177.0,6.813360725470601,681.3360725470601
Hounslow,2015-03-01,2015,3,1918,269177.0,7.125423048774598,712.5423048774599
Hounslow,2015-04-01,2015,4,1774,269177.0,6.590459065967746,659.0459065967747
Hounslow,2015-05-01,2015,5,1944,269177.0,7.222013767892502,722.2013767892502
Hounslow,2015-06-01,2015,6,1959,269177.0,7.277739182768215,727.7739182768216
Hounslow,2015-07-01,2015,7,2116,269177.0,7.86099852513402,786.099852513402
Hounslow,2015-08-01,2015,8,1903,269177.0,7.069697633898885,706.9697633898884
Hounslow,2015-09-01,2015,9,1923,269177.0,7.143998187066503,714.3998187066503
Hounslow,2015-10-01,2015,10,2068,269177.0,7.682677197531735,768.2677197531735
Hounslow,2015-11-01,2015,11,2114,269177.0,7.853568469817258,785.3568469817258
Hounslow,2015-12-01,2015,12,2068,269177.0,7.682677197531736,768.2677197531735
Hounslow,2016-01-01,2016,1,1919,271546.0,7.066942617457079,706.6942617457079
Hounslow,2016-02-01,2016,2,1913,271546.0,7.044846913598432,704.4846913598433
Hounslow,2016-03-01,2016,3,1903,271546.0,7.0080207405006885,700.8020740500689
Hounslow,2016-04-01,2016,4,1929,271546.0,7.103768790554823,710.3768790554824
Hounslow,2016-05-01,2016,5,2132,271546.0,7.851340104439028,785.1340104439028
Hounslow,2016-06-01,2016,6,2038,271546.0,7.505174077320233,750.5174077320232
Hounslow,2016-07-01,2016,7,2104,271546.0,7.748226819765343,774.8226819765343
Hounslow,2016-08-01,2016,8,2068,271546.0,7.615652596613465,761.5652596613465
Hounslow,2016-09-01,2016,9,2083,271546.0,7.670891856260081,767.0891856260081
Hounslow,2016-10-01,2016,10,2384,271546.0,8.779359666502177,877.9359666502177
Hounslow,2016-11-01,2016,11,2140,271546.0,7.880801042917222,788.0801042917223
Hounslow,2016-12-01,2016,12,2006,271546.0,7.387330323407452,738.7330323407452
Hounslow,2017-01-01,2017,1,2093,274970.0,7.611739462486817,761.1739462486817
Hounslow,2017-02-01,2017,2,1998,274970.0,7.266247226970215,726.6247226970215
Hounslow,2017-03-01,2017,3,2272,274970.0,8.262719569407572,826.2719569407571
Hounslow,2017-04-01,2017,4,2023,274970.0,7.357166236316689,735.7166236316689
Hounslow,2017-05-01,2017,5,2374,274970.0,8.633669127541186,863.3669127541186
Hounslow,2017-06-01,2017,6,2279,274970.0,8.288176892024584,828.8176892024585
Hounslow,2017-07-01,2017,7,2344,274970.0,8.524566316325418,852.4566316325418
Hounslow,2017-08-01,2017,8,2333,274970.0,8.48456195221297,848.4561952212969
Hounslow,2017-09-01,2017,9,2205,274970.0,8.01905662435902,801.9056624359021
Hounslow,2017-10-01,2017,10,2433,274970.0,8.848237989598864,884.8237989598865
Hounslow,2017-11-01,2017,11,2491,274970.0,9.059170091282686,905.9170091282685
Hounslow,2017-12-01,2017,12,2179,274970.0,7.924500854638688,792.4500854638688
Hounslow,2018-01-01,2018,1,2354,278264.0,8.459592329586293,845.9592329586293
Hounslow,2018-02-01,2018,2,2104,278264.0,7.56116493689446,756.116493689446
Hounslow,2018-03-01,2018,3,2257,278264.0,8.111002501221861,811.1002501221861
Hounslow,2018-04-01,2018,4,2195,278264.0,7.888192507834287,788.8192507834286
Hounslow,2018-05-01,2018,5,2402,278264.0,8.632090388983123,863.2090388983124
Hounslow,2018-06-01,2018,6,2174,278264.0,7.812724606848173,781.2724606848174
Hounslow,2018-07-01,2018,7,2490,278264.0,8.948336831210648,894.8336831210648
Hounslow,2018-08-01,2018,8,2092,278264.0,7.518040422045252,751.8040422045252
Hounslow,2018-09-01,2018,9,2142,278264.0,7.6977259005836185,769.7725900583619
Hounslow,2018-10-01,2018,10,2643,278264.0,9.49817439553805,949.817439553805
Hounslow,2018-11-01,2018,11,2471,278264.0,8.88005634936607,888.005634936607
Hounslow,2018-12-01,2018,12,2357,278264.0,8.470373458298594,847.0373458298594
Hounslow,2019-01-01,2019,1,2306,281339.0,8.196517368725985,819.6517368725986
Hounslow,2019-02-01,2019,2,2445,281339.0,8.690583246545982,869.0583246545982
Hounslow,2019-03-01,2019,3,2605,281339.0,9.25929217065533,925.9292170655331
Hounslow,2019-04-01,2019,4,2382,281339.0,8.466654107677925,846.6654107677925
Hounslow,2019-05-01,2019,5,2298,281339.0,8.168081922520518,816.8081922520519
Hounslow,2019-06-01,2019,6,2401,281339.0,8.53418829241591,853.4188292415911
Hounslow,2019-07-01,2019,7,2489,281339.0,8.846978200676052,884.6978200676053
Hounslow,2019-08-01,2019,8,2214,281339.0,7.86950973736311,786.950973736311
Hounslow,2019-09-01,2019,9,2418,281339.0,8.59461361560253,859.461361560253
Hounslow,2019-10-01,2019,10,2473,281339.0,8.790107308265117,879.0107308265117
Hounslow,2019-11-01,2019,11,2486,281339.0,8.836314908349003,883.6314908349002
Hounslow,2019-12-01,2019,12,2440,281339.0,8.672811092667565,867.2811092667564
Hounslow,2020-01-01,2020,1,2414,284358.0,8.48929870093333,848.9298700933331
Hounslow,2020-02-01,2020,2,2176,284358.0,7.652325589573707,765.2325589573707
Hounslow,2020-03-01,2020,3,1846,284358.0,6.491816653654899,649.18166536549
Hounslow,2020-04-01,2020,4,1909,284358.0,6.713368359603036,671.3368359603036
Hounslow,2020-05-01,2020,5,2045,284358.0,7.191638708951392,719.1638708951392
Hounslow,2020-06-01,2020,6,2080,284358.0,7.31472299003369,731.472299003369
Hounslow,2020-07-01,2020,7,2331,284358.0,8.197413120081025,819.7413120081025
Hounslow,2020-08-01,2020,8,2189,284358.0,7.698042608261417,769.8042608261417
Hounslow,2020-09-01,2020,9,2331,284358.0,8.197413120081025,819.7413120081025
Hounslow,2020-10-01,2020,10,2284,284358.0,8.032128514056225,803.2128514056225
Hounslow,2020-11-01,2020,11,2118,284358.0,7.448357352351613,744.8357352351613
Hounslow,2020-12-01,2020,12,1802,284358.0,6.337082128865726,633.7082128865726
Hounslow,2021-01-01,2021,1,1692,286947.0,5.896559294922058,589.6559294922058
Hounslow,2021-02-01,2021,2,1718,286947.0,5.987168362101713,598.7168362101712
Hounslow,2021-03-01,2021,3,2182,286947.0,7.604191714846295,760.4191714846296
Hounslow,2021-04-01,2021,4,2027,286947.0,7.06402227589067,706.402227589067
Hounslow,2021-05-01,2021,5,2154,286947.0,7.506612719422053,750.6612719422053
Hounslow,2021-06-01,2021,6,2237,286947.0,7.795864741572485,779.5864741572486
Hounslow,2021-07-01,2021,7,2158,286947.0,7.520552575911231,752.0552575911231
Hounslow,2021-08-01,2021,8,2022,286947.0,7.046597455279198,704.6597455279198
Hounslow,2021-09-01,2021,9,2058,286947.0,7.172056163681795,717.2056163681794
Hounslow,2021-10-01,2021,10,2107,286947.0,7.342819405674218,734.2819405674218
Hounslow,2021-11-01,2021,11,2294,286947.0,7.994507696543264,799.4507696543265
Hounslow,2021-12-01,2021,12,1921,286947.0,6.694616078927467,669.4616078927468
Hounslow,2022-01-01,2022,1,2059,289358.0,7.11575280448441,711.575280448441
Hounslow,2022-02-01,2022,2,1934,289358.0,6.683761983425376,668.3761983425376
Hounslow,2022-03-01,2022,3,2197,289358.0,7.592670670933584,759.2670670933584
Hounslow,2022-04-01,2022,4,2076,289358.0,7.174503556148439,717.4503556148439
Hounslow,2022-05-01,2022,5,2342,289358.0,8.093780023362063,809.3780023362064
Hounslow,2022-06-01,2022,6,2151,289358.0,7.433698048783859,743.3698048783859
Hounslow,2022-07-01,2022,7,2127,289358.0,7.350755811140525,735.0755811140525
Hounslow,2022-08-01,2022,8,2181,289358.0,7.537375845838028,753.7375845838028
Hounslow,2022-09-01,2022,9,2144,289358.0,7.4095065628045536,740.9506562804553
Hounslow,2022-10-01,2022,10,2317,289358.0,8.007381859150257,800.7381859150257
Hounslow,2022-11-01,2022,11,2243,289358.0,7.751643293083308,775.1643293083309
Hounslow,2022-12-01,2022,12,2005,289358.0,6.929132769786907,692.9132769786908
Hounslow,2023-01-01,2023,1,2169,291460.0,7.4418445069649355,744.1844506964935
Hounslow,2023-02-01,2023,2,2097,291460.0,7.19481232416112,719.481232416112
Hounslow,2023-03-01,2023,3,2259,291460.0,7.7506347354697045,775.0634735469704
Islington,2010-04-01,2010,4,2479,200129.0,12.387010378305993,1238.7010378305993
Islington,2010-05-01,2010,5,2547,200129.0,12.726791219663317,1272.6791219663319
Islington,2010-06-01,2010,6,2425,200129.0,12.117184416051646,1211.7184416051648
Islington,2010-07-01,2010,7,2514,200129.0,12.561897576063439,1256.1897576063438
Islington,2010-08-01,2010,8,2332,200129.0,11.652484147724717,1165.2484147724717
Islington,2010-09-01,2010,9,2517,200129.0,12.576887907299792,1257.6887907299792
Islington,2010-10-01,2010,10,2673,200129.0,13.356385131590125,1335.6385131590123
Islington,2010-11-01,2010,11,2547,200129.0,12.726791219663317,1272.6791219663316
Islington,2010-12-01,2010,12,2245,200129.0,11.217764541870494,1121.7764541870492
Islington,2011-01-01,2011,1,2388,206639.0,11.556385774224614,1155.6385774224614
Islington,2011-02-01,2011,2,2426,206639.0,11.740281360246614,1174.0281360246613
Islington,2011-03-01,2011,3,2597,206639.0,12.567811497345613,1256.7811497345613
Islington,2011-04-01,2011,4,2308,206639.0,11.169237172073036,1116.9237172073035
Islington,2011-05-01,2011,5,2712,206639.0,13.124337612938506,1312.4337612938507
Islington,2011-06-01,2011,6,2639,206639.0,12.771064513475192,1277.1064513475192
Islington,2011-07-01,2011,7,2435,206639.0,11.783835577988667,1178.3835577988666
Islington,2011-08-01,2011,8,2287,206639.0,11.067610664008246,1106.7610664008246
Islington,2011-09-01,2011,9,2254,206639.0,10.90791186562072,1090.791186562072
Islington,2011-10-01,2011,10,2500,206639.0,12.098393817236824,1209.8393817236824
Islington,2011-11-01,2011,11,2667,206639.0,12.906566524228243,1290.6566524228244
Islington,2011-12-01,2011,12,2157,206639.0,10.438494185511932,1043.8494185511931
Islington,2012-01-01,2012,1,2334,211400.0,11.040681173131505,1104.0681173131504
Islington,2012-02-01,2012,2,2111,211400.0,9.985808893093662,998.5808893093662
Islington,2012-03-01,2012,3,2632,211400.0,12.450331125827814,1245.0331125827815
Islington,2012-04-01,2012,4,2430,211400.0,11.494796594134343,1149.4796594134343
Islington,2012-05-01,2012,5,2622,211400.0,12.403027436140018,1240.3027436140019
Islington,2012-06-01,2012,6,2387,211400.0,11.29139072847682,1129.1390728476822
Islington,2012-07-01,2012,7,2624,211400.0,12.412488174077577,1241.2488174077578
Islington,2012-08-01,2012,8,2608,211400.0,12.336802270577106,1233.6802270577105
Islington,2012-09-01,2012,9,2324,211400.0,10.993377483443709,1099.337748344371
Islington,2012-10-01,2012,10,2558,211400.0,12.100283822138127,1210.0283822138126
Islington,2012-11-01,2012,11,2466,211400.0,11.665089877010407,1166.5089877010407
Islington,2012-12-01,2012,12,2428,211400.0,11.485335856196784,1148.5335856196784
Islington,2013-01-01,2013,1,2330,216024.0,10.785838610524756,1078.5838610524756
Islington,2013-02-01,2013,2,2265,216024.0,10.4849461170981,1048.49461170981
Islington,2013-03-01,2013,3,2248,216024.0,10.40625115727882,1040.625115727882
Islington,2013-04-01,2013,4,2035,216024.0,9.420249601896085,942.0249601896086
Islington,2013-05-01,2013,5,2263,216024.0,10.475687886531126,1047.5687886531125
Islington,2013-06-01,2013,6,2146,216024.0,9.934081398363144,993.4081398363145
Islington,2013-07-01,2013,7,2227,216024.0,10.309039736325593,1030.9039736325594
Islington,2013-08-01,2013,8,2097,216024.0,9.70725474947228,970.7254749472281
Islington,2013-09-01,2013,9,2219,216024.0,10.272006814057697,1027.2006814057697
Islington,2013-10-01,2013,10,2328,216024.0,10.776580379957784,1077.6580379957782
Islington,2013-11-01,2013,11,2234,216024.0,10.341443543310003,1034.1443543310004
Islington,2013-12-01,2013,12,1998,216024.0,9.248972336407066,924.8972336407065
Islington,2014-01-01,2014,1,2235,221383.0,10.09562613208783,1009.562613208783
Islington,2014-02-01,2014,2,2118,221383.0,9.567130267455044,956.7130267455044
Islington,2014-03-01,2014,3,2434,221383.0,10.994520807830773,1099.4520807830772
Islington,2014-04-01,2014,4,2211,221383.0,9.987216723958028,998.7216723958028
Islington,2014-05-01,2014,5,2220,221383.0,10.027870252006704,1002.7870252006703
Islington,2014-06-01,2014,6,2106,221383.0,9.512925563390143,951.2925563390143
Islington,2014-07-01,2014,7,2192,221383.0,9.901392609188601,990.13926091886
Islington,2014-08-01,2014,8,2087,221383.0,9.427101448620716,942.7101448620716
Islington,2014-09-01,2014,9,2400,221383.0,10.84094081298022,1084.094081298022
Islington,2014-10-01,2014,10,2433,221383.0,10.990003749158697,1099.0003749158698
Islington,2014-11-01,2014,11,2448,221383.0,11.057759629239824,1105.7759629239824
Islington,2014-12-01,2014,12,2406,221383.0,10.86804316501267,1086.804316501267
Islington,2015-01-01,2015,1,2284,228045.0,10.01556710298406,1001.556710298406
Islington,2015-02-01,2015,2,2302,228045.0,10.094498892762394,1009.4498892762393
Islington,2015-03-01,2015,3,2616,228045.0,11.471420114451096,1147.1420114451096
Islington,2015-04-01,2015,4,2482,228045.0,10.883816790545726,1088.3816790545725
Islington,2015-05-01,2015,5,2632,228045.0,11.541581705365168,1154.158170536517
Islington,2015-06-01,2015,6,2572,228045.0,11.278475739437392,1127.8475739437392
Islington,2015-07-01,2015,7,2548,228045.0,11.17323335306628,1117.323335306628
Islington,2015-08-01,2015,8,2371,228045.0,10.397070753579337,1039.7070753579337
Islington,2015-09-01,2015,9,2306,228045.0,10.112039290490912,1011.2039290490911
Islington,2015-10-01,2015,10,2535,228045.0,11.116227060448596,1111.6227060448596
Islington,2015-11-01,2015,11,2579,228045.0,11.309171435462298,1130.91714354623
Islington,2015-12-01,2015,12,2568,228045.0,11.260935341708873,1126.0935341708873
Islington,2016-01-01,2016,1,2621,233218.0,11.238412129423972,1123.8412129423973
Islington,2016-02-01,2016,2,2365,233218.0,10.140726702055588,1014.0726702055588
Islington,2016-03-01,2016,3,2309,233218.0,9.900608014818753,990.0608014818754
Islington,2016-04-01,2016,4,2321,233218.0,9.952062019226647,995.2062019226646
Islington,2016-05-01,2016,5,2338,233218.0,10.024955192137828,1002.4955192137828
Islington,2016-06-01,2016,6,2667,233218.0,11.435652479654228,1143.565247965423
Islington,2016-07-01,2016,7,2783,233218.0,11.93304118893053,1193.3041188930529
Islington,2016-08-01,2016,8,2420,233218.0,10.376557555591765,1037.6557555591764
Islington,2016-09-01,2016,9,2300,233218.0,9.862017511512834,986.2017511512834
Islington,2016-10-01,2016,10,2491,233218.0,10.680993748338464,1068.0993748338465
Islington,2016-11-01,2016,11,2438,233218.0,10.453738562203604,1045.3738562203603
Islington,2016-12-01,2016,12,2544,233218.0,10.908248934473326,1090.8248934473327
Islington,2017-01-01,2017,1,2483,235370.0,10.549347835323108,1054.9347835323108
Islington,2017-02-01,2017,2,2417,235370.0,10.26893826740876,1026.893826740876
Islington,2017-03-01,2017,3,3058,235370.0,12.99230998003144,1299.230998003144
Islington,2017-04-01,2017,4,2569,235370.0,10.914729999575137,1091.4729999575136
Islington,2017-05-01,2017,5,3039,235370.0,12.911586013510643,1291.1586013510641
Islington,2017-06-01,2017,6,3246,235370.0,13.791052385605642,1379.1052385605642
Islington,2017-07-01,2017,7,3278,235370.0,13.927008539745932,1392.7008539745932
Islington,2017-08-01,2017,8,3049,235370.0,12.954072311679484,1295.4072311679483
Islington,2017-09-01,2017,9,2830,235370.0,12.023622381781875,1202.3622381781875
Islington,2017-10-01,2017,10,2969,235370.0,12.614181926328758,1261.4181926328758
Islington,2017-11-01,2017,11,2773,235370.0,11.781450482219483,1178.1450482219484
Islington,2017-12-01,2017,12,2648,235370.0,11.250371755108977,1125.0371755108977
Islington,2018-01-01,2018,1,2799,238267.0,11.747325479399162,1174.732547939916
Islington,2018-02-01,2018,2,2198,238267.0,9.224945124587123,922.4945124587123
Islington,2018-03-01,2018,3,2260,238267.0,9.485157407446268,948.5157407446268
Islington,2018-04-01,2018,4,2573,238267.0,10.798809738654535,1079.8809738654534
Islington,2018-05-01,2018,5,2546,238267.0,10.68549148644168,1068.549148644168
Islington,2018-06-01,2018,6,2748,238267.0,11.533279891885993,1153.3279891885993
Islington,2018-07-01,2018,7,2921,238267.0,12.259356100509093,1225.9356100509092
Islington,2018-08-01,2018,8,2491,238267.0,10.454658009711794,1045.4658009711793
Islington,2018-09-01,2018,9,2515,238267.0,10.555385345012109,1055.538534501211
Islington,2018-10-01,2018,10,2817,238267.0,11.822870980874397,1182.2870980874397
Islington,2018-11-01,2018,11,2571,238267.0,10.790415794046176,1079.0415794046176
Islington,2018-12-01,2018,12,2605,238267.0,10.933112852388287,1093.3112852388288
Islington,2019-01-01,2019,1,2772,241589.0,11.474032344187856,1147.4032344187856
Islington,2019-02-01,2019,2,2424,241589.0,10.033569409203235,1003.3569409203234
Islington,2019-03-01,2019,3,2674,241589.0,11.068384736060002,1106.8384736060002
Islington,2019-04-01,2019,4,2699,241589.0,11.17186626874568,1117.186626874568
Islington,2019-05-01,2019,5,2669,241589.0,11.047688429522868,1104.7688429522866
Islington,2019-06-01,2019,6,2485,241589.0,10.286064348956286,1028.6064348956286
Islington,2019-07-01,2019,7,3047,241589.0,12.612329203730303,1261.2329203730303
Islington,2019-08-01,2019,8,2588,241589.0,10.712408263621274,1071.2408263621273
Islington,2019-09-01,2019,9,2679,241589.0,11.089081042597138,1108.9081042597138
Islington,2019-10-01,2019,10,3007,241589.0,12.446758751433219,1244.675875143322
Islington,2019-11-01,2019,11,2817,241589.0,11.660299103022075,1166.0299103022076
Islington,2019-12-01,2019,12,2643,241589.0,10.940067635529763,1094.0067635529763
Islington,2020-01-01,2020,1,2827,242827.0,11.642033217064,1164.2033217064
Islington,2020-02-01,2020,2,2723,242827.0,11.213744764791395,1121.3744764791395
Islington,2020-03-01,2020,3,1774,242827.0,7.305612637803868,730.5612637803869
Islington,2020-04-01,2020,4,1609,242827.0,6.6261165356406,662.61165356406
Islington,2020-05-01,2020,5,1894,242827.0,7.799791621195337,779.9791621195336
Islington,2020-06-01,2020,6,2103,242827.0,8.660486683935478,866.0486683935477
Islington,2020-07-01,2020,7,2392,242827.0,9.850634402269929,985.063440226993
Islington,2020-08-01,2020,8,2523,242827.0,10.390113125805614,1039.0113125805615
Islington,2020-09-01,2020,9,2492,242827.0,10.262450221762819,1026.245022176282
Islington,2020-10-01,2020,10,2354,242827.0,9.69414439086263,969.4144390862631
Islington,2020-11-01,2020,11,2174,242827.0,8.95287591577543,895.2875915775429
Islington,2020-12-01,2020,12,1981,242827.0,8.158071384154152,815.8071384154151
Islington,2021-01-01,2021,1,1618,244372.0,6.621053148478548,662.105314847855
Islington,2021-02-01,2021,2,1671,244372.0,6.837935606370616,683.7935606370615
Islington,2021-03-01,2021,3,1983,244372.0,8.114677622640892,811.4677622640892
Islington,2021-04-01,2021,4,2079,244372.0,8.507521319954822,850.7521319954823
Islington,2021-05-01,2021,5,2190,244372.0,8.961746844974057,896.1746844974057
Islington,2021-06-01,2021,6,2229,244372.0,9.12133959700784,912.133959700784
Islington,2021-07-01,2021,7,2378,244372.0,9.731065752213837,973.1065752213838
Islington,2021-08-01,2021,8,2354,244372.0,9.632854827885355,963.2854827885355
Islington,2021-09-01,2021,9,2338,244372.0,9.567380878333033,956.7380878333033
Islington,2021-10-01,2021,10,2578,244372.0,10.549490121617861,1054.9490121617862
Islington,2021-11-01,2021,11,2485,244372.0,10.168922789844991,1016.8922789844991
Islington,2021-12-01,2021,12,2206,244372.0,9.027220794526379,902.7220794526378
Islington,2022-01-01,2022,1,2295,245839.0,9.335378031964009,933.5378031964009
Islington,2022-02-01,2022,2,2208,245839.0,8.981487884347073,898.1487884347073
Islington,2022-03-01,2022,3,2453,245839.0,9.978075081659135,997.8075081659135
Islington,2022-04-01,2022,4,2255,245839.0,9.172669918117142,917.2669918117142
Islington,2022-05-01,2022,5,2572,245839.0,10.462131720353565,1046.2131720353564
Islington,2022-06-01,2022,6,2285,245839.0,9.294701003502292,929.4701003502291
Islington,2022-07-01,2022,7,2469,245839.0,10.043158327197881,1004.3158327197882
Islington,2022-08-01,2022,8,2427,245839.0,9.872314807658672,987.2314807658671
Islington,2022-09-01,2022,9,2340,245839.0,9.518424660041735,951.8424660041735
Islington,2022-10-01,2022,10,2695,245839.0,10.962459170432682,1096.245917043268
Islington,2022-11-01,2022,11,2475,245839.0,10.067564544274912,1006.7564544274911
Islington,2022-12-01,2022,12,2314,245839.0,9.412664386041271,941.2664386041271
Islington,2023-01-01,2023,1,2499,247009.0,10.11704026978774,1011.704026978774
Islington,2023-02-01,2023,2,2276,247009.0,9.214239157277671,921.423915727767
Islington,2023-03-01,2023,3,2565,247009.0,10.384237011606864,1038.4237011606865
Kensington And Chelsea,2010-04-01,2010,4,1669,160463.0,10.40115166736257,1040.115166736257
Kensington And Chelsea,2010-05-01,2010,5,1835,160463.0,11.435658064475923,1143.5658064475922
Kensington And Chelsea,2010-06-01,2010,6,1804,160463.0,11.242467110798128,1124.2467110798127
Kensington And Chelsea,2010-07-01,2010,7,1954,160463.0,12.177262047948748,1217.7262047948748
Kensington And Chelsea,2010-08-01,2010,8,2112,160463.0,13.161912715080735,1316.1912715080734
Kensington And Chelsea,2010-09-01,2010,9,2032,160463.0,12.663355415267072,1266.3355415267072
Kensington And Chelsea,2010-10-01,2010,10,1925,160463.0,11.996535026766296,1199.6535026766296
Kensington And Chelsea,2010-11-01,2010,11,1731,160463.0,10.787533574718159,1078.753357471816
Kensington And Chelsea,2010-12-01,2010,12,1696,160463.0,10.569414756049682,1056.941475604968
Kensington And Chelsea,2011-01-01,2011,1,1785,158652.0,11.25104001210196,1125.104001210196
Kensington And Chelsea,2011-02-01,2011,2,1601,158652.0,10.091268940826463,1009.1268940826463
Kensington And Chelsea,2011-03-01,2011,3,1907,158652.0,12.0200186571868,1202.00186571868
Kensington And Chelsea,2011-04-01,2011,4,1730,158652.0,10.904369311448958,1090.4369311448957
Kensington And Chelsea,2011-05-01,2011,5,2084,158652.0,13.13566800292464,1313.566800292464
Kensington And Chelsea,2011-06-01,2011,6,1727,158652.0,10.88546000050425,1088.546000050425
Kensington And Chelsea,2011-07-01,2011,7,1753,158652.0,11.049340695358394,1104.9340695358394
Kensington And Chelsea,2011-08-01,2011,8,1997,158652.0,12.587297985528075,1258.7297985528073
Kensington And Chelsea,2011-09-01,2011,9,1602,158652.0,10.097572044474699,1009.7572044474699
Kensington And Chelsea,2011-10-01,2011,10,1619,158652.0,10.204724806494719,1020.4724806494718
Kensington And Chelsea,2011-11-01,2011,11,1901,158652.0,11.98220003529738,1198.220003529738
Kensington And Chelsea,2011-12-01,2011,12,1845,158652.0,11.629226230996142,1162.9226230996144
Kensington And Chelsea,2012-01-01,2012,1,1860,156331.0,11.897832163806283,1189.7832163806283
Kensington And Chelsea,2012-02-01,2012,2,1622,156331.0,10.375421381555801,1037.5421381555802
Kensington And Chelsea,2012-03-01,2012,3,2011,156331.0,12.863731441620663,1286.3731441620664
Kensington And Chelsea,2012-04-01,2012,4,1860,156331.0,11.897832163806283,1189.7832163806283
Kensington And Chelsea,2012-05-01,2012,5,1879,156331.0,12.01936915902796,1201.936915902796
Kensington And Chelsea,2012-06-01,2012,6,1769,156331.0,11.31573392353404,1131.573392353404
Kensington And Chelsea,2012-07-01,2012,7,1828,156331.0,11.693138277117143,1169.3138277117143
Kensington And Chelsea,2012-08-01,2012,8,2481,156331.0,15.870172902367413,1587.0172902367412
Kensington And Chelsea,2012-09-01,2012,9,1719,156331.0,10.995899725582259,1099.5899725582258
Kensington And Chelsea,2012-10-01,2012,10,1853,156331.0,11.853055376093034,1185.3055376093034
Kensington And Chelsea,2012-11-01,2012,11,1780,156331.0,11.386097447083433,1138.6097447083432
Kensington And Chelsea,2012-12-01,2012,12,1803,156331.0,11.533221178141252,1153.322117814125
Kensington And Chelsea,2013-01-01,2013,1,1797,155995.0,11.519599987179076,1151.9599987179076
Kensington And Chelsea,2013-02-01,2013,2,1664,155995.0,10.667008557966602,1066.70085579666
Kensington And Chelsea,2013-03-01,2013,3,1494,155995.0,9.57723003942434,957.723003942434
Kensington And Chelsea,2013-04-01,2013,4,1551,155995.0,9.942626366229687,994.2626366229687
Kensington And Chelsea,2013-05-01,2013,5,1516,155995.0,9.718260200647457,971.8260200647456
Kensington And Chelsea,2013-06-01,2013,6,1501,155995.0,9.622103272540787,962.2103272540786
Kensington And Chelsea,2013-07-01,2013,7,1589,155995.0,10.186223917433251,1018.6223917433251
Kensington And Chelsea,2013-08-01,2013,8,2204,155995.0,14.128657969806724,1412.8657969806725
Kensington And Chelsea,2013-09-01,2013,9,1585,155995.0,10.160582069938139,1016.0582069938139
Kensington And Chelsea,2013-10-01,2013,10,1619,155995.0,10.378537773646592,1037.8537773646592
Kensington And Chelsea,2013-11-01,2013,11,1606,155995.0,10.295201769287477,1029.5201769287478
Kensington And Chelsea,2013-12-01,2013,12,1535,155995.0,9.840058976249239,984.0058976249239
Kensington And Chelsea,2014-01-01,2014,1,1500,156591.0,9.579094583979922,957.9094583979921
Kensington And Chelsea,2014-02-01,2014,2,1459,156591.0,9.317265998684471,931.726599868447
Kensington And Chelsea,2014-03-01,2014,3,1536,156591.0,9.80899285399544,980.899285399544
Kensington And Chelsea,2014-04-01,2014,4,1604,156591.0,10.24324514180253,1024.3245141802531
Kensington And Chelsea,2014-05-01,2014,5,1572,156591.0,10.03889112401096,1003.8891124010959
Kensington And Chelsea,2014-06-01,2014,6,1556,156591.0,9.936714115115173,993.6714115115172
Kensington And Chelsea,2014-07-01,2014,7,1549,156591.0,9.892011673723266,989.2011673723267
Kensington And Chelsea,2014-08-01,2014,8,2138,156591.0,13.653402813699381,1365.3402813699383
Kensington And Chelsea,2014-09-01,2014,9,1530,156591.0,9.77067647565952,977.067647565952
Kensington And Chelsea,2014-10-01,2014,10,1696,156591.0,10.8307629429533,1083.07629429533
Kensington And Chelsea,2014-11-01,2014,11,1659,156591.0,10.594478609881794,1059.4478609881794
Kensington And Chelsea,2014-12-01,2014,12,1773,156591.0,11.322489798264268,1132.2489798264269
Kensington And Chelsea,2015-01-01,2015,1,1689,158112.0,10.682301153612629,1068.230115361263
Kensington And Chelsea,2015-02-01,2015,2,1490,158112.0,9.423699655940093,942.3699655940093
Kensington And Chelsea,2015-03-01,2015,3,1710,158112.0,10.81511839708561,1081.511839708561
Kensington And Chelsea,2015-04-01,2015,4,1579,158112.0,9.98659178303987,998.6591783039871
Kensington And Chelsea,2015-05-01,2015,5,1710,158112.0,10.81511839708561,1081.5118397085612
Kensington And Chelsea,2015-06-01,2015,6,1732,158112.0,10.954260271200162,1095.4260271200162
Kensington And Chelsea,2015-07-01,2015,7,1772,158112.0,11.207245496862983,1120.7245496862984
Kensington And Chelsea,2015-08-01,2015,8,1828,158112.0,11.561424812790932,1156.1424812790933
Kensington And Chelsea,2015-09-01,2015,9,1896,158112.0,11.99149969641773,1199.149969641773
Kensington And Chelsea,2015-10-01,2015,10,1878,158112.0,11.87765634486946,1187.765634486946
Kensington And Chelsea,2015-11-01,2015,11,1766,158112.0,11.16929771301356,1116.929771301356
Kensington And Chelsea,2015-12-01,2015,12,1843,158112.0,11.65629427241449,1165.629427241449
Kensington And Chelsea,2016-01-01,2016,1,1645,157127.0,10.469238259497095,1046.9238259497095
Kensington And Chelsea,2016-02-01,2016,2,1526,157127.0,9.711889108810071,971.1889108810071
Kensington And Chelsea,2016-03-01,2016,3,1679,157127.0,10.685623731121959,1068.562373112196
Kensington And Chelsea,2016-04-01,2016,4,1546,157127.0,9.839174680354109,983.9174680354108
Kensington And Chelsea,2016-05-01,2016,5,1755,157127.0,11.169308902989302,1116.93089029893
Kensington And Chelsea,2016-06-01,2016,6,1774,157127.0,11.290230195956138,1129.0230195956137
Kensington And Chelsea,2016-07-01,2016,7,1785,157127.0,11.360237260305357,1136.0237260305357
Kensington And Chelsea,2016-08-01,2016,8,2552,157127.0,16.2416389290192,1624.16389290192
Kensington And Chelsea,2016-09-01,2016,9,1888,157127.0,12.015757953757152,1201.5757953757152
Kensington And Chelsea,2016-10-01,2016,10,1750,157127.0,11.137487510103293,1113.7487510103292
Kensington And Chelsea,2016-11-01,2016,11,1648,157127.0,10.4883310952287,1048.83310952287
Kensington And Chelsea,2016-12-01,2016,12,1790,157127.0,11.392058653191366,1139.2058653191366
Kensington And Chelsea,2017-01-01,2017,1,1603,157954.0,10.148524253896705,1014.8524253896704
Kensington And Chelsea,2017-02-01,2017,2,1430,157954.0,9.053268673158009,905.3268673158008
Kensington And Chelsea,2017-03-01,2017,3,1928,157954.0,12.206085315978068,1220.608531597807
Kensington And Chelsea,2017-04-01,2017,4,1844,157954.0,11.674284918393962,1167.4284918393962
Kensington And Chelsea,2017-05-01,2017,5,1905,157954.0,12.06047330235385,1206.047330235385
Kensington And Chelsea,2017-06-01,2017,6,1848,157954.0,11.699608746850348,1169.960874685035
Kensington And Chelsea,2017-07-01,2017,7,2091,157954.0,13.2380313255758,1323.80313255758
Kensington And Chelsea,2017-08-01,2017,8,2486,157954.0,15.738759385643922,1573.875938564392
Kensington And Chelsea,2017-09-01,2017,9,1881,157954.0,11.908530331615534,1190.8530331615534
Kensington And Chelsea,2017-10-01,2017,10,1862,157954.0,11.7882421464477,1178.8242146447699
Kensington And Chelsea,2017-11-01,2017,11,1953,157954.0,12.364359243830481,1236.4359243830481
Kensington And Chelsea,2017-12-01,2017,12,1883,157954.0,11.921192245843727,1192.1192245843727
Kensington And Chelsea,2018-01-01,2018,1,1935,159301.0,12.1468164041657,1214.68164041657
Kensington And Chelsea,2018-02-01,2018,2,1888,159301.0,11.851777452746687,1185.1777452746687
Kensington And Chelsea,2018-03-01,2018,3,1815,159301.0,11.393525464372477,1139.3525464372478
Kensington And Chelsea,2018-04-01,2018,4,1813,159301.0,11.380970615375924,1138.0970615375923
Kensington And Chelsea,2018-05-01,2018,5,1931,159301.0,12.121706706172592,1212.1706706172592
Kensington And Chelsea,2018-06-01,2018,6,1947,159301.0,12.222145498145021,1222.214549814502
Kensington And Chelsea,2018-07-01,2018,7,2020,159301.0,12.680397486519231,1268.039748651923
Kensington And Chelsea,2018-08-01,2018,8,2313,159301.0,14.519682864514348,1451.9682864514348
Kensington And Chelsea,2018-09-01,2018,9,1842,159301.0,11.563015925825951,1156.3015925825953
Kensington And Chelsea,2018-10-01,2018,10,1871,159301.0,11.74506123627598,1174.506123627598
Kensington And Chelsea,2018-11-01,2018,11,2003,159301.0,12.573681270048525,1257.3681270048526
Kensington And Chelsea,2018-12-01,2018,12,1911,159301.0,11.996158216207055,1199.6158216207054
Kensington And Chelsea,2019-01-01,2019,1,1882,160531.0,11.723592327961578,1172.3592327961578
Kensington And Chelsea,2019-02-01,2019,2,1839,160531.0,11.455731291775422,1145.5731291775421
Kensington And Chelsea,2019-03-01,2019,3,2116,160531.0,13.181254710928107,1318.1254710928106
Kensington And Chelsea,2019-04-01,2019,4,1956,160531.0,12.184562483258684,1218.4562483258685
Kensington And Chelsea,2019-05-01,2019,5,1990,160531.0,12.396359581638437,1239.6359581638437
Kensington And Chelsea,2019-06-01,2019,6,2268,160531.0,14.128112327214058,1412.8112327214058
Kensington And Chelsea,2019-07-01,2019,7,2364,160531.0,14.726127663815712,1472.6127663815712
Kensington And Chelsea,2019-08-01,2019,8,2837,160531.0,17.67259906186344,1767.259906186344
Kensington And Chelsea,2019-09-01,2019,9,2179,160531.0,13.573702275572941,1357.3702275572941
Kensington And Chelsea,2019-10-01,2019,10,2364,160531.0,14.726127663815712,1472.6127663815712
Kensington And Chelsea,2019-11-01,2019,11,2402,160531.0,14.962842067887198,1496.28420678872
Kensington And Chelsea,2019-12-01,2019,12,2343,160531.0,14.595311808934099,1459.53118089341
Kensington And Chelsea,2020-01-01,2020,1,2170,160794.0,13.495528440115924,1349.5528440115925
Kensington And Chelsea,2020-02-01,2020,2,1923,160794.0,11.959401470204112,1195.9401470204111
Kensington And Chelsea,2020-03-01,2020,3,1339,160794.0,8.327425152679826,832.7425152679826
Kensington And Chelsea,2020-04-01,2020,4,975,160794.0,6.063659091757156,606.3659091757155
Kensington And Chelsea,2020-05-01,2020,5,1157,160794.0,7.195542122218491,719.5542122218491
Kensington And Chelsea,2020-06-01,2020,6,1376,160794.0,8.557533241290098,855.7533241290098
Kensington And Chelsea,2020-07-01,2020,7,1777,160794.0,11.05140739082304,1105.140739082304
Kensington And Chelsea,2020-08-01,2020,8,1674,160794.0,10.410836225232284,1041.0836225232285
Kensington And Chelsea,2020-09-01,2020,9,1823,160794.0,11.337487717203379,1133.7487717203378
Kensington And Chelsea,2020-10-01,2020,10,1849,160794.0,11.499185292983569,1149.9185292983568
Kensington And Chelsea,2020-11-01,2020,11,1372,160794.0,8.532656691170068,853.2656691170068
Kensington And Chelsea,2020-12-01,2020,12,1620,160794.0,10.075002798611889,1007.5002798611889
Kensington And Chelsea,2021-01-01,2021,1,1153,161552.0,7.137020897296226,713.7020897296227
Kensington And Chelsea,2021-02-01,2021,2,1195,161552.0,7.396999108646132,739.6999108646132
Kensington And Chelsea,2021-03-01,2021,3,1370,161552.0,8.480241655937407,848.0241655937407
Kensington And Chelsea,2021-04-01,2021,4,1461,161552.0,9.04352778052887,904.3527780528871
Kensington And Chelsea,2021-05-01,2021,5,1685,161552.0,10.430078241061702,1043.0078241061701
Kensington And Chelsea,2021-06-01,2021,6,1648,161552.0,10.20104981677726,1020.1049816777261
Kensington And Chelsea,2021-07-01,2021,7,1752,161552.0,10.844805387738933,1084.4805387738934
Kensington And Chelsea,2021-08-01,2021,8,1707,161552.0,10.566257304149747,1056.625730414975
Kensington And Chelsea,2021-09-01,2021,9,1893,161552.0,11.717589382985045,1171.7589382985045
Kensington And Chelsea,2021-10-01,2021,10,1944,161552.0,12.033277211052788,1203.327721105279
Kensington And Chelsea,2021-11-01,2021,11,1881,161552.0,11.64330989402793,1164.330989402793
Kensington And Chelsea,2021-12-01,2021,12,1807,161552.0,11.185253045459046,1118.5253045459046
Kensington And Chelsea,2022-01-01,2022,1,1793,162446.0,11.037514004653854,1103.7514004653854
Kensington And Chelsea,2022-02-01,2022,2,1605,162446.0,9.88020634549327,988.0206345493272
Kensington And Chelsea,2022-03-01,2022,3,1826,162446.0,11.24065843418736,1124.065843418736
Kensington And Chelsea,2022-04-01,2022,4,1770,162446.0,10.895928493160804,1089.5928493160804
Kensington And Chelsea,2022-05-01,2022,5,1764,162446.0,10.85899314233653,1085.899314233653
Kensington And Chelsea,2022-06-01,2022,6,1805,162446.0,11.111384706302402,1111.1384706302401
Kensington And Chelsea,2022-07-01,2022,7,1927,162446.0,11.862403506395971,1186.2403506395972
Kensington And Chelsea,2022-08-01,2022,8,2324,162446.0,14.306292552602095,1430.6292552602094
Kensington And Chelsea,2022-09-01,2022,9,1677,162446.0,10.323430555384558,1032.3430555384557
Kensington And Chelsea,2022-10-01,2022,10,1932,162446.0,11.8931829654162,1189.31829654162
Kensington And Chelsea,2022-11-01,2022,11,1929,162446.0,11.874715290004064,1187.4715290004062
Kensington And Chelsea,2022-12-01,2022,12,1803,162446.0,11.09907292269431,1109.907292269431
Kensington And Chelsea,2023-01-01,2023,1,1860,163255.0,11.393219196961809,1139.3219196961809
Kensington And Chelsea,2023-02-01,2023,2,1655,163255.0,10.137514930629997,1013.7514930629995
Kensington And Chelsea,2023-03-01,2023,3,1874,163255.0,11.478974610272275,1147.8974610272273
Kingston Upon Thames,2010-04-01,2010,4,991,158648.0,6.246533205587212,624.6533205587211
Kingston Upon Thames,2010-05-01,2010,5,1024,158648.0,6.454540870354496,645.4540870354496
Kingston Upon Thames,2010-06-01,2010,6,1044,158648.0,6.580606121728606,658.0606121728606
Kingston Upon Thames,2010-07-01,2010,7,975,158648.0,6.145681004487923,614.5681004487923
Kingston Upon Thames,2010-08-01,2010,8,897,158648.0,5.65402652412889,565.402652412889
Kingston Upon Thames,2010-09-01,2010,9,1126,158648.0,7.097473652362463,709.7473652362462
Kingston Upon Thames,2010-10-01,2010,10,1147,158648.0,7.22984216630528,722.984216630528
Kingston Upon Thames,2010-11-01,2010,11,1046,158648.0,6.593212646866018,659.3212646866018
Kingston Upon Thames,2010-12-01,2010,12,933,158648.0,5.880943976602289,588.0943976602289
Kingston Upon Thames,2011-01-01,2011,1,876,160469.0,5.458998311200294,545.8998311200294
Kingston Upon Thames,2011-02-01,2011,2,992,160469.0,6.181879366108095,618.1879366108095
Kingston Upon Thames,2011-03-01,2011,3,1065,160469.0,6.636795892041453,663.6795892041454
Kingston Upon Thames,2011-04-01,2011,4,1019,160469.0,6.350136163371118,635.0136163371118
Kingston Upon Thames,2011-05-01,2011,5,955,160469.0,5.951305236525435,595.1305236525435
Kingston Upon Thames,2011-06-01,2011,6,960,160469.0,5.982463902685254,598.2463902685254
Kingston Upon Thames,2011-07-01,2011,7,1020,160469.0,6.356367896603082,635.6367896603082
Kingston Upon Thames,2011-08-01,2011,8,929,160469.0,5.789280172494376,578.9280172494375
Kingston Upon Thames,2011-09-01,2011,9,980,160469.0,6.10709856732453,610.709856732453
Kingston Upon Thames,2011-10-01,2011,10,1149,160469.0,7.160261483526413,716.0261483526413
Kingston Upon Thames,2011-11-01,2011,11,1084,160469.0,6.755198823448765,675.5198823448766
Kingston Upon Thames,2011-12-01,2011,12,1088,160469.0,6.780125756376621,678.012575637662
Kingston Upon Thames,2012-01-01,2012,1,1001,163939.0,6.1059296445629165,610.5929644562917
Kingston Upon Thames,2012-02-01,2012,2,959,163939.0,5.849736792343494,584.9736792343493
Kingston Upon Thames,2012-03-01,2012,3,1054,163939.0,6.42922062474457,642.922062474457
Kingston Upon Thames,2012-04-01,2012,4,894,163939.0,5.453247854384863,545.3247854384863
Kingston Upon Thames,2012-05-01,2012,5,947,163939.0,5.776538834566516,577.6538834566516
Kingston Upon Thames,2012-06-01,2012,6,970,163939.0,5.916834920305724,591.6834920305723
Kingston Upon Thames,2012-07-01,2012,7,909,163939.0,5.544745301606085,554.4745301606085
Kingston Upon Thames,2012-08-01,2012,8,1042,163939.0,6.356022666967592,635.6022666967592
Kingston Upon Thames,2012-09-01,2012,9,975,163939.0,5.9473340693794645,594.7334069379465
Kingston Upon Thames,2012-10-01,2012,10,1098,163939.0,6.697613136593489,669.761313659349
Kingston Upon Thames,2012-11-01,2012,11,1017,163939.0,6.203526921598887,620.3526921598888
Kingston Upon Thames,2012-12-01,2012,12,859,163939.0,5.2397538108686765,523.9753810868676
Kingston Upon Thames,2013-01-01,2013,1,933,166826.0,5.592653423327299,559.2653423327299
Kingston Upon Thames,2013-02-01,2013,2,850,166826.0,5.09512905662187,509.512905662187
Kingston Upon Thames,2013-03-01,2013,3,899,166826.0,5.388848261062424,538.8848261062425
Kingston Upon Thames,2013-04-01,2013,4,816,166826.0,4.8913238943569946,489.13238943569945
Kingston Upon Thames,2013-05-01,2013,5,916,166826.0,5.490750842194862,549.0750842194861
Kingston Upon Thames,2013-06-01,2013,6,811,166826.0,4.861352546965101,486.1352546965101
Kingston Upon Thames,2013-07-01,2013,7,841,166826.0,5.041180631316461,504.1180631316462
Kingston Upon Thames,2013-08-01,2013,8,809,166826.0,4.849364008008344,484.9364008008344
Kingston Upon Thames,2013-09-01,2013,9,832,166826.0,4.987232206011053,498.72322060110537
Kingston Upon Thames,2013-10-01,2013,10,988,166826.0,5.9223382446381265,592.2338244638127
Kingston Upon Thames,2013-11-01,2013,11,948,166826.0,5.682567465502979,568.2567465502979
Kingston Upon Thames,2013-12-01,2013,12,820,166826.0,4.91530097227051,491.53009722705093
Kingston Upon Thames,2014-01-01,2014,1,780,169991.0,4.588478213552482,458.84782135524824
Kingston Upon Thames,2014-02-01,2014,2,767,169991.0,4.512003576659941,451.2003576659941
Kingston Upon Thames,2014-03-01,2014,3,869,169991.0,5.112035343047573,511.20353430475734
Kingston Upon Thames,2014-04-01,2014,4,798,169991.0,4.69436617232677,469.436617232677
Kingston Upon Thames,2014-05-01,2014,5,848,169991.0,4.988499391144237,498.8499391144237
Kingston Upon Thames,2014-06-01,2014,6,842,169991.0,4.953203404886141,495.3203404886141
Kingston Upon Thames,2014-07-01,2014,7,826,169991.0,4.859080774864552,485.90807748645517
Kingston Upon Thames,2014-08-01,2014,8,846,169991.0,4.976734062391539,497.67340623915385
Kingston Upon Thames,2014-09-01,2014,9,931,169991.0,5.476760534381232,547.6760534381232
Kingston Upon Thames,2014-10-01,2014,10,948,169991.0,5.576765828779171,557.6765828779171
Kingston Upon Thames,2014-11-01,2014,11,1004,169991.0,5.9061950338547335,590.6195033854733
Kingston Upon Thames,2014-12-01,2014,12,946,169991.0,5.565000500026472,556.5000500026472
Kingston Upon Thames,2015-01-01,2015,1,875,173558.0,5.041542308623054,504.15423086230544
Kingston Upon Thames,2015-02-01,2015,2,872,173558.0,5.024257020707775,502.4257020707775
Kingston Upon Thames,2015-03-01,2015,3,892,173558.0,5.139492273476302,513.9492273476302
Kingston Upon Thames,2015-04-01,2015,4,832,173558.0,4.793786515170721,479.3786515170721
Kingston Upon Thames,2015-05-01,2015,5,903,173558.0,5.202871662498992,520.2871662498992
Kingston Upon Thames,2015-06-01,2015,6,951,173558.0,5.479436269143457,547.9436269143457
Kingston Upon Thames,2015-07-01,2015,7,936,173558.0,5.393009829567061,539.3009829567061
Kingston Upon Thames,2015-08-01,2015,8,864,173558.0,4.978162919600364,497.81629196003644
Kingston Upon Thames,2015-09-01,2015,9,856,173558.0,4.9320688184929535,493.2068818492953
Kingston Upon Thames,2015-10-01,2015,10,923,173558.0,5.318106915267519,531.8106915267518
Kingston Upon Thames,2015-11-01,2015,11,964,173558.0,5.554339183442999,555.4339183442999
Kingston Upon Thames,2015-12-01,2015,12,1017,173558.0,5.859712603279595,585.9712603279595
Kingston Upon Thames,2016-01-01,2016,1,900,176140.0,5.10957193141819,510.95719314181906
Kingston Upon Thames,2016-02-01,2016,2,894,176140.0,5.075508118542069,507.55081185420687
Kingston Upon Thames,2016-03-01,2016,3,871,176140.0,4.944930169183604,494.49301691836035
Kingston Upon Thames,2016-04-01,2016,4,956,176140.0,5.427500851595322,542.7500851595322
Kingston Upon Thames,2016-05-01,2016,5,984,176140.0,5.586465311683888,558.6465311683887
Kingston Upon Thames,2016-06-01,2016,6,883,176140.0,5.013057794935847,501.3057794935846
Kingston Upon Thames,2016-07-01,2016,7,870,176140.0,4.939252867037584,493.9252867037584
Kingston Upon Thames,2016-08-01,2016,8,877,176140.0,4.978993982059725,497.8993982059725
Kingston Upon Thames,2016-09-01,2016,9,980,176140.0,5.5637561030998075,556.3756103099807
Kingston Upon Thames,2016-10-01,2016,10,947,176140.0,5.37640513228114,537.6405132281141
Kingston Upon Thames,2016-11-01,2016,11,916,176140.0,5.2004087657545135,520.0408765754513
Kingston Upon Thames,2016-12-01,2016,12,1024,176140.0,5.813557397524697,581.3557397524696
Kingston Upon Thames,2017-01-01,2017,1,1026,178419.0,5.750508634170128,575.0508634170127
Kingston Upon Thames,2017-02-01,2017,2,956,178419.0,5.358173737101991,535.817373710199
Kingston Upon Thames,2017-03-01,2017,3,1117,178419.0,6.260544000358706,626.0544000358707
Kingston Upon Thames,2017-04-01,2017,4,984,178419.0,5.515107695929245,551.5107695929245
Kingston Upon Thames,2017-05-01,2017,5,1031,178419.0,5.778532555389281,577.853255538928
Kingston Upon Thames,2017-06-01,2017,6,936,178419.0,5.246078052225379,524.607805222538
Kingston Upon Thames,2017-07-01,2017,7,1035,178419.0,5.8009516923646025,580.0951692364603
Kingston Upon Thames,2017-08-01,2017,8,1034,178419.0,5.795346908120772,579.5346908120772
Kingston Upon Thames,2017-09-01,2017,9,1015,178419.0,5.688856007487992,568.8856007487991
Kingston Upon Thames,2017-10-01,2017,10,1152,178419.0,6.456711448892775,645.6711448892775
Kingston Upon Thames,2017-11-01,2017,11,1223,178419.0,6.8546511302047435,685.4651130204743
Kingston Upon Thames,2017-12-01,2017,12,974,178419.0,5.45905985349094,545.905985349094
Kingston Upon Thames,2018-01-01,2018,1,1062,179581.0,5.913765932921634,591.3765932921634
Kingston Upon Thames,2018-02-01,2018,2,974,179581.0,5.42373636409197,542.3736364091969
Kingston Upon Thames,2018-03-01,2018,3,1015,179581.0,5.6520455950239725,565.2045595023973
Kingston Upon Thames,2018-04-01,2018,4,998,179581.0,5.557380791954605,555.7380791954605
Kingston Upon Thames,2018-05-01,2018,5,1032,179581.0,5.74671039809334,574.6710398093339
Kingston Upon Thames,2018-06-01,2018,6,959,179581.0,5.340208596677822,534.0208596677822
Kingston Upon Thames,2018-07-01,2018,7,1105,179581.0,6.1532121995088565,615.3212199508857
Kingston Upon Thames,2018-08-01,2018,8,1185,179581.0,6.598693625717643,659.8693625717643
Kingston Upon Thames,2018-09-01,2018,9,1046,179581.0,5.824669647679877,582.4669647679877
Kingston Upon Thames,2018-10-01,2018,10,1267,179581.0,7.055312087581648,705.5312087581648
Kingston Upon Thames,2018-11-01,2018,11,1195,179581.0,6.65437880399374,665.4378803993741
Kingston Upon Thames,2018-12-01,2018,12,1053,179581.0,5.863649272473146,586.3649272473147
Kingston Upon Thames,2019-01-01,2019,1,1111,180598.0,6.1517846266293095,615.1784626629309
Kingston Upon Thames,2019-02-01,2019,2,1092,180598.0,6.046578588910176,604.6578588910177
Kingston Upon Thames,2019-03-01,2019,3,1188,180598.0,6.578145937385796,657.8145937385796
Kingston Upon Thames,2019-04-01,2019,4,1150,180598.0,6.36773386194753,636.773386194753
Kingston Upon Thames,2019-05-01,2019,5,1121,180598.0,6.207156225428853,620.7156225428853
Kingston Upon Thames,2019-06-01,2019,6,1121,180598.0,6.207156225428853,620.7156225428853
Kingston Upon Thames,2019-07-01,2019,7,1231,180598.0,6.816243812223834,681.6243812223835
Kingston Upon Thames,2019-08-01,2019,8,1088,180598.0,6.024429949390359,602.4429949390359
Kingston Upon Thames,2019-09-01,2019,9,1093,180598.0,6.052115748790131,605.211574879013
Kingston Upon Thames,2019-10-01,2019,10,1096,180598.0,6.068727228429994,606.8727228429993
Kingston Upon Thames,2019-11-01,2019,11,1173,180598.0,6.49508853918648,649.508853918648
Kingston Upon Thames,2019-12-01,2019,12,1111,180598.0,6.1517846266293095,615.1784626629309
Kingston Upon Thames,2020-01-01,2020,1,1197,182728.0,6.550720196138522,655.0720196138523
Kingston Upon Thames,2020-02-01,2020,2,1140,182728.0,6.238781139179546,623.8781139179546
Kingston Upon Thames,2020-03-01,2020,3,789,182728.0,4.317893262116369,431.78932621163693
Kingston Upon Thames,2020-04-01,2020,4,696,182728.0,3.8089400639201436,380.8940063920144
Kingston Upon Thames,2020-05-01,2020,5,812,182728.0,4.443763407906834,444.37634079068346
Kingston Upon Thames,2020-06-01,2020,6,955,182728.0,5.226347357821462,522.6347357821462
Kingston Upon Thames,2020-07-01,2020,7,1093,182728.0,5.981568232564248,598.1568232564248
Kingston Upon Thames,2020-08-01,2020,8,1018,182728.0,5.571122104986647,557.1122104986647
Kingston Upon Thames,2020-09-01,2020,9,1043,182728.0,5.707937480845848,570.7937480845848
Kingston Upon Thames,2020-10-01,2020,10,968,182728.0,5.297491353268246,529.7491353268246
Kingston Upon Thames,2020-11-01,2020,11,933,182728.0,5.1059498270653645,510.5949827065365
Kingston Upon Thames,2020-12-01,2020,12,863,182728.0,4.722866774659604,472.28667746596034
Kingston Upon Thames,2021-01-01,2021,1,763,184660.0,4.131918119787718,413.1918119787718
Kingston Upon Thames,2021-02-01,2021,2,676,184660.0,3.660781977688725,366.07819776887254
Kingston Upon Thames,2021-03-01,2021,3,823,184660.0,4.456839597097368,445.6839597097368
Kingston Upon Thames,2021-04-01,2021,4,916,184660.0,4.960467886927326,496.04678869273255
Kingston Upon Thames,2021-05-01,2021,5,951,184660.0,5.150005415357955,515.0005415357955
Kingston Upon Thames,2021-06-01,2021,6,1148,184660.0,6.2168309325246405,621.683093252464
Kingston Upon Thames,2021-07-01,2021,7,1099,184660.0,5.951478392721759,595.1478392721759
Kingston Upon Thames,2021-08-01,2021,8,974,184660.0,5.274558648326654,527.4558648326654
Kingston Upon Thames,2021-09-01,2021,9,1078,184660.0,5.837755875663381,583.7755875663381
Kingston Upon Thames,2021-10-01,2021,10,1066,184660.0,5.772771580201452,577.2771580201452
Kingston Upon Thames,2021-11-01,2021,11,1105,184660.0,5.983970540452724,598.3970540452724
Kingston Upon Thames,2021-12-01,2021,12,1110,184660.0,6.0110473302285286,601.1047330228528
Kingston Upon Thames,2022-01-01,2022,1,1037,186434.0,5.562290140210477,556.2290140210476
Kingston Upon Thames,2022-02-01,2022,2,930,186434.0,4.988360492184902,498.8360492184902
Kingston Upon Thames,2022-03-01,2022,3,1075,186434.0,5.766115622686849,576.6115622686849
Kingston Upon Thames,2022-04-01,2022,4,959,186434.0,5.143911518285291,514.3911518285291
Kingston Upon Thames,2022-05-01,2022,5,1099,186434.0,5.894847506356137,589.4847506356136
Kingston Upon Thames,2022-06-01,2022,6,1017,186434.0,5.45501357048607,545.501357048607
Kingston Upon Thames,2022-07-01,2022,7,962,186434.0,5.160003003743952,516.0003003743952
Kingston Upon Thames,2022-08-01,2022,8,946,186434.0,5.074181747964428,507.4181747964427
Kingston Upon Thames,2022-09-01,2022,9,1002,186434.0,5.374556143192765,537.4556143192765
Kingston Upon Thames,2022-10-01,2022,10,1088,186434.0,5.835845393007713,583.5845393007713
Kingston Upon Thames,2022-11-01,2022,11,1107,186434.0,5.937758134245899,593.77581342459
Kingston Upon Thames,2022-12-01,2022,12,973,186434.0,5.219005117092376,521.9005117092375
Kingston Upon Thames,2023-01-01,2023,1,1047,187973.0,5.569948875636395,556.9948875636394
Kingston Upon Thames,2023-02-01,2023,2,1009,187973.0,5.367792182919888,536.7792182919887
Kingston Upon Thames,2023-03-01,2023,3,1153,187973.0,6.1338596500561255,613.3859650056125
Lambeth,2010-04-01,2010,4,3041,297650.0,10.2166974634638,1021.66974634638
Lambeth,2010-05-01,2010,5,3161,297650.0,10.619855535024357,1061.9855535024358
Lambeth,2010-06-01,2010,6,3360,297650.0,11.288426003695616,1128.8426003695615
Lambeth,2010-07-01,2010,7,3301,297650.0,11.090206618511674,1109.0206618511675
Lambeth,2010-08-01,2010,8,3101,297650.0,10.418276499244078,1041.8276499244078
Lambeth,2010-09-01,2010,9,3219,297650.0,10.81471526961196,1081.471526961196
Lambeth,2010-10-01,2010,10,3411,297650.0,11.459768184108853,1145.9768184108852
Lambeth,2010-11-01,2010,11,3346,297650.0,11.241390895346884,1124.1390895346883
Lambeth,2010-12-01,2010,12,2534,297650.0,8.513354611120443,851.3354611120443
Lambeth,2011-01-01,2011,1,3199,304808.0,10.49513136138159,1049.513136138159
Lambeth,2011-02-01,2011,2,3021,304808.0,9.911157187475395,991.1157187475394
Lambeth,2011-03-01,2011,3,3258,304808.0,10.688695834754993,1068.8695834754994
Lambeth,2011-04-01,2011,4,3485,304808.0,11.433426944174693,1143.3426944174694
Lambeth,2011-05-01,2011,5,3378,304808.0,11.082386289073778,1108.2386289073777
Lambeth,2011-06-01,2011,6,3282,304808.0,10.76743392561875,1076.743392561875
Lambeth,2011-07-01,2011,7,3472,304808.0,11.390777144956825,1139.0777144956826
Lambeth,2011-08-01,2011,8,3325,304808.0,10.908506338416315,1090.8506338416314
Lambeth,2011-09-01,2011,9,3195,304808.0,10.482008346237631,1048.200834623763
Lambeth,2011-10-01,2011,10,3306,304808.0,10.846172016482507,1084.6172016482506
Lambeth,2011-11-01,2011,11,3389,304808.0,11.118474580719665,1111.8474580719667
Lambeth,2011-12-01,2011,12,3021,304808.0,9.911157187475395,991.1157187475394
Lambeth,2012-01-01,2012,1,3579,310527.0,11.525567825020048,1152.5567825020046
Lambeth,2012-02-01,2012,2,2621,310527.0,8.440489876886712,844.0489876886712
Lambeth,2012-03-01,2012,3,3398,310527.0,10.942687753399865,1094.2687753399866
Lambeth,2012-04-01,2012,4,3123,310527.0,10.05709648436368,1005.7096484363678
Lambeth,2012-05-01,2012,5,3105,310527.0,9.999130510390401,999.91305103904
Lambeth,2012-06-01,2012,6,3281,310527.0,10.565908922573561,1056.590892257356
Lambeth,2012-07-01,2012,7,3122,310527.0,10.053876152476274,1005.3876152476274
Lambeth,2012-08-01,2012,8,3245,310527.0,10.449976974627004,1044.9976974627004
Lambeth,2012-09-01,2012,9,3114,310527.0,10.02811349737704,1002.811349737704
Lambeth,2012-10-01,2012,10,3223,310527.0,10.37912967310411,1037.912967310411
Lambeth,2012-11-01,2012,11,3342,310527.0,10.762349167705224,1076.2349167705224
Lambeth,2012-12-01,2012,12,3100,310527.0,9.983028850953378,998.302885095338
Lambeth,2013-01-01,2013,1,3179,314569.0,10.105890917413985,1010.5890917413985
Lambeth,2013-02-01,2013,2,2721,314569.0,8.649930539881552,864.9930539881552
Lambeth,2013-03-01,2013,3,2996,314569.0,9.524142556958887,952.4142556958886
Lambeth,2013-04-01,2013,4,2826,314569.0,8.983720582765626,898.3720582765626
Lambeth,2013-05-01,2013,5,2944,314569.0,9.358837011911536,935.8837011911536
Lambeth,2013-06-01,2013,6,3088,314569.0,9.816606213581123,981.6606213581122
Lambeth,2013-07-01,2013,7,3185,314569.0,10.124964634150219,1012.4964634150218
Lambeth,2013-08-01,2013,8,3225,314569.0,10.252122745725103,1025.2122745725103
Lambeth,2013-09-01,2013,9,3023,314569.0,9.609974282271935,960.9974282271934
Lambeth,2013-10-01,2013,10,3166,314569.0,10.064564531152147,1006.4564531152148
Lambeth,2013-11-01,2013,11,2991,314569.0,9.508247793012027,950.8247793012026
Lambeth,2013-12-01,2013,12,2850,314569.0,9.060015449710557,906.0015449710556
Lambeth,2014-01-01,2014,1,3136,318543.0,9.844824717542059,984.4824717542059
Lambeth,2014-02-01,2014,2,2680,318543.0,8.413306837695382,841.3306837695382
Lambeth,2014-03-01,2014,3,2791,318543.0,8.761768426868587,876.1768426868585
Lambeth,2014-04-01,2014,4,2745,318543.0,8.617360921445457,861.7360921445456
Lambeth,2014-05-01,2014,5,2818,318543.0,8.84652935396477,884.6529353964771
Lambeth,2014-06-01,2014,6,3000,318543.0,9.41788078846498,941.7880788464979
Lambeth,2014-07-01,2014,7,2964,318543.0,9.3048662190034,930.48662190034
Lambeth,2014-08-01,2014,8,3104,318543.0,9.744367322465099,974.4367322465099
Lambeth,2014-09-01,2014,9,3040,318543.0,9.54345253231118,954.3452532311179
Lambeth,2014-10-01,2014,10,3229,318543.0,10.136779021984474,1013.6779021984473
Lambeth,2014-11-01,2014,11,2985,318543.0,9.370791384522654,937.0791384522655
Lambeth,2014-12-01,2014,12,2884,318543.0,9.053722731311,905.3722731311001
Lambeth,2015-01-01,2015,1,2655,324758.0,8.17531823696414,817.531823696414
Lambeth,2015-02-01,2015,2,2716,324758.0,8.363150407380266,836.3150407380265
Lambeth,2015-03-01,2015,3,3064,324758.0,9.434717543524716,943.4717543524716
Lambeth,2015-04-01,2015,4,2913,324758.0,8.969755941347096,896.9755941347096
Lambeth,2015-05-01,2015,5,3199,324758.0,9.850411691166961,985.0411691166961
Lambeth,2015-06-01,2015,6,2976,324758.0,9.163746543580142,916.3746543580143
Lambeth,2015-07-01,2015,7,3233,324758.0,9.955105032054638,995.5105032054638
Lambeth,2015-08-01,2015,8,3219,324758.0,9.911996009336182,991.1996009336183
Lambeth,2015-09-01,2015,9,2980,324758.0,9.176063407213988,917.6063407213987
Lambeth,2015-10-01,2015,10,3276,324758.0,10.087511316118464,1008.7511316118464
Lambeth,2015-11-01,2015,11,3306,324758.0,10.179887793372295,1017.9887793372296
Lambeth,2015-12-01,2015,12,3023,324758.0,9.308469691277812,930.8469691277812
Lambeth,2016-01-01,2016,1,3087,328237.0,9.404789831737434,940.4789831737434
Lambeth,2016-02-01,2016,2,2909,328237.0,8.862498743286102,886.2498743286101
Lambeth,2016-03-01,2016,3,3007,328237.0,9.161063499849194,916.1063499849195
Lambeth,2016-04-01,2016,4,3051,328237.0,9.295112982387726,929.5112982387726
Lambeth,2016-05-01,2016,5,3404,328237.0,10.370555421844582,1037.0555421844583
Lambeth,2016-06-01,2016,6,3291,328237.0,10.026291978052445,1002.6291978052444
Lambeth,2016-07-01,2016,7,3532,328237.0,10.760517552865764,1076.0517552865765
Lambeth,2016-08-01,2016,8,3367,328237.0,10.25783199334627,1025.7831993346272
Lambeth,2016-09-01,2016,9,3168,328237.0,9.651562742774276,965.1562742774275
Lambeth,2016-10-01,2016,10,3199,328237.0,9.746006696380968,974.6006696380969
Lambeth,2016-11-01,2016,11,3041,328237.0,9.264647190901696,926.4647190901695
Lambeth,2016-12-01,2016,12,3020,328237.0,9.200669028781034,920.0669028781033
Lambeth,2017-01-01,2017,1,3055,331157.0,9.225231536703134,922.5231536703135
Lambeth,2017-02-01,2017,2,2565,331157.0,7.74557083196188,774.5570831961879
Lambeth,2017-03-01,2017,3,3014,331157.0,9.101423192020704,910.1423192020703
Lambeth,2017-04-01,2017,4,2970,331157.0,8.968555700166387,896.8555700166387
Lambeth,2017-05-01,2017,5,3105,331157.0,9.376217322901223,937.6217322901222
Lambeth,2017-06-01,2017,6,3250,331157.0,9.814076102875676,981.4076102875675
Lambeth,2017-07-01,2017,7,3562,331157.0,10.75622740875174,1075.622740875174
Lambeth,2017-08-01,2017,8,3388,331157.0,10.230796872782395,1023.0796872782396
Lambeth,2017-09-01,2017,9,3051,331157.0,9.213152673807286,921.3152673807288
Lambeth,2017-10-01,2017,10,3150,331157.0,9.512104530479501,951.2104530479501
Lambeth,2017-11-01,2017,11,3299,331157.0,9.9620421733498,996.2042173349801
Lambeth,2017-12-01,2017,12,2785,331157.0,8.409908291233464,840.9908291233463
Lambeth,2018-01-01,2018,1,3092,334724.0,9.237461311408802,923.7461311408803
Lambeth,2018-02-01,2018,2,2813,334724.0,8.403938767462147,840.3938767462148
Lambeth,2018-03-01,2018,3,2987,334724.0,8.923770031428878,892.3770031428879
Lambeth,2018-04-01,2018,4,3082,334724.0,9.207585951410715,920.7585951410715
Lambeth,2018-05-01,2018,5,3258,334724.0,9.733392287377063,973.3392287377063
Lambeth,2018-06-01,2018,6,3337,334724.0,9.969407631361957,996.9407631361958
Lambeth,2018-07-01,2018,7,3620,334724.0,10.814880319307846,1081.4880319307847
Lambeth,2018-08-01,2018,8,3163,334724.0,9.449576367395228,944.9576367395227
Lambeth,2018-09-01,2018,9,3030,334724.0,9.052234079420657,905.2234079420657
Lambeth,2018-10-01,2018,10,3103,334724.0,9.270324207406698,927.03242074067
Lambeth,2018-11-01,2018,11,3229,334724.0,9.646753743382607,964.6753743382608
Lambeth,2018-12-01,2018,12,2860,334724.0,8.54435295945316,854.4352959453162
Lambeth,2019-01-01,2019,1,2960,338028.0,8.75667104500219,875.6671045002189
Lambeth,2019-02-01,2019,2,2973,338028.0,8.795129397564699,879.5129397564699
Lambeth,2019-03-01,2019,3,3426,338028.0,10.135255067627535,1013.5255067627534
Lambeth,2019-04-01,2019,4,3092,338028.0,9.147171240252288,914.7171240252287
Lambeth,2019-05-01,2019,5,3255,338028.0,9.629379814689907,962.9379814689908
Lambeth,2019-06-01,2019,6,3262,338028.0,9.650088158377413,965.0088158377412
Lambeth,2019-07-01,2019,7,3485,338028.0,10.309796821565078,1030.9796821565078
Lambeth,2019-08-01,2019,8,3295,338028.0,9.747713207189937,974.7713207189937
Lambeth,2019-09-01,2019,9,3211,338028.0,9.499213082939875,949.9213082939875
Lambeth,2019-10-01,2019,10,3338,338028.0,9.874921604127469,987.4921604127469
Lambeth,2019-11-01,2019,11,3145,338028.0,9.303962985314826,930.3962985314827
Lambeth,2019-12-01,2019,12,3041,338028.0,8.99629616481475,899.6296164814748
Lambeth,2020-01-01,2020,1,3118,340324.0,9.161857524006535,916.1857524006534
Lambeth,2020-02-01,2020,2,2862,340324.0,8.409633173093875,840.9633173093875
Lambeth,2020-03-01,2020,3,2215,340324.0,6.508503661216958,650.8503661216957
Lambeth,2020-04-01,2020,4,2025,340324.0,5.950212150773968,595.0212150773968
Lambeth,2020-05-01,2020,5,2401,340324.0,7.055041666176937,705.5041666176937
Lambeth,2020-06-01,2020,6,2620,340324.0,7.698546091371751,769.8546091371752
Lambeth,2020-07-01,2020,7,3050,340324.0,8.96204793079536,896.204793079536
Lambeth,2020-08-01,2020,8,3147,340324.0,9.24707043875836,924.707043875836
Lambeth,2020-09-01,2020,9,3090,340324.0,9.079582985625462,907.9582985625462
Lambeth,2020-10-01,2020,10,2921,340324.0,8.582997378968278,858.2997378968278
Lambeth,2020-11-01,2020,11,2751,340324.0,8.08347339594034,808.3473395940339
Lambeth,2020-12-01,2020,12,2376,340324.0,6.981582256908123,698.1582256908123
Lambeth,2021-01-01,2021,1,2148,342250.0,6.276113951789627,627.6113951789628
Lambeth,2021-02-01,2021,2,2137,342250.0,6.243973703433163,624.3973703433163
Lambeth,2021-03-01,2021,3,2684,342250.0,7.842220598977356,784.2220598977356
Lambeth,2021-04-01,2021,4,2673,342250.0,7.810080350620892,781.0080350620891
Lambeth,2021-05-01,2021,5,2793,342250.0,8.160701241782323,816.0701241782323
Lambeth,2021-06-01,2021,6,3038,342250.0,8.876552227903579,887.6552227903579
Lambeth,2021-07-01,2021,7,3046,342250.0,8.899926953981009,889.9926953981008
Lambeth,2021-08-01,2021,8,2993,342250.0,8.745069393718042,874.5069393718043
Lambeth,2021-09-01,2021,9,3212,342250.0,9.384952520087655,938.4952520087655
Lambeth,2021-10-01,2021,10,3193,342250.0,9.32943754565376,932.9437545653761
Lambeth,2021-11-01,2021,11,2951,342250.0,8.622352081811542,862.2352081811541
Lambeth,2021-12-01,2021,12,2553,342250.0,7.45945945945946,745.9459459459459
Lambeth,2022-01-01,2022,1,2771,343982.0,8.055654074922526,805.5654074922525
Lambeth,2022-02-01,2022,2,2549,343982.0,7.410271467693077,741.0271467693076
Lambeth,2022-03-01,2022,3,2926,343982.0,8.506259048438581,850.6259048438582
Lambeth,2022-04-01,2022,4,2717,343982.0,7.8986691164072536,789.8669116407253
Lambeth,2022-05-01,2022,5,2998,343982.0,8.715572326458943,871.5572326458943
Lambeth,2022-06-01,2022,6,3104,343982.0,9.023727985766698,902.3727985766698
Lambeth,2022-07-01,2022,7,3254,343982.0,9.459797314975784,945.9797314975783
Lambeth,2022-08-01,2022,8,3173,343982.0,9.224319877202877,922.4319877202877
Lambeth,2022-09-01,2022,9,2855,343982.0,8.299852899279614,829.9852899279614
Lambeth,2022-10-01,2022,10,3103,343982.0,9.020820856905303,902.0820856905302
Lambeth,2022-11-01,2022,11,2907,343982.0,8.451023600072096,845.1023600072097
Lambeth,2022-12-01,2022,12,2679,343982.0,7.788198219674285,778.8198219674285
Lambeth,2023-01-01,2023,1,2981,345285.0,8.633447731584054,863.3447731584054
Lambeth,2023-02-01,2023,2,2736,345285.0,7.923888961292844,792.3888961292845
Lambeth,2023-03-01,2023,3,2937,345285.0,8.506016768756245,850.6016768756244
Lewisham,2010-04-01,2010,4,2760,272525.0,10.127511237501146,1012.7511237501146
Lewisham,2010-05-01,2010,5,2717,272525.0,9.969727547931383,996.9727547931383
Lewisham,2010-06-01,2010,6,2680,272525.0,9.833960187138794,983.3960187138795
Lewisham,2010-07-01,2010,7,2671,272525.0,9.80093569397303,980.093569397303
Lewisham,2010-08-01,2010,8,2519,272525.0,9.24318869828456,924.3188698284562
Lewisham,2010-09-01,2010,9,2308,272525.0,8.468947802953858,846.8947802953858
Lewisham,2010-10-01,2010,10,2571,272525.0,9.43399688102009,943.399688102009
Lewisham,2010-11-01,2010,11,2669,272525.0,9.793596917713971,979.3596917713971
Lewisham,2010-12-01,2010,12,2390,272525.0,8.769837629575267,876.9837629575268
Lewisham,2011-01-01,2011,1,2640,277525.0,9.512656517430862,951.2656517430862
Lewisham,2011-02-01,2011,2,2483,277525.0,8.946941716962435,894.6941716962435
Lewisham,2011-03-01,2011,3,2718,277525.0,9.793712278173137,979.3712278173138
Lewisham,2011-04-01,2011,4,2430,277525.0,8.755967930817043,875.5967930817043
Lewisham,2011-05-01,2011,5,2600,277525.0,9.36852535807585,936.8525358075849
Lewisham,2011-06-01,2011,6,2491,277525.0,8.975767948833438,897.5767948833438
Lewisham,2011-07-01,2011,7,2469,277525.0,8.896495811188181,889.6495811188181
Lewisham,2011-08-01,2011,8,2647,277525.0,9.53787947031799,953.7879470317989
Lewisham,2011-09-01,2011,9,2383,277525.0,8.586613818574904,858.6613818574904
Lewisham,2011-10-01,2011,10,2547,277525.0,9.177551571930456,917.7551571930456
Lewisham,2011-11-01,2011,11,2488,277525.0,8.964958111881812,896.4958111881812
Lewisham,2011-12-01,2011,12,2352,277525.0,8.474912170074768,847.4912170074768
Lewisham,2012-01-01,2012,1,2447,282143.0,8.672907001059746,867.2907001059747
Lewisham,2012-02-01,2012,2,2163,282143.0,7.666325232240388,766.6325232240389
Lewisham,2012-03-01,2012,3,2627,282143.0,9.310881361579057,931.0881361579058
Lewisham,2012-04-01,2012,4,2137,282143.0,7.5741733801653774,757.4173380165377
Lewisham,2012-05-01,2012,5,2344,282143.0,8.307843894762584,830.7843894762584
Lewisham,2012-06-01,2012,6,2371,282143.0,8.403540048840481,840.3540048840481
Lewisham,2012-07-01,2012,7,2318,282143.0,8.215692042687573,821.5692042687573
Lewisham,2012-08-01,2012,8,2269,282143.0,8.042021244546206,804.2021244546205
Lewisham,2012-09-01,2012,9,2205,282143.0,7.815185916361561,781.5185916361561
Lewisham,2012-10-01,2012,10,2308,282143.0,8.180249022658723,818.0249022658722
Lewisham,2012-11-01,2012,11,2461,282143.0,8.722527229100137,872.2527229100137
Lewisham,2012-12-01,2012,12,2334,282143.0,8.272400874733734,827.2400874733735
Lewisham,2013-01-01,2013,1,2346,286767.0,8.180857630062036,818.0857630062036
Lewisham,2013-02-01,2013,2,2184,286767.0,7.61593907248742,761.593907248742
Lewisham,2013-03-01,2013,3,2254,286767.0,7.860039683785094,786.0039683785094
Lewisham,2013-04-01,2013,4,2137,286767.0,7.452042947758982,745.2042947758982
Lewisham,2013-05-01,2013,5,2022,286767.0,7.051020514912804,705.1020514912805
Lewisham,2013-06-01,2013,6,2178,286767.0,7.595016162947619,759.5016162947619
Lewisham,2013-07-01,2013,7,2263,286767.0,7.891424048094795,789.1424048094794
Lewisham,2013-08-01,2013,8,2124,286767.0,7.406709977089414,740.6709977089414
Lewisham,2013-09-01,2013,9,2007,286767.0,6.998713241063302,699.8713241063302
Lewisham,2013-10-01,2013,10,2098,286767.0,7.316044035750278,731.6044035750278
Lewisham,2013-11-01,2013,11,2081,286767.0,7.256762458720843,725.6762458720843
Lewisham,2013-12-01,2013,12,2004,286767.0,6.988251786293402,698.8251786293401
Lewisham,2014-01-01,2014,1,2056,292520.0,7.028579242444961,702.8579242444961
Lewisham,2014-02-01,2014,2,1868,292520.0,6.385888144400383,638.5888144400383
Lewisham,2014-03-01,2014,3,2018,292520.0,6.898673594967866,689.8673594967865
Lewisham,2014-04-01,2014,4,1956,292520.0,6.686722275399973,668.6722275399973
Lewisham,2014-05-01,2014,5,1985,292520.0,6.7858607958430195,678.5860795843018
Lewisham,2014-06-01,2014,6,1906,292520.0,6.515793791877479,651.5793791877478
Lewisham,2014-07-01,2014,7,2185,292520.0,7.4695747299329955,746.9574729932996
Lewisham,2014-08-01,2014,8,1846,292520.0,6.310679611650485,631.0679611650486
Lewisham,2014-09-01,2014,9,2069,292520.0,7.07302064816081,707.3020648160809
Lewisham,2014-10-01,2014,10,2065,292520.0,7.059346369479011,705.934636947901
Lewisham,2014-11-01,2014,11,1912,292520.0,6.536305209900178,653.6305209900178
Lewisham,2014-12-01,2014,12,2000,292520.0,6.837139340899768,683.7139340899768
Lewisham,2015-01-01,2015,1,1961,297912.0,6.582480732565321,658.2480732565322
Lewisham,2015-02-01,2015,2,1993,297912.0,6.689895002551089,668.9895002551089
Lewisham,2015-03-01,2015,3,2134,297912.0,7.163189129675877,716.3189129675877
Lewisham,2015-04-01,2015,4,2124,297912.0,7.129622170305325,712.9622170305325
Lewisham,2015-05-01,2015,5,2268,297912.0,7.612986385241279,761.2986385241279
Lewisham,2015-06-01,2015,6,2255,297912.0,7.569349338059562,756.9349338059561
Lewisham,2015-07-01,2015,7,2235,297912.0,7.502215419318456,750.2215419318456
Lewisham,2015-08-01,2015,8,2217,297912.0,7.441794892451462,744.1794892451462
Lewisham,2015-09-01,2015,9,2144,297912.0,7.1967560890464295,719.675608904643
Lewisham,2015-10-01,2015,10,2229,297912.0,7.4820752436961255,748.2075243696125
Lewisham,2015-11-01,2015,11,2302,297912.0,7.727114047101157,772.7114047101157
Lewisham,2015-12-01,2015,12,2246,297912.0,7.539139074626064,753.9139074626064
Lewisham,2016-01-01,2016,1,2238,302454.0,7.399472316451427,739.9472316451427
Lewisham,2016-02-01,2016,2,2074,302454.0,6.857241101126122,685.7241101126122
Lewisham,2016-03-01,2016,3,2209,302454.0,7.3035899674000015,730.3589967400002
Lewisham,2016-04-01,2016,4,2091,302454.0,6.913447995397647,691.3447995397647
Lewisham,2016-05-01,2016,5,2407,302454.0,7.958234971268357,795.8234971268358
Lewisham,2016-06-01,2016,6,2369,302454.0,7.832596031132007,783.2596031132007
Lewisham,2016-07-01,2016,7,2354,302454.0,7.783001712657131,778.3001712657132
Lewisham,2016-08-01,2016,8,2230,302454.0,7.373022013264827,737.3022013264826
Lewisham,2016-09-01,2016,9,2104,302454.0,6.956429738075872,695.6429738075873
Lewisham,2016-10-01,2016,10,2222,302454.0,7.346571710078226,734.6571710078226
Lewisham,2016-11-01,2016,11,2163,302454.0,7.151500724077049,715.150072407705
Lewisham,2016-12-01,2016,12,2182,302454.0,7.214320194145225,721.4320194145225
Lewisham,2017-01-01,2017,1,2026,306380.0,6.612703179058686,661.2703179058685
Lewisham,2017-02-01,2017,2,2151,306380.0,7.020693256739996,702.0693256739996
Lewisham,2017-03-01,2017,3,2434,306380.0,7.944382792610484,794.4382792610484
Lewisham,2017-04-01,2017,4,2203,306380.0,7.1904171290554215,719.0417129055421
Lewisham,2017-05-01,2017,5,2357,306380.0,7.693060904758797,769.3060904758796
Lewisham,2017-06-01,2017,6,2241,306380.0,7.31444611267054,731.444611267054
Lewisham,2017-07-01,2017,7,2271,306380.0,7.412363731314055,741.2363731314055
Lewisham,2017-08-01,2017,8,2323,306380.0,7.58208760362948,758.2087603629479
Lewisham,2017-09-01,2017,9,2282,306380.0,7.44826685815001,744.826685815001
Lewisham,2017-10-01,2017,10,2291,306380.0,7.477642143743064,747.7642143743064
Lewisham,2017-11-01,2017,11,2281,306380.0,7.445002937528559,744.5002937528559
Lewisham,2017-12-01,2017,12,2250,306380.0,7.343821398263595,734.3821398263594
Lewisham,2018-01-01,2018,1,2408,310324.0,7.759631868627628,775.9631868627628
Lewisham,2018-02-01,2018,2,2003,310324.0,6.454544282749643,645.4544282749642
Lewisham,2018-03-01,2018,3,2229,310324.0,7.182815380054395,718.2815380054394
Lewisham,2018-04-01,2018,4,2154,310324.0,6.941132493780694,694.1132493780693
Lewisham,2018-05-01,2018,5,2481,310324.0,7.99486987793403,799.4869877934029
Lewisham,2018-06-01,2018,6,2294,310324.0,7.392273881491603,739.2273881491602
Lewisham,2018-07-01,2018,7,2518,310324.0,8.114100101829056,811.4100101829056
Lewisham,2018-08-01,2018,8,2309,310324.0,7.440610458746343,744.0610458746343
Lewisham,2018-09-01,2018,9,2316,310324.0,7.463167528131888,746.3167528131888
Lewisham,2018-10-01,2018,10,2591,310324.0,8.34933811113546,834.9338111135459
Lewisham,2018-11-01,2018,11,2452,310324.0,7.9014191619081995,790.1419161908199
Lewisham,2018-12-01,2018,12,2512,310324.0,8.094765470927161,809.4765470927159
Lewisham,2019-01-01,2019,1,2475,314027.0,7.881487897537474,788.1487897537473
Lewisham,2019-02-01,2019,2,2377,314027.0,7.569412821190535,756.9412821190534
Lewisham,2019-03-01,2019,3,2653,314027.0,8.44831813824926,844.8318138249258
Lewisham,2019-04-01,2019,4,2496,314027.0,7.948361128183246,794.8361128183245
Lewisham,2019-05-01,2019,5,2870,314027.0,9.139341521588907,913.9341521588908
Lewisham,2019-06-01,2019,6,2625,314027.0,8.359153830721562,835.9153830721563
Lewisham,2019-07-01,2019,7,2755,314027.0,8.773130972814439,877.313097281444
Lewisham,2019-08-01,2019,8,2719,314027.0,8.658491148850258,865.8491148850258
Lewisham,2019-09-01,2019,9,2725,314027.0,8.677597786177621,867.7597786177621
Lewisham,2019-10-01,2019,10,2686,314027.0,8.553404643549758,855.3404643549759
Lewisham,2019-11-01,2019,11,2613,314027.0,8.320940556066835,832.0940556066835
Lewisham,2019-12-01,2019,12,2412,314027.0,7.680868205600155,768.0868205600154
Lewisham,2020-01-01,2020,1,2616,317465.0,8.240278455892776,824.0278455892776
Lewisham,2020-02-01,2020,2,2390,317465.0,7.528388956262895,752.8388956262895
Lewisham,2020-03-01,2020,3,1792,317465.0,5.644716740428079,564.4716740428079
Lewisham,2020-04-01,2020,4,2178,317465.0,6.860598806167609,686.0598806167609
Lewisham,2020-05-01,2020,5,2414,317465.0,7.603987841179343,760.3987841179343
Lewisham,2020-06-01,2020,6,2483,317465.0,7.8213346353141295,782.1334635314129
Lewisham,2020-07-01,2020,7,2673,317465.0,8.419825807569339,841.9825807569339
Lewisham,2020-08-01,2020,8,2670,317465.0,8.410375946954783,841.0375946954782
Lewisham,2020-09-01,2020,9,2591,317465.0,8.161529617438143,816.1529617438143
Lewisham,2020-10-01,2020,10,2704,317465.0,8.517474367253083,851.7474367253083
Lewisham,2020-11-01,2020,11,2588,317465.0,8.152079756823587,815.2079756823587
Lewisham,2020-12-01,2020,12,2218,317465.0,6.986596947695022,698.6596947695022
Lewisham,2021-01-01,2021,1,2186,320574.0,6.819018385770525,681.9018385770524
Lewisham,2021-02-01,2021,2,2028,320574.0,6.326152464017668,632.6152464017669
Lewisham,2021-03-01,2021,3,2357,320574.0,7.352436566908109,735.2436566908109
Lewisham,2021-04-01,2021,4,2282,320574.0,7.118481224303904,711.8481224303905
Lewisham,2021-05-01,2021,5,2507,320574.0,7.820347252116516,782.0347252116516
Lewisham,2021-06-01,2021,6,2482,320574.0,7.742362137915115,774.2362137915114
Lewisham,2021-07-01,2021,7,2508,320574.0,7.823466656684571,782.3466656684573
Lewisham,2021-08-01,2021,8,2276,320574.0,7.099764796895569,709.9764796895569
Lewisham,2021-09-01,2021,9,2419,320574.0,7.545839650127583,754.5839650127584
Lewisham,2021-10-01,2021,10,2659,320574.0,8.294496746461036,829.4496746461036
Lewisham,2021-11-01,2021,11,2487,320574.0,7.757959160755395,775.7959160755395
Lewisham,2021-12-01,2021,12,2305,320574.0,7.190227529369194,719.0227529369195
Lewisham,2022-01-01,2022,1,2381,323421.0,7.3619214584087,736.1921458408699
Lewisham,2022-02-01,2022,2,2286,323421.0,7.068186666914022,706.8186666914022
Lewisham,2022-03-01,2022,3,2618,323421.0,8.094712464558578,809.4712464558578
Lewisham,2022-04-01,2022,4,2342,323421.0,7.2413355966372,724.13355966372
Lewisham,2022-05-01,2022,5,2504,323421.0,7.742230714764966,774.2230714764966
Lewisham,2022-06-01,2022,6,2499,323421.0,7.726770988896825,772.6770988896825
Lewisham,2022-07-01,2022,7,2571,323421.0,7.949391041398054,794.9391041398053
Lewisham,2022-08-01,2022,8,2530,323421.0,7.822621289279299,782.2621289279298
Lewisham,2022-09-01,2022,9,2472,323421.0,7.643288469208864,764.3288469208865
Lewisham,2022-10-01,2022,10,2502,323421.0,7.736046824417709,773.6046824417709
Lewisham,2022-11-01,2022,11,2351,323421.0,7.269163103199854,726.9163103199854
Lewisham,2022-12-01,2022,12,2419,323421.0,7.479415375006571,747.941537500657
Lewisham,2023-01-01,2023,1,2537,325830.0,7.786268913236964,778.6268913236963
Lewisham,2023-02-01,2023,2,2454,325830.0,7.5315348494613765,753.1534849461376
Lewisham,2023-03-01,2023,3,2679,325830.0,8.222078998250621,822.2078998250621
Merton,2010-04-01,2010,4,1390,199136.0,6.980154266430982,698.0154266430982
Merton,2010-05-01,2010,5,1348,199136.0,6.769243130322995,676.9243130322996
Merton,2010-06-01,2010,6,1458,199136.0,7.321629439177245,732.1629439177245
Merton,2010-07-01,2010,7,1398,199136.0,7.020327816165836,702.0327816165836
Merton,2010-08-01,2010,8,1295,199136.0,6.503093363329584,650.3093363329584
Merton,2010-09-01,2010,9,1286,199136.0,6.457898119877872,645.7898119877873
Merton,2010-10-01,2010,10,1374,199136.0,6.899807166961272,689.9807166961273
Merton,2010-11-01,2010,11,1356,199136.0,6.80941668005785,680.941668005785
Merton,2010-12-01,2010,12,1226,199136.0,6.156596496866463,615.6596496866464
Merton,2011-01-01,2011,1,1436,201226.0,7.136254758331428,713.6254758331428
Merton,2011-02-01,2011,2,1392,201226.0,6.917595141780883,691.7595141780884
Merton,2011-03-01,2011,3,1504,201226.0,7.474183256636817,747.4183256636817
Merton,2011-04-01,2011,4,1279,201226.0,6.356037490185165,635.6037490185165
Merton,2011-05-01,2011,5,1346,201226.0,6.688996451750768,668.8996451750768
Merton,2011-06-01,2011,6,1395,201226.0,6.932503752000239,693.2503752000239
Merton,2011-07-01,2011,7,1475,201226.0,7.330066691183048,733.0066691183048
Merton,2011-08-01,2011,8,1292,201226.0,6.420641467802372,642.0641467802371
Merton,2011-09-01,2011,9,1156,201226.0,5.744784471191596,574.4784471191596
Merton,2011-10-01,2011,10,1477,201226.0,7.340005764662618,734.0005764662618
Merton,2011-11-01,2011,11,1419,201226.0,7.051772633755082,705.1772633755081
Merton,2011-12-01,2011,12,1257,201226.0,6.246707681909893,624.6707681909893
Merton,2012-01-01,2012,1,1205,202908.0,5.938651999921147,593.8651999921146
Merton,2012-02-01,2012,2,1282,202908.0,6.318134326887062,631.8134326887063
Merton,2012-03-01,2012,3,1411,202908.0,6.953890433102687,695.3890433102687
Merton,2012-04-01,2012,4,1207,202908.0,5.948508683738443,594.8508683738443
Merton,2012-05-01,2012,5,1358,202908.0,6.6926883119443294,669.268831194433
Merton,2012-06-01,2012,6,1255,202908.0,6.185069095353559,618.5069095353559
Merton,2012-07-01,2012,7,1253,202908.0,6.175212411536263,617.5212411536263
Merton,2012-08-01,2012,8,1206,202908.0,5.9435803418297946,594.3580341829795
Merton,2012-09-01,2012,9,1256,202908.0,6.189997437262208,618.9997437262208
Merton,2012-10-01,2012,10,1315,202908.0,6.480769609872454,648.0769609872455
Merton,2012-11-01,2012,11,1424,202908.0,7.017958877915114,701.7958877915114
Merton,2012-12-01,2012,12,1241,202908.0,6.116072308632484,611.6072308632483
Merton,2013-01-01,2013,1,1345,203906.0,6.596176669641894,659.6176669641894
Merton,2013-02-01,2013,2,1130,203906.0,5.541769246613636,554.1769246613636
Merton,2013-03-01,2013,3,1096,203906.0,5.375025747158005,537.5025747158004
Merton,2013-04-01,2013,4,1230,203906.0,6.032191303836082,603.2191303836081
Merton,2013-05-01,2013,5,1144,203906.0,5.610428334624778,561.0428334624778
Merton,2013-06-01,2013,6,1104,203906.0,5.4142595117358,541.42595117358
Merton,2013-07-01,2013,7,1192,203906.0,5.845830922091552,584.5830922091552
Merton,2013-08-01,2013,8,1005,203906.0,4.928741675085579,492.8741675085579
Merton,2013-09-01,2013,9,1018,203906.0,4.9924965425244965,499.24965425244966
Merton,2013-10-01,2013,10,1148,203906.0,5.630045216913676,563.0045216913676
Merton,2013-11-01,2013,11,1127,203906.0,5.527056584896963,552.7056584896962
Merton,2013-12-01,2013,12,996,203906.0,4.884603689935559,488.4603689935559
Merton,2014-01-01,2014,1,1086,204198.0,5.318367466870391,531.8367466870391
Merton,2014-02-01,2014,2,900,204198.0,4.407486850997561,440.74868509975613
Merton,2014-03-01,2014,3,1114,204198.0,5.455489280012537,545.5489280012537
Merton,2014-04-01,2014,4,977,204198.0,4.784571837138463,478.45718371384635
Merton,2014-05-01,2014,5,1132,204198.0,5.543639017032488,554.3639017032488
Merton,2014-06-01,2014,6,1130,204198.0,5.533844601808049,553.3844601808049
Merton,2014-07-01,2014,7,1058,204198.0,5.181245653728244,518.1245653728245
Merton,2014-08-01,2014,8,1060,204198.0,5.191040068952683,519.1040068952683
Merton,2014-09-01,2014,9,1159,204198.0,5.6758636225624155,567.5863622562415
Merton,2014-10-01,2014,10,1210,204198.0,5.92562121078561,592.562121078561
Merton,2014-11-01,2014,11,1324,204198.0,6.483902878578634,648.3902878578634
Merton,2014-12-01,2014,12,1255,204198.0,6.145995553335488,614.5995553335488
Merton,2015-01-01,2015,1,1209,205248.0,5.890434985968195,589.0434985968195
Merton,2015-02-01,2015,2,1092,205248.0,5.3203928905519176,532.0392890551917
Merton,2015-03-01,2015,3,1123,205248.0,5.471429685063923,547.1429685063922
Merton,2015-04-01,2015,4,1031,205248.0,5.023191456189585,502.3191456189585
Merton,2015-05-01,2015,5,1220,205248.0,5.944028687246648,594.4028687246648
Merton,2015-06-01,2015,6,1134,205248.0,5.525023386342376,552.5023386342376
Merton,2015-07-01,2015,7,1244,205248.0,6.06096039912691,606.096039912691
Merton,2015-08-01,2015,8,1153,205248.0,5.617594324914251,561.7594324914251
Merton,2015-09-01,2015,9,1040,205248.0,5.067040848144684,506.7040848144684
Merton,2015-10-01,2015,10,1224,205248.0,5.963517305893358,596.3517305893358
Merton,2015-11-01,2015,11,1266,205248.0,6.1681478016838165,616.8147801683817
Merton,2015-12-01,2015,12,1208,205248.0,5.885562831306517,588.5562831306517
Merton,2016-01-01,2016,1,1156,205712.0,5.619506883409816,561.9506883409815
Merton,2016-02-01,2016,2,1186,205712.0,5.765341837131524,576.5341837131524
Merton,2016-03-01,2016,3,1298,205712.0,6.309792331025901,630.97923310259
Merton,2016-04-01,2016,4,1176,205712.0,5.716730185890954,571.6730185890955
Merton,2016-05-01,2016,5,1282,205712.0,6.232013689040989,623.2013689040989
Merton,2016-06-01,2016,6,1074,205712.0,5.220891343237147,522.0891343237147
Merton,2016-07-01,2016,7,1276,205712.0,6.202846698296648,620.2846698296647
Merton,2016-08-01,2016,8,1259,205712.0,6.12020689118768,612.020689118768
Merton,2016-09-01,2016,9,1187,205712.0,5.770203002255581,577.0203002255581
Merton,2016-10-01,2016,10,1194,205712.0,5.804231158123979,580.4231158123979
Merton,2016-11-01,2016,11,1195,205712.0,5.809092323248036,580.9092323248036
Merton,2016-12-01,2016,12,1161,205712.0,5.6438127090301,564.38127090301
Merton,2017-01-01,2017,1,1220,208225.0,5.859046704286229,585.9046704286229
Merton,2017-02-01,2017,2,1226,208225.0,5.8878616880778,588.7861688077801
Merton,2017-03-01,2017,3,1239,208225.0,5.950294152959539,595.0294152959539
Merton,2017-04-01,2017,4,1155,208225.0,5.546884379877536,554.6884379877536
Merton,2017-05-01,2017,5,1302,208225.0,6.252851482771041,625.2851482771041
Merton,2017-06-01,2017,6,1273,208225.0,6.113579061111778,611.3579061111778
Merton,2017-07-01,2017,7,1312,208225.0,6.300876455756994,630.0876455756994
Merton,2017-08-01,2017,8,1214,208225.0,5.830231720494657,583.0231720494658
Merton,2017-09-01,2017,9,1295,208225.0,6.219234001680874,621.9234001680874
Merton,2017-10-01,2017,10,1242,208225.0,5.9647016448553245,596.4701644855325
Merton,2017-11-01,2017,11,1319,208225.0,6.334493936847161,633.449393684716
Merton,2017-12-01,2017,12,1343,208225.0,6.4497538720134475,644.9753872013447
Merton,2018-01-01,2018,1,1292,209421.0,6.169390844280182,616.9390844280182
Merton,2018-02-01,2018,2,1220,209421.0,5.825585781750636,582.5585781750636
Merton,2018-03-01,2018,3,1163,209421.0,5.553406773914746,555.3406773914746
Merton,2018-04-01,2018,4,1194,209421.0,5.701433953614967,570.1433953614967
Merton,2018-05-01,2018,5,1314,209421.0,6.27444239116421,627.4442391164209
Merton,2018-06-01,2018,6,1244,209421.0,5.940187469260485,594.0187469260485
Merton,2018-07-01,2018,7,1278,209421.0,6.102539859899437,610.2539859899437
Merton,2018-08-01,2018,8,1270,209421.0,6.064339297396154,606.4339297396155
Merton,2018-09-01,2018,9,1208,209421.0,5.768284937995712,576.8284937995712
Merton,2018-10-01,2018,10,1405,209421.0,6.708973789639052,670.8973789639052
Merton,2018-11-01,2018,11,1364,209421.0,6.513195906809727,651.3195906809727
Merton,2018-12-01,2018,12,1389,209421.0,6.6325726646324865,663.2572664632487
Merton,2019-01-01,2019,1,1393,210452.0,6.619086537547754,661.9086537547755
Merton,2019-02-01,2019,2,1191,210452.0,5.6592477144431985,565.9247714443198
Merton,2019-03-01,2019,3,1432,210452.0,6.804401953889723,680.4401953889724
Merton,2019-04-01,2019,4,1313,210452.0,6.238952350179614,623.8952350179613
Merton,2019-05-01,2019,5,1194,210452.0,5.673502746469504,567.3502746469504
Merton,2019-06-01,2019,6,1250,210452.0,5.939596677627202,593.9596677627203
Merton,2019-07-01,2019,7,1463,210452.0,6.951703951494878,695.1703951494878
Merton,2019-08-01,2019,8,1378,210452.0,6.547811377416228,654.7811377416228
Merton,2019-09-01,2019,9,1378,210452.0,6.547811377416227,654.7811377416228
Merton,2019-10-01,2019,10,1383,210452.0,6.571569764126737,657.1569764126737
Merton,2019-11-01,2019,11,1414,210452.0,6.718871761731892,671.8871761731891
Merton,2019-12-01,2019,12,1226,210452.0,5.82555642141676,582.555642141676
Merton,2020-01-01,2020,1,1422,212658.0,6.6867928787066555,668.6792878706656
Merton,2020-02-01,2020,2,1254,212658.0,5.896792032277178,589.6792032277177
Merton,2020-03-01,2020,3,992,212658.0,4.664766902726443,466.47669027264436
Merton,2020-04-01,2020,4,948,212658.0,4.45786191913777,445.78619191377703
Merton,2020-05-01,2020,5,1037,212658.0,4.8763742723057675,487.6374272305768
Merton,2020-06-01,2020,6,1175,212658.0,5.525303539015696,552.5303539015697
Merton,2020-07-01,2020,7,1337,212658.0,6.287090069501264,628.7090069501265
Merton,2020-08-01,2020,8,1281,212658.0,6.023756454024772,602.3756454024772
Merton,2020-09-01,2020,9,1326,212658.0,6.2353638236040965,623.5363823604097
Merton,2020-10-01,2020,10,1298,212658.0,6.10369701586585,610.369701586585
Merton,2020-11-01,2020,11,1178,212658.0,5.539410696987652,553.9410696987652
Merton,2020-12-01,2020,12,1048,212658.0,4.928100518202936,492.8100518202936
Merton,2021-01-01,2021,1,1000,214740.0,4.656794262829468,465.6794262829468
Merton,2021-02-01,2021,2,907,214740.0,4.223712396386327,422.3712396386328
Merton,2021-03-01,2021,3,1185,214740.0,5.518301201452919,551.830120145292
Merton,2021-04-01,2021,4,1098,214740.0,5.1131601005867555,511.3160100586756
Merton,2021-05-01,2021,5,1135,214740.0,5.285461488311446,528.5461488311446
Merton,2021-06-01,2021,6,1231,214740.0,5.7325137375430755,573.2513737543076
Merton,2021-07-01,2021,7,1207,214740.0,5.620750675235168,562.0750675235167
Merton,2021-08-01,2021,8,1177,214740.0,5.481046847350284,548.1046847350284
Merton,2021-09-01,2021,9,1286,214740.0,5.988637421998696,598.8637421998696
Merton,2021-10-01,2021,10,1320,214740.0,6.146968426934898,614.6968426934898
Merton,2021-11-01,2021,11,1156,214740.0,5.383254167830865,538.3254167830866
Merton,2021-12-01,2021,12,1086,214740.0,5.057278569432802,505.72785694328024
Merton,2022-01-01,2022,1,1155,216662.0,5.330884049810304,533.0884049810304
Merton,2022-02-01,2022,2,1109,216662.0,5.118571784623054,511.85717846230534
Merton,2022-03-01,2022,3,1272,216662.0,5.870895680830048,587.0895680830049
Merton,2022-04-01,2022,4,1145,216662.0,5.284729209552205,528.4729209552206
Merton,2022-05-01,2022,5,1286,216662.0,5.935512457191385,593.5512457191386
Merton,2022-06-01,2022,6,1350,216662.0,6.230903434843212,623.0903434843211
Merton,2022-07-01,2022,7,1361,216662.0,6.28167375912712,628.1673759127119
Merton,2022-08-01,2022,8,1214,216662.0,5.603197607333081,560.3197607333082
Merton,2022-09-01,2022,9,1260,216662.0,5.815509872520331,581.5509872520331
Merton,2022-10-01,2022,10,1286,216662.0,5.935512457191386,593.5512457191386
Merton,2022-11-01,2022,11,1244,216662.0,5.741662128107374,574.1662128107374
Merton,2022-12-01,2022,12,1098,216662.0,5.067801460339146,506.78014603391455
Merton,2023-01-01,2023,1,1221,218298.0,5.593271582882116,559.3271582882115
Merton,2023-02-01,2023,2,1090,218298.0,4.993174467929161,499.3174467929161
Merton,2023-03-01,2023,3,1160,218298.0,5.313837048438373,531.3837048438373
Newham,2010-04-01,2010,4,3119,299171.0,10.425475731270744,1042.5475731270744
Newham,2010-05-01,2010,5,3189,299171.0,10.659455629054955,1065.9455629054955
Newham,2010-06-01,2010,6,3220,299171.0,10.763075298073677,1076.3075298073677
Newham,2010-07-01,2010,7,3243,299171.0,10.839954407345632,1083.995440734563
Newham,2010-08-01,2010,8,3062,299171.0,10.23494924307503,1023.4949243075031
Newham,2010-09-01,2010,9,3042,299171.0,10.168097843708113,1016.8097843708114
Newham,2010-10-01,2010,10,3310,299171.0,11.063906595224804,1106.3906595224805
Newham,2010-11-01,2010,11,3449,299171.0,11.52852382082488,1152.852382082488
Newham,2010-12-01,2010,12,2579,299171.0,8.620487948363978,862.048794836398
Newham,2011-01-01,2011,1,2814,311912.0,9.021775372540972,902.1775372540973
Newham,2011-02-01,2011,2,2816,311912.0,9.028187437482368,902.8187437482367
Newham,2011-03-01,2011,3,2890,311912.0,9.265433840313936,926.5433840313934
Newham,2011-04-01,2011,4,2880,311912.0,9.233373515606965,923.3373515606966
Newham,2011-05-01,2011,5,3055,311912.0,9.794429197978918,979.4429197978917
Newham,2011-06-01,2011,6,2909,311912.0,9.326348457257176,932.6348457257175
Newham,2011-07-01,2011,7,2944,311912.0,9.438559593731565,943.8559593731566
Newham,2011-08-01,2011,8,2888,311912.0,9.25902177537254,925.9021775372541
Newham,2011-09-01,2011,9,2749,311912.0,8.813383261945678,881.3383261945677
Newham,2011-10-01,2011,10,2902,311912.0,9.303906229962298,930.3906229962297
Newham,2011-11-01,2011,11,2799,311912.0,8.97368488548052,897.368488548052
Newham,2011-12-01,2011,12,2473,311912.0,7.928518300033343,792.8518300033343
Newham,2012-01-01,2012,1,2650,315536.0,8.39840778865169,839.8407788651691
Newham,2012-02-01,2012,2,2652,315536.0,8.404746209624259,840.4746209624259
Newham,2012-03-01,2012,3,3342,315536.0,10.591501445159981,1059.1501445159981
Newham,2012-04-01,2012,4,2711,315536.0,8.591729628314994,859.1729628314994
Newham,2012-05-01,2012,5,2936,315536.0,9.304801987728817,930.4801987728817
Newham,2012-06-01,2012,6,2852,315536.0,9.038588306880989,903.858830688099
Newham,2012-07-01,2012,7,3032,315536.0,9.609046194412048,960.9046194412048
Newham,2012-08-01,2012,8,3076,315536.0,9.74849145580853,974.8491455808529
Newham,2012-09-01,2012,9,2861,315536.0,9.067111201257543,906.7111201257543
Newham,2012-10-01,2012,10,3036,315536.0,9.621723036357183,962.1723036357182
Newham,2012-11-01,2012,11,2936,315536.0,9.304801987728817,930.4801987728817
Newham,2012-12-01,2012,12,2848,315536.0,9.025911464935854,902.5911464935855
Newham,2013-01-01,2013,1,2821,319679.0,8.824477053544337,882.4477053544337
Newham,2013-02-01,2013,2,2373,319679.0,7.42307126836608,742.307126836608
Newham,2013-03-01,2013,3,2478,319679.0,7.751525749267234,775.1525749267233
Newham,2013-04-01,2013,4,2560,319679.0,8.008033058161468,800.8033058161468
Newham,2013-05-01,2013,5,2416,319679.0,7.557581198639886,755.7581198639886
Newham,2013-06-01,2013,6,2457,319679.0,7.685834853087003,768.5834853087003
Newham,2013-07-01,2013,7,2893,319679.0,9.049702983305128,904.9702983305128
Newham,2013-08-01,2013,8,2579,319679.0,8.06746767851501,806.746767851501
Newham,2013-09-01,2013,9,2293,319679.0,7.172820235298534,717.2820235298534
Newham,2013-10-01,2013,10,2778,319679.0,8.689967123270531,868.996712327053
Newham,2013-11-01,2013,11,2779,319679.0,8.693095261183876,869.3095261183876
Newham,2013-12-01,2013,12,2586,319679.0,8.08936464390842,808.936464390842
Newham,2014-01-01,2014,1,2644,325774.0,8.11605591606451,811.6055916064511
Newham,2014-02-01,2014,2,2567,325774.0,7.879695739991528,787.9695739991528
Newham,2014-03-01,2014,3,2877,325774.0,8.831275669636005,883.1275669636005
Newham,2014-04-01,2014,4,2491,325774.0,7.6464051765948176,764.6405176594817
Newham,2014-05-01,2014,5,2566,325774.0,7.876626127315255,787.6626127315255
Newham,2014-06-01,2014,6,2463,325774.0,7.560456021659187,756.0456021659187
Newham,2014-07-01,2014,7,2558,325774.0,7.852069225905076,785.2069225905075
Newham,2014-08-01,2014,8,2391,325774.0,7.339443908967567,733.9443908967567
Newham,2014-09-01,2014,9,2507,325774.0,7.695518979415178,769.5518979415177
Newham,2014-10-01,2014,10,2564,325774.0,7.87048690196271,787.048690196271
Newham,2014-11-01,2014,11,2652,325774.0,8.140612817474691,814.0612817474691
Newham,2014-12-01,2014,12,2635,325774.0,8.08842940197806,808.8429401978059
Newham,2015-01-01,2015,1,2734,334269.0,8.179041430704014,817.9041430704015
Newham,2015-02-01,2015,2,2481,334269.0,7.422165980093877,742.2165980093877
Newham,2015-03-01,2015,3,2808,334269.0,8.40042002100105,840.042002100105
Newham,2015-04-01,2015,4,2384,334269.0,7.131980530650464,713.1980530650465
Newham,2015-05-01,2015,5,2576,334269.0,7.706368224394126,770.6368224394125
Newham,2015-06-01,2015,6,2690,334269.0,8.047410917554425,804.7410917554424
Newham,2015-07-01,2015,7,2852,334269.0,8.532050534150638,853.205053415064
Newham,2015-08-01,2015,8,2595,334269.0,7.763208673254175,776.3208673254176
Newham,2015-09-01,2015,9,2707,334269.0,8.098268161271312,809.8268161271311
Newham,2015-10-01,2015,10,2905,334269.0,8.690605470444462,869.0605470444463
Newham,2015-11-01,2015,11,2835,334269.0,8.481193290433753,848.1193290433753
Newham,2015-12-01,2015,12,2627,334269.0,7.858939955544786,785.8939955544786
Newham,2016-01-01,2016,1,2675,342430.0,7.81181555354379,781.181555354379
Newham,2016-02-01,2016,2,2516,342430.0,7.347487077650907,734.7487077650907
Newham,2016-03-01,2016,3,2614,342430.0,7.6336769558741935,763.3676955874193
Newham,2016-04-01,2016,4,2580,342430.0,7.5343865899599916,753.4386589959992
Newham,2016-05-01,2016,5,2703,342430.0,7.893584090179015,789.3584090179015
Newham,2016-06-01,2016,6,2672,342430.0,7.803054638904301,780.3054638904301
Newham,2016-07-01,2016,7,2802,342430.0,8.18269427328213,818.269427328213
Newham,2016-08-01,2016,8,2716,342430.0,7.9315480536167975,793.1548053616798
Newham,2016-09-01,2016,9,2653,342430.0,7.7475688461875425,774.7568846187542
Newham,2016-10-01,2016,10,3039,342430.0,8.874806529801711,887.4806529801712
Newham,2016-11-01,2016,11,2933,342430.0,8.56525421253979,856.525421253979
Newham,2016-12-01,2016,12,2976,342430.0,8.690827322372456,869.0827322372456
Newham,2017-01-01,2017,1,2757,347448.0,7.935000345375423,793.5000345375423
Newham,2017-02-01,2017,2,2693,347448.0,7.750800119730147,775.0800119730147
Newham,2017-03-01,2017,3,3215,347448.0,9.253183210149432,925.3183210149432
Newham,2017-04-01,2017,4,2954,347448.0,8.50199166493979,850.199166493979
Newham,2017-05-01,2017,5,2861,347448.0,8.234325712048998,823.4325712048998
Newham,2017-06-01,2017,6,2981,347448.0,8.579701135133892,857.970113513389
Newham,2017-07-01,2017,7,3280,347448.0,9.440261564320416,944.0261564320417
Newham,2017-08-01,2017,8,2928,347448.0,8.427160323271396,842.7160323271396
Newham,2017-09-01,2017,9,2965,347448.0,8.53365107872257,853.3651078722571
Newham,2017-10-01,2017,10,3223,347448.0,9.276208238355093,927.6208238355092
Newham,2017-11-01,2017,11,3278,347448.0,9.434505307269001,943.4505307269001
Newham,2017-12-01,2017,12,2918,347448.0,8.398379038014323,839.8379038014322
Newham,2018-01-01,2018,1,3160,353245.0,8.945632634573737,894.5632634573738
Newham,2018-02-01,2018,2,2804,353245.0,7.937833514982519,793.7833514982519
Newham,2018-03-01,2018,3,3096,353245.0,8.764455264759587,876.4455264759586
Newham,2018-04-01,2018,4,2962,353245.0,8.385115146711206,838.5115146711206
Newham,2018-05-01,2018,5,3122,353245.0,8.838058571246584,883.8058571246586
Newham,2018-06-01,2018,6,3323,353245.0,9.407068748319155,940.7068748319155
Newham,2018-07-01,2018,7,3256,353245.0,9.217398689294965,921.7398689294965
Newham,2018-08-01,2018,8,3162,353245.0,8.95129442738043,895.129442738043
Newham,2018-09-01,2018,9,3060,353245.0,8.662542994239125,866.2542994239126
Newham,2018-10-01,2018,10,3266,353245.0,9.245707653328427,924.5707653328427
Newham,2018-11-01,2018,11,3335,353245.0,9.441039505159308,944.1039505159308
Newham,2018-12-01,2018,12,3175,353245.0,8.98809608062393,898.809608062393
Newham,2019-01-01,2019,1,3014,359470.0,8.38456616685676,838.4566166856761
Newham,2019-02-01,2019,2,3044,359470.0,8.46802236626144,846.802236626144
Newham,2019-03-01,2019,3,3182,359470.0,8.851920883522965,885.1920883522964
Newham,2019-04-01,2019,4,2998,359470.0,8.340056193840933,834.0056193840933
Newham,2019-05-01,2019,5,3167,359470.0,8.810192783820625,881.0192783820625
Newham,2019-06-01,2019,6,3245,359470.0,9.02717890227279,902.717890227279
Newham,2019-07-01,2019,7,3438,359470.0,9.564080451776226,956.4080451776226
Newham,2019-08-01,2019,8,3106,359470.0,8.640498511697778,864.0498511697776
Newham,2019-09-01,2019,9,2917,359470.0,8.114724455448298,811.4724455448298
Newham,2019-10-01,2019,10,3427,359470.0,9.533479845327843,953.3479845327844
Newham,2019-11-01,2019,11,3154,359470.0,8.774028430745263,877.4028430745263
Newham,2019-12-01,2019,12,2972,359470.0,8.26772748769021,826.7727487690211
Newham,2020-01-01,2020,1,3151,363552.0,8.667260804506645,866.7260804506645
Newham,2020-02-01,2020,2,3017,363552.0,8.298675292667898,829.8675292667899
Newham,2020-03-01,2020,3,2192,363552.0,6.029398820526362,602.9398820526362
Newham,2020-04-01,2020,4,2156,363552.0,5.930375847196549,593.0375847196549
Newham,2020-05-01,2020,5,2431,363552.0,6.686801337910396,668.6801337910395
Newham,2020-06-01,2020,6,2756,363552.0,7.580758736026759,758.0758736026759
Newham,2020-07-01,2020,7,3074,363552.0,8.455461667106768,845.5461667106769
Newham,2020-08-01,2020,8,3074,363552.0,8.45546166710677,845.5461667106769
Newham,2020-09-01,2020,9,3005,363552.0,8.265667634891294,826.5667634891295
Newham,2020-10-01,2020,10,3161,363552.0,8.694767185987148,869.4767185987149
Newham,2020-11-01,2020,11,2884,363552.0,7.932840418977203,793.2840418977203
Newham,2020-12-01,2020,12,2971,363552.0,8.172145937857582,817.2145937857583
Newham,2021-01-01,2021,1,2490,366943.0,6.785795068988916,678.5795068988916
Newham,2021-02-01,2021,2,2349,366943.0,6.401539203636532,640.1539203636532
Newham,2021-03-01,2021,3,2617,366943.0,7.131897869696384,713.1897869696384
Newham,2021-04-01,2021,4,2652,366943.0,7.227280531308677,722.7280531308677
Newham,2021-05-01,2021,5,2789,366943.0,7.600635521048227,760.0635521048227
Newham,2021-06-01,2021,6,2867,366943.0,7.813202595498483,781.3202595498483
Newham,2021-07-01,2021,7,2950,366943.0,8.03939576446478,803.9395764464781
Newham,2021-08-01,2021,8,2812,366943.0,7.663315555822022,766.3315555822021
Newham,2021-09-01,2021,9,2931,366943.0,7.987616605303821,798.7616605303822
Newham,2021-10-01,2021,10,3367,366943.0,9.175812047102683,917.5812047102684
Newham,2021-11-01,2021,11,3093,366943.0,8.429102067623582,842.9102067623581
Newham,2021-12-01,2021,12,2865,366943.0,7.807752157692066,780.7752157692066
Newham,2022-01-01,2022,1,2999,370004.0,8.10531778034832,810.5317780348321
Newham,2022-02-01,2022,2,2979,370004.0,8.051264310656101,805.1264310656102
Newham,2022-03-01,2022,3,3247,370004.0,8.775580804531844,877.5580804531843
Newham,2022-04-01,2022,4,2836,370004.0,7.664782002356731,766.4782002356731
Newham,2022-05-01,2022,5,3058,370004.0,8.264775515940368,826.4775515940369
Newham,2022-06-01,2022,6,2913,370004.0,7.872887860671776,787.2887860671776
Newham,2022-07-01,2022,7,3009,370004.0,8.132344515194431,813.234451519443
Newham,2022-08-01,2022,8,2929,370004.0,7.916130636425552,791.6130636425553
Newham,2022-09-01,2022,9,2909,370004.0,7.862077166733332,786.2077166733333
Newham,2022-10-01,2022,10,3164,370004.0,8.551258905309131,855.1258905309132
Newham,2022-11-01,2022,11,3169,370004.0,8.564772272732187,856.4772272732187
Newham,2022-12-01,2022,12,2837,370004.0,7.667484675841342,766.7484675841342
Newham,2023-01-01,2023,1,3021,372515.0,8.10974054736051,810.9740547360509
Newham,2023-02-01,2023,2,2871,372515.0,7.707072198434963,770.7072198434962
Newham,2023-03-01,2023,3,3068,372515.0,8.23590996335718,823.590996335718
Redbridge,2010-04-01,2010,4,2050,275088.0,7.452160763101262,745.2160763101263
Redbridge,2010-05-01,2010,5,2132,275088.0,7.750247193625313,775.0247193625313
Redbridge,2010-06-01,2010,6,2152,275088.0,7.822951201070203,782.2951201070204
Redbridge,2010-07-01,2010,7,2217,275088.0,8.059239225266097,805.9239225266097
Redbridge,2010-08-01,2010,8,2023,275088.0,7.3540103530506595,735.401035305066
Redbridge,2010-09-01,2010,9,2158,275088.0,7.84476240330367,784.476240330367
Redbridge,2010-10-01,2010,10,2343,275088.0,8.517274472168905,851.7274472168906
Redbridge,2010-11-01,2010,11,2454,275088.0,8.920781713488047,892.0781713488047
Redbridge,2010-12-01,2010,12,2110,275088.0,7.670272785435934,767.0272785435933
Redbridge,2011-01-01,2011,1,2582,281521.0,9.171607091478078,917.1607091478078
Redbridge,2011-02-01,2011,2,2250,281521.0,7.992298975920091,799.2298975920091
Redbridge,2011-03-01,2011,3,2536,281521.0,9.00820897908149,900.8208979081489
Redbridge,2011-04-01,2011,4,2146,281521.0,7.6228771565886735,762.2877156588673
Redbridge,2011-05-01,2011,5,2327,281521.0,8.265813207540468,826.5813207540467
Redbridge,2011-06-01,2011,6,2178,281521.0,7.736545408690648,773.6545408690648
Redbridge,2011-07-01,2011,7,2214,281521.0,7.86442219230537,786.442219230537
Redbridge,2011-08-01,2011,8,2221,281521.0,7.889287122452677,788.9287122452677
Redbridge,2011-09-01,2011,9,2124,281521.0,7.544730233268567,754.4730233268566
Redbridge,2011-10-01,2011,10,2513,281521.0,8.926509922883195,892.6509922883196
Redbridge,2011-11-01,2011,11,2462,281521.0,8.745351146095674,874.5351146095672
Redbridge,2011-12-01,2011,12,2060,281521.0,7.317393729064617,731.7393729064617
Redbridge,2012-01-01,2012,1,2273,284743.0,7.982636974394454,798.2636974394454
Redbridge,2012-02-01,2012,2,2038,284743.0,7.1573313479172445,715.7331347917245
Redbridge,2012-03-01,2012,3,2368,284743.0,8.316271163821412,831.627116382141
Redbridge,2012-04-01,2012,4,1970,284743.0,6.918519507064265,691.8519507064265
Redbridge,2012-05-01,2012,5,2174,284743.0,7.634955029623204,763.4955029623204
Redbridge,2012-06-01,2012,6,2006,284743.0,7.044949305162901,704.4949305162901
Redbridge,2012-07-01,2012,7,2051,284743.0,7.2029865527861965,720.2986552786197
Redbridge,2012-08-01,2012,8,2109,284743.0,7.406679005278444,740.6679005278444
Redbridge,2012-09-01,2012,9,2061,284743.0,7.238105941146929,723.8105941146929
Redbridge,2012-10-01,2012,10,2133,284743.0,7.490965537344202,749.0965537344202
Redbridge,2012-11-01,2012,11,2431,284743.0,8.537523310494025,853.7523310494024
Redbridge,2012-12-01,2012,12,2067,284743.0,7.259177574163369,725.9177574163368
Redbridge,2013-01-01,2013,1,2200,288398.0,7.628346937218705,762.8346937218705
Redbridge,2013-02-01,2013,2,2000,288398.0,6.934860852017004,693.4860852017005
Redbridge,2013-03-01,2013,3,2014,288398.0,6.9834048779811235,698.3404877981123
Redbridge,2013-04-01,2013,4,1841,288398.0,6.383539414281652,638.3539414281653
Redbridge,2013-05-01,2013,5,1877,288398.0,6.508366909617958,650.8366909617959
Redbridge,2013-06-01,2013,6,1780,288398.0,6.172026158295134,617.2026158295134
Redbridge,2013-07-01,2013,7,1792,288398.0,6.213635323407236,621.3635323407236
Redbridge,2013-08-01,2013,8,1642,288398.0,5.693520759505961,569.352075950596
Redbridge,2013-09-01,2013,9,1685,288398.0,5.842620267824326,584.2620267824326
Redbridge,2013-10-01,2013,10,2073,288398.0,7.187983273115625,718.7983273115625
Redbridge,2013-11-01,2013,11,2161,288398.0,7.493117150604373,749.3117150604373
Redbridge,2013-12-01,2013,12,2003,288398.0,6.94526314329503,694.526314329503
Redbridge,2014-01-01,2014,1,2095,293181.0,7.145756375754226,714.5756375754227
Redbridge,2014-02-01,2014,2,1721,293181.0,5.870093901037243,587.0093901037243
Redbridge,2014-03-01,2014,3,1928,293181.0,6.576142383033007,657.6142383033007
Redbridge,2014-04-01,2014,4,1652,293181.0,5.634744407038655,563.4744407038655
Redbridge,2014-05-01,2014,5,1802,293181.0,6.146373741818194,614.6373741818194
Redbridge,2014-06-01,2014,6,1897,293181.0,6.470405653845235,647.0405653845236
Redbridge,2014-07-01,2014,7,1935,293181.0,6.6000184186560515,660.0018418656052
Redbridge,2014-08-01,2014,8,1759,293181.0,5.99970666584806,599.9706665848059
Redbridge,2014-09-01,2014,9,1675,293181.0,5.713194238371518,571.3194238371518
Redbridge,2014-10-01,2014,10,2016,293181.0,6.876298259437003,687.6298259437003
Redbridge,2014-11-01,2014,11,2018,293181.0,6.88311998390073,688.3119983900731
Redbridge,2014-12-01,2014,12,2031,293181.0,6.927461192914957,692.7461192914957
Redbridge,2015-01-01,2015,1,1867,296919.0,6.2879101707873195,628.7910170787319
Redbridge,2015-02-01,2015,2,1754,296919.0,5.907334997086748,590.7334997086748
Redbridge,2015-03-01,2015,3,1887,296919.0,6.355268608610429,635.5268608610429
Redbridge,2015-04-01,2015,4,1676,296919.0,5.6446370895766185,564.4637089576619
Redbridge,2015-05-01,2015,5,1656,296919.0,5.577278651753509,557.7278651753509
Redbridge,2015-06-01,2015,6,1902,296919.0,6.405787436977762,640.5787436977762
Redbridge,2015-07-01,2015,7,1786,296919.0,6.015108497603723,601.5108497603724
Redbridge,2015-08-01,2015,8,1582,296919.0,5.328052431808001,532.8052431808002
Redbridge,2015-09-01,2015,9,1738,296919.0,5.853448246828259,585.3448246828259
Redbridge,2015-10-01,2015,10,1848,296919.0,6.223919654855365,622.3919654855365
Redbridge,2015-11-01,2015,11,1953,296919.0,6.577551453426692,657.7551453426692
Redbridge,2015-12-01,2015,12,1929,296919.0,6.49672132803896,649.672132803896
Redbridge,2016-01-01,2016,1,1674,299375.0,5.591649269311064,559.1649269311065
Redbridge,2016-02-01,2016,2,1805,299375.0,6.029227557411273,602.9227557411274
Redbridge,2016-03-01,2016,3,1856,299375.0,6.199582463465553,619.9582463465554
Redbridge,2016-04-01,2016,4,1811,299375.0,6.049269311064718,604.9269311064718
Redbridge,2016-05-01,2016,5,1863,299375.0,6.222964509394572,622.2964509394571
Redbridge,2016-06-01,2016,6,1781,299375.0,5.949060542797495,594.9060542797495
Redbridge,2016-07-01,2016,7,1936,299375.0,6.466805845511482,646.6805845511482
Redbridge,2016-08-01,2016,8,1894,299375.0,6.32651356993737,632.651356993737
Redbridge,2016-09-01,2016,9,1777,299375.0,5.935699373695198,593.5699373695198
Redbridge,2016-10-01,2016,10,1917,299375.0,6.403340292275574,640.3340292275575
Redbridge,2016-11-01,2016,11,1877,299375.0,6.269728601252609,626.9728601252609
Redbridge,2016-12-01,2016,12,1846,299375.0,6.166179540709812,616.6179540709812
Redbridge,2017-01-01,2017,1,2054,303887.0,6.759091372780014,675.9091372780014
Redbridge,2017-02-01,2017,2,1857,303887.0,6.110824089217374,611.0824089217374
Redbridge,2017-03-01,2017,3,2202,303887.0,7.246114509669713,724.6114509669712
Redbridge,2017-04-01,2017,4,1945,303887.0,6.400405413854492,640.0405413854492
Redbridge,2017-05-01,2017,5,2198,303887.0,7.232951722186208,723.2951722186207
Redbridge,2017-06-01,2017,6,2222,303887.0,7.311928447087239,731.192844708724
Redbridge,2017-07-01,2017,7,2275,303887.0,7.486335381243686,748.6335381243686
Redbridge,2017-08-01,2017,8,2129,303887.0,7.005893638095739,700.5893638095739
Redbridge,2017-09-01,2017,9,2252,303887.0,7.41064935321353,741.064935321353
Redbridge,2017-10-01,2017,10,2457,303887.0,8.08524221174318,808.5242211743181
Redbridge,2017-11-01,2017,11,2247,303887.0,7.394195868859148,739.4195868859148
Redbridge,2017-12-01,2017,12,2311,303887.0,7.604800468595234,760.4800468595234
Redbridge,2018-01-01,2018,1,2486,305910.0,8.126573175116864,812.6573175116864
Redbridge,2018-02-01,2018,2,2199,305910.0,7.188388741786801,718.83887417868
Redbridge,2018-03-01,2018,3,2072,305910.0,6.773233957699977,677.3233957699977
Redbridge,2018-04-01,2018,4,2115,305910.0,6.913798175934098,691.3798175934098
Redbridge,2018-05-01,2018,5,2121,305910.0,6.93341178778072,693.341178778072
Redbridge,2018-06-01,2018,6,2070,305910.0,6.766696087084437,676.6696087084437
Redbridge,2018-07-01,2018,7,2203,305910.0,7.201464483017881,720.146448301788
Redbridge,2018-08-01,2018,8,1888,305910.0,6.17174986107025,617.174986107025
Redbridge,2018-09-01,2018,9,2091,305910.0,6.8353437285476115,683.5343728547612
Redbridge,2018-10-01,2018,10,2300,305910.0,7.518551207871596,751.8551207871596
Redbridge,2018-11-01,2018,11,2337,305910.0,7.639501814259096,763.9501814259096
Redbridge,2018-12-01,2018,12,2165,305910.0,7.077244941322611,707.7244941322612
Redbridge,2019-01-01,2019,1,2216,307690.0,7.202054015405116,720.2054015405115
Redbridge,2019-02-01,2019,2,2136,307690.0,6.94205206539049,694.2052065390491
Redbridge,2019-03-01,2019,3,2144,307690.0,6.9680522603919535,696.8052260391953
Redbridge,2019-04-01,2019,4,2125,307690.0,6.906301797263479,690.6301797263479
Redbridge,2019-05-01,2019,5,2174,307690.0,7.065552991647437,706.5552991647437
Redbridge,2019-06-01,2019,6,2071,307690.0,6.730800481003607,673.0800481003607
Redbridge,2019-07-01,2019,7,2156,307690.0,7.007052552894146,700.7052552894147
Redbridge,2019-08-01,2019,8,2015,307690.0,6.54879911599337,654.879911599337
Redbridge,2019-09-01,2019,9,2150,307690.0,6.98755240664305,698.755240664305
Redbridge,2019-10-01,2019,10,2390,307690.0,7.767558256686925,776.7558256686925
Redbridge,2019-11-01,2019,11,2277,307690.0,7.400305502291268,740.0305502291267
Redbridge,2019-12-01,2019,12,2168,307690.0,7.04605284539634,704.605284539634
Redbridge,2020-01-01,2020,1,2264,312264.0,7.250275407988113,725.0275407988113
Redbridge,2020-02-01,2020,2,2352,312264.0,7.532088233033587,753.2088233033587
Redbridge,2020-03-01,2020,3,1682,312264.0,5.3864678605282705,538.6467860528271
Redbridge,2020-04-01,2020,4,1559,312264.0,4.992570389157892,499.25703891578917
Redbridge,2020-05-01,2020,5,1805,312264.0,5.78036533189865,578.0365331898649
Redbridge,2020-06-01,2020,6,2007,312264.0,6.427253862116671,642.725386211667
Redbridge,2020-07-01,2020,7,2157,312264.0,6.907616632080547,690.7616632080548
Redbridge,2020-08-01,2020,8,2068,312264.0,6.622601388568647,662.2601388568647
Redbridge,2020-09-01,2020,9,2140,312264.0,6.853175518151308,685.3175518151309
Redbridge,2020-10-01,2020,10,2268,312264.0,7.263085081853816,726.3085081853816
Redbridge,2020-11-01,2020,11,2107,312264.0,6.747495708759255,674.7495708759254
Redbridge,2020-12-01,2020,12,1988,312264.0,6.36640791125458,636.640791125458
Redbridge,2021-01-01,2021,1,1843,316288.0,5.8269678267907725,582.6967826790773
Redbridge,2021-02-01,2021,2,1783,316288.0,5.637267300687981,563.726730068798
Redbridge,2021-03-01,2021,3,2098,316288.0,6.633195062727641,663.3195062727641
Redbridge,2021-04-01,2021,4,2056,316288.0,6.5004046944556855,650.0404694455685
Redbridge,2021-05-01,2021,5,2234,316288.0,7.06318292189397,706.318292189397
Redbridge,2021-06-01,2021,6,2274,316288.0,7.1896499392958315,718.9649939295832
Redbridge,2021-07-01,2021,7,2275,316288.0,7.1928116147308785,719.2811614730879
Redbridge,2021-08-01,2021,8,2036,316288.0,6.437171185754755,643.7171185754755
Redbridge,2021-09-01,2021,9,2045,316288.0,6.465626264670174,646.5626264670174
Redbridge,2021-10-01,2021,10,2340,316288.0,7.398320518008903,739.8320518008903
Redbridge,2021-11-01,2021,11,2366,316288.0,7.480524079320114,748.0524079320113
Redbridge,2021-12-01,2021,12,2030,316288.0,6.418201133144477,641.8201133144476
Redbridge,2022-01-01,2022,1,2131,320018.0,6.659000431225744,665.9000431225743
Redbridge,2022-02-01,2022,2,2038,320018.0,6.36839177796249,636.8391777962489
Redbridge,2022-03-01,2022,3,2218,320018.0,6.930860139117175,693.0860139117174
Redbridge,2022-04-01,2022,4,1974,320018.0,6.168403027329713,616.8403027329713
Redbridge,2022-05-01,2022,5,2224,320018.0,6.949609084488998,694.9609084488998
Redbridge,2022-06-01,2022,6,2266,320018.0,7.080851702091757,708.0851702091757
Redbridge,2022-07-01,2022,7,2101,320018.0,6.5652557043666295,656.525570436663
Redbridge,2022-08-01,2022,8,1996,320018.0,6.2371491603597295,623.7149160359729
Redbridge,2022-09-01,2022,9,2025,320018.0,6.327769062990207,632.7769062990208
Redbridge,2022-10-01,2022,10,2253,320018.0,7.040228987119474,704.0228987119474
Redbridge,2022-11-01,2022,11,2171,320018.0,6.783993400371228,678.3993400371229
Redbridge,2022-12-01,2022,12,2067,320018.0,6.459011680592966,645.9011680592967
Redbridge,2023-01-01,2023,1,2088,323302.0,6.458357820242374,645.8357820242375
Redbridge,2023-02-01,2023,2,2037,323302.0,6.300610574633006,630.0610574633006
Redbridge,2023-03-01,2023,3,2118,323302.0,6.5511503176596495,655.1150317659649
Richmond Upon Thames,2010-04-01,2010,4,973,186304.0,5.2226468567502575,522.2646856750258
Richmond Upon Thames,2010-05-01,2010,5,1109,186304.0,5.952636551013398,595.2636551013397
Richmond Upon Thames,2010-06-01,2010,6,1072,186304.0,5.754036413603573,575.4036413603573
Richmond Upon Thames,2010-07-01,2010,7,1106,186304.0,5.936533837169358,593.6533837169358
Richmond Upon Thames,2010-08-01,2010,8,906,186304.0,4.863019580900034,486.30195809000344
Richmond Upon Thames,2010-09-01,2010,9,1122,186304.0,6.022414977670904,602.2414977670903
Richmond Upon Thames,2010-10-01,2010,10,1002,186304.0,5.37830642390931,537.830642390931
Richmond Upon Thames,2010-11-01,2010,11,932,186304.0,5.0025764342150465,500.25764342150467
Richmond Upon Thames,2010-12-01,2010,12,902,186304.0,4.841549295774648,484.1549295774648
Richmond Upon Thames,2011-01-01,2011,1,1020,187527.0,5.4392167527875985,543.9216752787598
Richmond Upon Thames,2011-02-01,2011,2,901,187527.0,4.804641464962379,480.46414649623784
Richmond Upon Thames,2011-03-01,2011,3,1088,187527.0,5.801831202973438,580.1831202973439
Richmond Upon Thames,2011-04-01,2011,4,1079,187527.0,5.7538381139782535,575.3838113978254
Richmond Upon Thames,2011-05-01,2011,5,1147,187527.0,6.116452564164094,611.6452564164093
Richmond Upon Thames,2011-06-01,2011,6,1058,187527.0,5.641854239656157,564.1854239656157
Richmond Upon Thames,2011-07-01,2011,7,1040,187527.0,5.545868061665787,554.5868061665786
Richmond Upon Thames,2011-08-01,2011,8,1076,187527.0,5.737840417646526,573.7840417646526
Richmond Upon Thames,2011-09-01,2011,9,1017,187527.0,5.42321905645587,542.321905645587
Richmond Upon Thames,2011-10-01,2011,10,1063,187527.0,5.668517066875704,566.8517066875703
Richmond Upon Thames,2011-11-01,2011,11,1020,187527.0,5.4392167527875985,543.9216752787598
Richmond Upon Thames,2011-12-01,2011,12,1020,187527.0,5.4392167527875985,543.9216752787598
Richmond Upon Thames,2012-01-01,2012,1,979,189145.0,5.17592323349811,517.592323349811
Richmond Upon Thames,2012-02-01,2012,2,922,189145.0,4.874567131037035,487.45671310370346
Richmond Upon Thames,2012-03-01,2012,3,1103,189145.0,5.831504930080097,583.1504930080098
Richmond Upon Thames,2012-04-01,2012,4,1018,189145.0,5.382114250971477,538.2114250971476
Richmond Upon Thames,2012-05-01,2012,5,1245,189145.0,6.582251711649793,658.2251711649792
Richmond Upon Thames,2012-06-01,2012,6,995,189145.0,5.26051442015385,526.051442015385
Richmond Upon Thames,2012-07-01,2012,7,1138,189145.0,6.0165481508895295,601.6548150889529
Richmond Upon Thames,2012-08-01,2012,8,1006,189145.0,5.318670860979672,531.8670860979672
Richmond Upon Thames,2012-09-01,2012,9,967,189145.0,5.112479843506304,511.2479843506305
Richmond Upon Thames,2012-10-01,2012,10,1155,189145.0,6.106426286711253,610.6426286711253
Richmond Upon Thames,2012-11-01,2012,11,1096,189145.0,5.794496285918211,579.4496285918211
Richmond Upon Thames,2012-12-01,2012,12,1006,189145.0,5.318670860979672,531.8670860979672
Richmond Upon Thames,2013-01-01,2013,1,1118,191365.0,5.842238653881326,584.2238653881326
Richmond Upon Thames,2013-02-01,2013,2,897,191365.0,4.687377524625715,468.7377524625715
Richmond Upon Thames,2013-03-01,2013,3,1047,191365.0,5.471219920048076,547.1219920048076
Richmond Upon Thames,2013-04-01,2013,4,954,191365.0,4.985237634886212,498.52376348862117
Richmond Upon Thames,2013-05-01,2013,5,907,191365.0,4.739633684320539,473.9633684320539
Richmond Upon Thames,2013-06-01,2013,6,1005,191365.0,5.251744049329814,525.1744049329815
Richmond Upon Thames,2013-07-01,2013,7,988,191365.0,5.162908577848614,516.2908577848614
Richmond Upon Thames,2013-08-01,2013,8,992,191365.0,5.1838110417265435,518.3811041726543
Richmond Upon Thames,2013-09-01,2013,9,943,191365.0,4.9277558592219055,492.77558592219054
Richmond Upon Thames,2013-10-01,2013,10,884,191365.0,4.619444517022444,461.9444517022444
Richmond Upon Thames,2013-11-01,2013,11,937,191365.0,4.896402163405011,489.6402163405011
Richmond Upon Thames,2013-12-01,2013,12,839,191365.0,4.384291798395736,438.4291798395736
Richmond Upon Thames,2014-01-01,2014,1,1009,193585.0,5.2121806958183745,521.2180695818374
Richmond Upon Thames,2014-02-01,2014,2,772,193585.0,3.987912286592453,398.7912286592453
Richmond Upon Thames,2014-03-01,2014,3,942,193585.0,4.866079499961257,486.60794999612574
Richmond Upon Thames,2014-04-01,2014,4,902,193585.0,4.659451920345068,465.9451920345068
Richmond Upon Thames,2014-05-01,2014,5,988,193585.0,5.103701216519875,510.3701216519875
Richmond Upon Thames,2014-06-01,2014,6,974,193585.0,5.031381563654209,503.1381563654209
Richmond Upon Thames,2014-07-01,2014,7,1026,193585.0,5.299997417155255,529.9997417155255
Richmond Upon Thames,2014-08-01,2014,8,889,193585.0,4.592297956969807,459.22979569698066
Richmond Upon Thames,2014-09-01,2014,9,982,193585.0,5.072707079577446,507.27070795774466
Richmond Upon Thames,2014-10-01,2014,10,997,193585.0,5.150192421933518,515.0192421933518
Richmond Upon Thames,2014-11-01,2014,11,1048,193585.0,5.413642585944159,541.3642585944159
Richmond Upon Thames,2014-12-01,2014,12,915,193585.0,4.72660588372033,472.660588372033
Richmond Upon Thames,2015-01-01,2015,1,977,194730.0,5.017203307143224,501.7203307143224
Richmond Upon Thames,2015-02-01,2015,2,831,194730.0,4.267447234632568,426.74472346325683
Richmond Upon Thames,2015-03-01,2015,3,1020,194730.0,5.238021876444307,523.8021876444308
Richmond Upon Thames,2015-04-01,2015,4,915,194730.0,4.698813742104452,469.88137421044524
Richmond Upon Thames,2015-05-01,2015,5,1033,194730.0,5.304780978791147,530.4780978791147
Richmond Upon Thames,2015-06-01,2015,6,954,194730.0,4.89909104914497,489.909104914497
Richmond Upon Thames,2015-07-01,2015,7,931,194730.0,4.780978791146716,478.0978791146716
Richmond Upon Thames,2015-08-01,2015,8,960,194730.0,4.9299029425358185,492.9902942535819
Richmond Upon Thames,2015-09-01,2015,9,952,194730.0,4.888820418014687,488.88204180146874
Richmond Upon Thames,2015-10-01,2015,10,986,194730.0,5.063421147229498,506.34211472294976
Richmond Upon Thames,2015-11-01,2015,11,921,194730.0,4.729625635495301,472.9625635495301
Richmond Upon Thames,2015-12-01,2015,12,925,194730.0,4.750166897755867,475.0166897755867
Richmond Upon Thames,2016-01-01,2016,1,946,195846.0,4.830325868284264,483.0325868284264
Richmond Upon Thames,2016-02-01,2016,2,882,195846.0,4.503538494531417,450.3538494531418
Richmond Upon Thames,2016-03-01,2016,3,929,195846.0,4.7435229721311645,474.35229721311646
Richmond Upon Thames,2016-04-01,2016,4,917,195846.0,4.682250339552506,468.2250339552506
Richmond Upon Thames,2016-05-01,2016,5,1132,195846.0,5.780051673253475,578.0051673253474
Richmond Upon Thames,2016-06-01,2016,6,1075,195846.0,5.489006668504846,548.9006668504845
Richmond Upon Thames,2016-07-01,2016,7,1115,195846.0,5.693248777100375,569.3248777100375
Richmond Upon Thames,2016-08-01,2016,8,1021,195846.0,5.213279821900882,521.3279821900882
Richmond Upon Thames,2016-09-01,2016,9,1116,195846.0,5.698354829815264,569.8354829815263
Richmond Upon Thames,2016-10-01,2016,10,994,195846.0,5.075416398598899,507.5416398598899
Richmond Upon Thames,2016-11-01,2016,11,1012,195846.0,5.167325347466887,516.7325347466888
Richmond Upon Thames,2016-12-01,2016,12,964,195846.0,4.922234817152253,492.22348171522526
Richmond Upon Thames,2017-01-01,2017,1,1009,197988.0,5.096268460714791,509.62684607147906
Richmond Upon Thames,2017-02-01,2017,2,997,197988.0,5.035658726791523,503.5658726791523
Richmond Upon Thames,2017-03-01,2017,3,1162,197988.0,5.869042568236459,586.9042568236459
Richmond Upon Thames,2017-04-01,2017,4,1137,197988.0,5.74277228922965,574.277228922965
Richmond Upon Thames,2017-05-01,2017,5,1323,197988.0,6.6822231650403054,668.2223165040306
Richmond Upon Thames,2017-06-01,2017,6,1310,197988.0,6.616562619956765,661.6562619956765
Richmond Upon Thames,2017-07-01,2017,7,1379,197988.0,6.965068590015557,696.5068590015557
Richmond Upon Thames,2017-08-01,2017,8,1226,197988.0,6.192294482493889,619.2294482493888
Richmond Upon Thames,2017-09-01,2017,9,1296,197988.0,6.545851263712952,654.5851263712952
Richmond Upon Thames,2017-10-01,2017,10,1320,197988.0,6.667070731559488,666.7070731559488
Richmond Upon Thames,2017-11-01,2017,11,1306,197988.0,6.596359375315676,659.6359375315676
Richmond Upon Thames,2017-12-01,2017,12,1107,197988.0,5.591247954421481,559.1247954421481
Richmond Upon Thames,2018-01-01,2018,1,1114,199419.0,5.586227992317683,558.6227992317683
Richmond Upon Thames,2018-02-01,2018,2,1031,199419.0,5.1700189049187895,517.001890491879
Richmond Upon Thames,2018-03-01,2018,3,1119,199419.0,5.611300828907978,561.1300828907978
Richmond Upon Thames,2018-04-01,2018,4,1091,199419.0,5.470892944002327,547.0892944002327
Richmond Upon Thames,2018-05-01,2018,5,1207,199419.0,6.052582752897166,605.2582752897166
Richmond Upon Thames,2018-06-01,2018,6,1089,199419.0,5.4608638093662085,546.0863809366209
Richmond Upon Thames,2018-07-01,2018,7,1297,199419.0,6.503893811522472,650.3893811522473
Richmond Upon Thames,2018-08-01,2018,8,1166,199419.0,5.846985492856749,584.6985492856749
Richmond Upon Thames,2018-09-01,2018,9,1126,199419.0,5.646402800134391,564.640280013439
Richmond Upon Thames,2018-10-01,2018,10,1289,199419.0,6.463777272978001,646.3777272978001
Richmond Upon Thames,2018-11-01,2018,11,1373,199419.0,6.8850009276949535,688.5000927694954
Richmond Upon Thames,2018-12-01,2018,12,1141,199419.0,5.721621309905275,572.1621309905274
Richmond Upon Thames,2019-01-01,2019,1,1157,200703.0,5.764736949622079,576.4736949622079
Richmond Upon Thames,2019-02-01,2019,2,1076,200703.0,5.361155538282936,536.1155538282935
Richmond Upon Thames,2019-03-01,2019,3,1221,200703.0,6.083616089445599,608.3616089445599
Richmond Upon Thames,2019-04-01,2019,4,1173,200703.0,5.844456734577959,584.4456734577959
Richmond Upon Thames,2019-05-01,2019,5,1186,200703.0,5.909229059854611,590.9229059854611
Richmond Upon Thames,2019-06-01,2019,6,1139,200703.0,5.675052191546714,567.5052191546713
Richmond Upon Thames,2019-07-01,2019,7,1126,200703.0,5.61027986627006,561.027986627006
Richmond Upon Thames,2019-08-01,2019,8,1091,200703.0,5.4358928366790735,543.5892836679074
Richmond Upon Thames,2019-09-01,2019,9,1086,200703.0,5.410980403880361,541.098040388036
Richmond Upon Thames,2019-10-01,2019,10,1217,200703.0,6.0636861432066285,606.3686143206629
Richmond Upon Thames,2019-11-01,2019,11,1312,200703.0,6.537022366382167,653.7022366382166
Richmond Upon Thames,2019-12-01,2019,12,1238,200703.0,6.168318360961221,616.8318360961222
Richmond Upon Thames,2020-01-01,2020,1,1266,201713.0,6.276243970393579,627.6243970393579
Richmond Upon Thames,2020-02-01,2020,2,1116,201713.0,5.532613168214245,553.2613168214245
Richmond Upon Thames,2020-03-01,2020,3,783,201713.0,3.8817527873761235,388.17527873761236
Richmond Upon Thames,2020-04-01,2020,4,796,201713.0,3.9462007902316656,394.62007902316657
Richmond Upon Thames,2020-05-01,2020,5,1045,201713.0,5.180627921849361,518.062792184936
Richmond Upon Thames,2020-06-01,2020,6,1097,201713.0,5.438419933271529,543.841993327153
Richmond Upon Thames,2020-07-01,2020,7,1288,201713.0,6.385309821379881,638.5309821379881
Richmond Upon Thames,2020-08-01,2020,8,1281,201713.0,6.350607050611513,635.0607050611512
Richmond Upon Thames,2020-09-01,2020,9,1186,201713.0,5.879640875897934,587.9640875897934
Richmond Upon Thames,2020-10-01,2020,10,1123,201713.0,5.567315938982614,556.7315938982614
Richmond Upon Thames,2020-11-01,2020,11,1095,201713.0,5.4285048559091384,542.8504855909139
Richmond Upon Thames,2020-12-01,2020,12,1012,201713.0,5.017029145369906,501.70291453699065
Richmond Upon Thames,2021-01-01,2021,1,815,203312.0,4.00861729755253,400.861729755253
Richmond Upon Thames,2021-02-01,2021,2,847,203312.0,4.1660108601558195,416.6010860155819
Richmond Upon Thames,2021-03-01,2021,3,1002,203312.0,4.928385929015503,492.8385929015503
Richmond Upon Thames,2021-04-01,2021,4,991,203312.0,4.8742818918706226,487.42818918706223
Richmond Upon Thames,2021-05-01,2021,5,1035,203312.0,5.090698040450146,509.06980404501456
Richmond Upon Thames,2021-06-01,2021,6,1069,203312.0,5.257928700716141,525.7928700716141
Richmond Upon Thames,2021-07-01,2021,7,993,203312.0,4.884118989533328,488.4118989533328
Richmond Upon Thames,2021-08-01,2021,8,1006,203312.0,4.948060124340914,494.80601243409143
Richmond Upon Thames,2021-09-01,2021,9,1036,203312.0,5.095616589281498,509.5616589281498
Richmond Upon Thames,2021-10-01,2021,10,1018,203312.0,5.007082710317148,500.70827103171484
Richmond Upon Thames,2021-11-01,2021,11,1039,203312.0,5.110372235775557,511.03722357755566
Richmond Upon Thames,2021-12-01,2021,12,919,203312.0,4.520146376013221,452.0146376013221
Richmond Upon Thames,2022-01-01,2022,1,1041,205051.0,5.076785775246158,507.67857752461583
Richmond Upon Thames,2022-02-01,2022,2,911,205051.0,4.44279715778026,444.27971577802595
Richmond Upon Thames,2022-03-01,2022,3,1009,205051.0,4.920727038639168,492.0727038639168
Richmond Upon Thames,2022-04-01,2022,4,1041,205051.0,5.076785775246158,507.67857752461583
Richmond Upon Thames,2022-05-01,2022,5,1114,205051.0,5.432794768130855,543.2794768130856
Richmond Upon Thames,2022-06-01,2022,6,992,205051.0,4.837820834816704,483.7820834816704
Richmond Upon Thames,2022-07-01,2022,7,969,205051.0,4.72565361788043,472.565361788043
Richmond Upon Thames,2022-08-01,2022,8,996,205051.0,4.857328176892578,485.7328176892578
Richmond Upon Thames,2022-09-01,2022,9,953,205051.0,4.647624249576935,464.76242495769344
Richmond Upon Thames,2022-10-01,2022,10,1044,205051.0,5.091416281803063,509.1416281803064
Richmond Upon Thames,2022-11-01,2022,11,1052,205051.0,5.130430965954811,513.0430965954811
Richmond Upon Thames,2022-12-01,2022,12,950,205051.0,4.632993743020029,463.2993743020029
Richmond Upon Thames,2023-01-01,2023,1,1027,206708.0,4.968361166476382,496.8361166476382
Richmond Upon Thames,2023-02-01,2023,2,1036,206708.0,5.011900845637324,501.1900845637324
Richmond Upon Thames,2023-03-01,2023,3,1136,206708.0,5.49567505853668,549.567505853668
Southwark,2010-04-01,2010,4,3237,283777.0,11.406844106463879,1140.684410646388
Southwark,2010-05-01,2010,5,3406,283777.0,12.002382152182875,1200.2382152182877
Southwark,2010-06-01,2010,6,3401,283777.0,11.984762683374623,1198.4762683374622
Southwark,2010-07-01,2010,7,3597,283777.0,12.675445860658193,1267.5445860658192
Southwark,2010-08-01,2010,8,3486,283777.0,12.284293653114945,1228.4293653114946
Southwark,2010-09-01,2010,9,3199,283777.0,11.272936143521145,1127.2936143521144
Southwark,2010-10-01,2010,10,3386,283777.0,11.931904276949858,1193.1904276949858
Southwark,2010-11-01,2010,11,3179,283777.0,11.202458268288128,1120.2458268288128
Southwark,2010-12-01,2010,12,2644,283777.0,9.31717510580491,931.7175105804911
Southwark,2011-01-01,2011,1,3167,289361.0,10.944805969014483,1094.4805969014483
Southwark,2011-02-01,2011,2,2803,289361.0,9.686861740179223,968.6861740179222
Southwark,2011-03-01,2011,3,3005,289361.0,10.384951669368021,1038.4951669368022
Southwark,2011-04-01,2011,4,3050,289361.0,10.54046675260315,1054.046675260315
Southwark,2011-05-01,2011,5,3370,289361.0,11.64635178894184,1164.6351788941843
Southwark,2011-06-01,2011,6,3205,289361.0,11.076129817079703,1107.6129817079704
Southwark,2011-07-01,2011,7,3131,289361.0,10.820393902426382,1082.039390242638
Southwark,2011-08-01,2011,8,3256,289361.0,11.252380244746183,1125.2380244746182
Southwark,2011-09-01,2011,9,2922,289361.0,10.098112738067673,1009.8112738067674
Southwark,2011-10-01,2011,10,3347,289361.0,11.566866301954997,1156.6866301954997
Southwark,2011-11-01,2011,11,3146,289361.0,10.872232263504756,1087.2232263504757
Southwark,2011-12-01,2011,12,3033,289361.0,10.481716610047657,1048.1716610047656
Southwark,2012-01-01,2012,1,2906,294174.0,9.878507278005534,987.8507278005534
Southwark,2012-02-01,2012,2,2810,294174.0,9.552169804265503,955.2169804265503
Southwark,2012-03-01,2012,3,3110,294174.0,10.5719744097031,1057.19744097031
Southwark,2012-04-01,2012,4,2633,294174.0,8.95048508705732,895.048508705732
Southwark,2012-05-01,2012,5,3159,294174.0,10.738542495257908,1073.854249525791
Southwark,2012-06-01,2012,6,3111,294174.0,10.575373758387894,1057.5373758387893
Southwark,2012-07-01,2012,7,3097,294174.0,10.527782876800805,1052.7782876800804
Southwark,2012-08-01,2012,8,3011,294174.0,10.235438889908693,1023.5438889908694
Southwark,2012-09-01,2012,9,2690,294174.0,9.144247962090464,914.4247962090463
Southwark,2012-10-01,2012,10,2823,294174.0,9.5963613371678,959.6361337167799
Southwark,2012-11-01,2012,11,2948,294174.0,10.021279922766798,1002.1279922766798
Southwark,2012-12-01,2012,12,2984,294174.0,10.14365647541931,1014.3656475419309
Southwark,2013-01-01,2013,1,3192,299109.0,10.671694933953843,1067.1694933953843
Southwark,2013-02-01,2013,2,2697,299109.0,9.016779836113257,901.6779836113257
Southwark,2013-03-01,2013,3,2865,299109.0,9.57844799053188,957.844799053188
Southwark,2013-04-01,2013,4,2819,299109.0,9.424657900631543,942.4657900631543
Southwark,2013-05-01,2013,5,2722,299109.0,9.100361406711265,910.0361406711265
Southwark,2013-06-01,2013,6,2949,299109.0,9.85928206774119,985.9282067741192
Southwark,2013-07-01,2013,7,3181,299109.0,10.634919042890719,1063.491904289072
Southwark,2013-08-01,2013,8,2907,299109.0,9.718865029136536,971.8865029136535
Southwark,2013-09-01,2013,9,2891,299109.0,9.66537282395381,966.537282395381
Southwark,2013-10-01,2013,10,3036,299109.0,10.150145933422264,1015.0145933422264
Southwark,2013-11-01,2013,11,3045,299109.0,10.180235298837548,1018.0235298837548
Southwark,2013-12-01,2013,12,2757,299109.0,9.21737560554848,921.737560554848
Southwark,2014-01-01,2014,1,2601,303182.0,8.579005349921829,857.9005349921829
Southwark,2014-02-01,2014,2,2459,303182.0,8.110639813709257,811.0639813709257
Southwark,2014-03-01,2014,3,2689,303182.0,8.869260048419761,886.9260048419761
Southwark,2014-04-01,2014,4,2463,303182.0,8.123833209095526,812.3833209095526
Southwark,2014-05-01,2014,5,2589,303182.0,8.53942516376302,853.942516376302
Southwark,2014-06-01,2014,6,2674,303182.0,8.819784815721249,881.978481572125
Southwark,2014-07-01,2014,7,2847,303182.0,9.390399166177412,939.0399166177411
Southwark,2014-08-01,2014,8,2637,303182.0,8.697745908398256,869.7745908398256
Southwark,2014-09-01,2014,9,2820,303182.0,9.301343747320091,930.1343747320092
Southwark,2014-10-01,2014,10,2995,303182.0,9.878554795469388,987.8554795469388
Southwark,2014-11-01,2014,11,2889,303182.0,9.528929817733243,952.8929817733243
Southwark,2014-12-01,2014,12,2601,303182.0,8.579005349921829,857.9005349921829
Southwark,2015-01-01,2015,1,2751,309545.0,8.887237719879177,888.7237719879178
Southwark,2015-02-01,2015,2,2529,309545.0,8.170056050008885,817.0056050008884
Southwark,2015-03-01,2015,3,2703,309545.0,8.732171412880195,873.2171412880195
Southwark,2015-04-01,2015,4,2724,309545.0,8.80001292219225,880.001292219225
Southwark,2015-05-01,2015,5,3077,309545.0,9.940396388247267,994.0396388247266
Southwark,2015-06-01,2015,6,2936,309545.0,9.484889111437756,948.4889111437756
Southwark,2015-07-01,2015,7,2910,309545.0,9.400894861813306,940.0894861813307
Southwark,2015-08-01,2015,8,2839,309545.0,9.171525949377312,917.1525949377311
Southwark,2015-09-01,2015,9,2649,309545.0,8.55772181750634,855.772181750634
Southwark,2015-10-01,2015,10,2860,309545.0,9.239367458689367,923.9367458689367
Southwark,2015-11-01,2015,11,3047,309545.0,9.843479946372902,984.3479946372902
Southwark,2015-12-01,2015,12,2853,309545.0,9.216753622252014,921.6753622252015
Southwark,2016-01-01,2016,1,2737,313867.0,8.720254120375827,872.0254120375828
Southwark,2016-02-01,2016,2,2713,313867.0,8.643788611099605,864.3788611099606
Southwark,2016-03-01,2016,3,2754,313867.0,8.774417189446485,877.4417189446485
Southwark,2016-04-01,2016,4,2883,313867.0,9.18541930180618,918.5419301806179
Southwark,2016-05-01,2016,5,3213,313867.0,10.236820054354233,1023.6820054354233
Southwark,2016-06-01,2016,6,2995,313867.0,9.542258345095217,954.2258345095215
Southwark,2016-07-01,2016,7,2997,313867.0,9.548630470868234,954.8630470868234
Southwark,2016-08-01,2016,8,3042,313867.0,9.69200330076115,969.200330076115
Southwark,2016-09-01,2016,9,3130,313867.0,9.972376834773964,997.2376834773964
Southwark,2016-10-01,2016,10,3060,313867.0,9.749352432718316,974.9352432718317
Southwark,2016-11-01,2016,11,2850,313867.0,9.080279226551374,908.0279226551373
Southwark,2016-12-01,2016,12,2949,313867.0,9.395699452315789,939.569945231579
Southwark,2017-01-01,2017,1,3004,317735.0,9.454419563472705,945.4419563472705
Southwark,2017-02-01,2017,2,2756,317735.0,8.673894912427022,867.3894912427022
Southwark,2017-03-01,2017,3,3063,317735.0,9.640108895777928,964.0108895777928
Southwark,2017-04-01,2017,4,2846,317735.0,8.957149826112955,895.7149826112956
Southwark,2017-05-01,2017,5,3014,317735.0,9.48589233166003,948.5892331660032
Southwark,2017-06-01,2017,6,3003,317735.0,9.451272286653973,945.1272286653973
Southwark,2017-07-01,2017,7,3243,317735.0,10.206618723149795,1020.6618723149795
Southwark,2017-08-01,2017,8,3313,317735.0,10.426928100461076,1042.6928100461075
Southwark,2017-09-01,2017,9,3167,317735.0,9.967425684926118,996.7425684926118
Southwark,2017-10-01,2017,10,3228,317735.0,10.159409570868807,1015.9409570868806
Southwark,2017-11-01,2017,11,3485,317735.0,10.968259713283082,1096.8259713283082
Southwark,2017-12-01,2017,12,2915,317735.0,9.174311926605505,917.4311926605504
Southwark,2018-01-01,2018,1,3085,322302.0,9.571768093278974,957.1768093278974
Southwark,2018-02-01,2018,2,2743,322302.0,8.510651500766363,851.0651500766362
Southwark,2018-03-01,2018,3,2944,322302.0,9.134290199874652,913.4290199874652
Southwark,2018-04-01,2018,4,3210,322302.0,9.95960310516224,995.9603105162239
Southwark,2018-05-01,2018,5,3285,322302.0,10.192304112292197,1019.2304112292198
Southwark,2018-06-01,2018,6,3151,322302.0,9.77654497955334,977.6544979553339
Southwark,2018-07-01,2018,7,3530,322302.0,10.952460735583397,1095.2460735583397
Southwark,2018-08-01,2018,8,3276,322302.0,10.164379991436604,1016.4379991436604
Southwark,2018-09-01,2018,9,3176,322302.0,9.854111981929991,985.4111981929991
Southwark,2018-10-01,2018,10,3450,322302.0,10.704246327978108,1070.4246327978108
Southwark,2018-11-01,2018,11,3396,322302.0,10.536701602844538,1053.6701602844537
Southwark,2018-12-01,2018,12,3117,322302.0,9.67105385632109,967.105385632109
Southwark,2019-01-01,2019,1,3305,327271.0,10.098664409617719,1009.8664409617718
Southwark,2019-02-01,2019,2,3203,327271.0,9.786996098034962,978.6996098034963
Southwark,2019-03-01,2019,3,3775,327271.0,11.534783100244141,1153.478310024414
Southwark,2019-04-01,2019,4,3453,327271.0,10.550889018580932,1055.088901858093
Southwark,2019-05-01,2019,5,3633,327271.0,11.100891921374028,1110.089192137403
Southwark,2019-06-01,2019,6,3584,327271.0,10.95116890894702,1095.116890894702
Southwark,2019-07-01,2019,7,3749,327271.0,11.455338236507359,1145.533823650736
Southwark,2019-08-01,2019,8,3547,327271.0,10.838112756706217,1083.8112756706216
Southwark,2019-09-01,2019,9,3561,327271.0,10.88089076025679,1088.089076025679
Southwark,2019-10-01,2019,10,3801,327271.0,11.614227963980921,1161.422796398092
Southwark,2019-11-01,2019,11,3565,327271.0,10.893113046985526,1089.3113046985527
Southwark,2019-12-01,2019,12,3378,327271.0,10.32172114241714,1032.172114241714
Southwark,2020-01-01,2020,1,3195,330290.0,9.67331738775016,967.3317387750159
Southwark,2020-02-01,2020,2,3140,330290.0,9.506797057131612,950.6797057131612
Southwark,2020-03-01,2020,3,2111,330290.0,6.391353053377335,639.1353053377335
Southwark,2020-04-01,2020,4,2028,330290.0,6.140058736262072,614.0058736262073
Southwark,2020-05-01,2020,5,2437,330290.0,7.378364467589089,737.8364467589089
Southwark,2020-06-01,2020,6,2730,330290.0,8.265463683429713,826.5463683429713
Southwark,2020-07-01,2020,7,3210,330290.0,9.718732023373398,971.87320233734
Southwark,2020-08-01,2020,8,3328,330290.0,10.075993823609554,1007.5993823609556
Southwark,2020-09-01,2020,9,3204,330290.0,9.700566169124103,970.0566169124103
Southwark,2020-10-01,2020,10,3164,330290.0,9.579460474128796,957.9460474128796
Southwark,2020-11-01,2020,11,2813,330290.0,8.516758000544975,851.6758000544976
Southwark,2020-12-01,2020,12,2567,330290.0,7.7719579763238364,777.1957976323837
Southwark,2021-01-01,2021,1,2117,332679.0,6.3634915338810085,636.3491533881008
Southwark,2021-02-01,2021,2,2399,332679.0,7.211155498243051,721.1155498243052
Southwark,2021-03-01,2021,3,2762,332679.0,8.302297409815466,830.2297409815468
Southwark,2021-04-01,2021,4,2761,332679.0,8.299291509232624,829.9291509232623
Southwark,2021-05-01,2021,5,2849,332679.0,8.563810760522907,856.3810760522906
Southwark,2021-06-01,2021,6,2943,332679.0,8.846365415310254,884.6365415310254
Southwark,2021-07-01,2021,7,3084,332679.0,9.270197397491275,927.0197397491274
Southwark,2021-08-01,2021,8,2780,332679.0,8.356403620306661,835.6403620306662
Southwark,2021-09-01,2021,9,3032,332679.0,9.11389056718338,911.3890567183381
Southwark,2021-10-01,2021,10,3098,332679.0,9.312280005651093,931.2280005651094
Southwark,2021-11-01,2021,11,2954,332679.0,8.87943032172154,887.9430321721538
Southwark,2021-12-01,2021,12,2651,332679.0,7.96864244511977,796.8642445119771
Southwark,2022-01-01,2022,1,2724,334826.0,8.135568922365646,813.5568922365646
Southwark,2022-02-01,2022,2,2608,334826.0,7.789120319210575,778.9120319210575
Southwark,2022-03-01,2022,3,3010,334826.0,8.989743926696255,898.9743926696254
Southwark,2022-04-01,2022,4,3009,334826.0,8.986757300806985,898.6757300806987
Southwark,2022-05-01,2022,5,3334,334826.0,9.95741071481904,995.7410714819041
Southwark,2022-06-01,2022,6,3145,334826.0,9.392938421747415,939.2938421747415
Southwark,2022-07-01,2022,7,3372,334826.0,10.070902498611218,1007.090249861122
Southwark,2022-08-01,2022,8,3192,334826.0,9.533309838543005,953.3309838543005
Southwark,2022-09-01,2022,9,2816,334826.0,8.41033850417829,841.033850417829
Southwark,2022-10-01,2022,10,3040,334826.0,9.07934270337429,907.934270337429
Southwark,2022-11-01,2022,11,3156,334826.0,9.425791306529362,942.5791306529362
Southwark,2022-12-01,2022,12,2880,334826.0,8.601482561091434,860.1482561091433
Southwark,2023-01-01,2023,1,3074,336554.0,9.13374971029909,913.3749710299089
Southwark,2023-02-01,2023,2,2924,336554.0,8.68805600289998,868.805600289998
Southwark,2023-03-01,2023,3,3083,336554.0,9.160491332743037,916.0491332743036
Sutton,2010-04-01,2010,4,1124,189321.0,5.937006459927847,593.7006459927848
Sutton,2010-05-01,2010,5,1110,189321.0,5.8630579808896,586.30579808896
Sutton,2010-06-01,2010,6,1203,189321.0,6.354287163072242,635.4287163072242
Sutton,2010-07-01,2010,7,1096,189321.0,5.789109501851353,578.9109501851352
Sutton,2010-08-01,2010,8,1041,189321.0,5.498597619915381,549.8597619915382
Sutton,2010-09-01,2010,9,1077,189321.0,5.688750851728018,568.8750851728017
Sutton,2010-10-01,2010,10,1070,189321.0,5.651776612208894,565.1776612208894
Sutton,2010-11-01,2010,11,1107,189321.0,5.847211878238547,584.7211878238547
Sutton,2010-12-01,2010,12,1005,189321.0,5.308444388102746,530.8444388102746
Sutton,2011-01-01,2011,1,993,191515.0,5.184972456465551,518.4972456465551
Sutton,2011-02-01,2011,2,985,191515.0,5.143200271519202,514.3200271519203
Sutton,2011-03-01,2011,3,1099,191515.0,5.738453907004673,573.8453907004673
Sutton,2011-04-01,2011,4,1070,191515.0,5.587029736574159,558.7029736574159
Sutton,2011-05-01,2011,5,1147,191515.0,5.989087016682767,598.9087016682766
Sutton,2011-06-01,2011,6,1067,191515.0,5.571365167219278,557.1365167219278
Sutton,2011-07-01,2011,7,1125,191515.0,5.874213508080307,587.4213508080308
Sutton,2011-08-01,2011,8,998,191515.0,5.211080072057019,521.1080072057019
Sutton,2011-09-01,2011,9,920,191515.0,4.803801268830118,480.38012688301177
Sutton,2011-10-01,2011,10,978,191515.0,5.1066496096911465,510.66496096911465
Sutton,2011-11-01,2011,11,985,191515.0,5.143200271519202,514.3200271519203
Sutton,2011-12-01,2011,12,950,191515.0,4.960446962378926,496.0446962378926
Sutton,2012-01-01,2012,1,918,194022.0,4.731422209852491,473.1422209852491
Sutton,2012-02-01,2012,2,969,194022.0,4.99427899928874,499.42789992887407
Sutton,2012-03-01,2012,3,1081,194022.0,5.571533125109523,557.1533125109523
Sutton,2012-04-01,2012,4,974,194022.0,5.020049272762883,502.00492727628824
Sutton,2012-05-01,2012,5,1022,194022.0,5.267443898114647,526.7443898114647
Sutton,2012-06-01,2012,6,989,194022.0,5.0973600931853085,509.7360093185309
Sutton,2012-07-01,2012,7,1029,194022.0,5.303522280978446,530.3522280978445
Sutton,2012-08-01,2012,8,1026,194022.0,5.288060116893961,528.8060116893961
Sutton,2012-09-01,2012,9,941,194022.0,4.849965467833544,484.99654678335446
Sutton,2012-10-01,2012,10,1117,194022.0,5.7570790941233465,575.7079094123346
Sutton,2012-11-01,2012,11,1044,194022.0,5.380833101400872,538.0833101400872
Sutton,2012-12-01,2012,12,1072,194022.0,5.525146632856068,552.5146632856068
Sutton,2013-01-01,2013,1,961,196306.0,4.895418377431153,489.54183774311537
Sutton,2013-02-01,2013,2,844,196306.0,4.299410104632564,429.94101046325636
Sutton,2013-03-01,2013,3,896,196306.0,4.564302670320826,456.43026703208255
Sutton,2013-04-01,2013,4,893,196306.0,4.549020406915734,454.90204069157335
Sutton,2013-05-01,2013,5,850,196306.0,4.329974631442747,432.9974631442748
Sutton,2013-06-01,2013,6,909,196306.0,4.630525811742891,463.0525811742891
Sutton,2013-07-01,2013,7,952,196306.0,4.849571587215878,484.95715872158775
Sutton,2013-08-01,2013,8,917,196306.0,4.67127851415647,467.127851415647
Sutton,2013-09-01,2013,9,912,196306.0,4.6458080751479836,464.5808075147984
Sutton,2013-10-01,2013,10,1019,196306.0,5.190875469929599,519.08754699296
Sutton,2013-11-01,2013,11,983,196306.0,5.007488309068496,500.7488309068495
Sutton,2013-12-01,2013,12,875,196306.0,4.457326826485181,445.73268264851816
Sutton,2014-01-01,2014,1,935,198526.0,4.70971056687789,470.971056687789
Sutton,2014-02-01,2014,2,892,198526.0,4.4931142520375165,449.3114252037517
Sutton,2014-03-01,2014,3,964,198526.0,4.855787151305119,485.5787151305119
Sutton,2014-04-01,2014,4,863,198526.0,4.347037667610288,434.70376676102876
Sutton,2014-05-01,2014,5,865,198526.0,4.357111914812165,435.7111914812166
Sutton,2014-06-01,2014,6,967,198526.0,4.870898522107936,487.0898522107936
Sutton,2014-07-01,2014,7,1041,198526.0,5.2436456685774155,524.3645668577416
Sutton,2014-08-01,2014,8,804,198526.0,4.049847375154892,404.98473751548914
Sutton,2014-09-01,2014,9,898,198526.0,4.52333699364315,452.333699364315
Sutton,2014-10-01,2014,10,1069,198526.0,5.384685129403705,538.4685129403706
Sutton,2014-11-01,2014,11,1090,198526.0,5.490464725023423,549.0464725023422
Sutton,2014-12-01,2014,12,1048,198526.0,5.278905533783988,527.8905533783989
Sutton,2015-01-01,2015,1,905,200537.0,4.512882909388292,451.2882909388293
Sutton,2015-02-01,2015,2,985,200537.0,4.911811785356318,491.18117853563183
Sutton,2015-03-01,2015,3,1066,200537.0,5.315727272273945,531.5727272273945
Sutton,2015-04-01,2015,4,970,200537.0,4.837012621112313,483.70126211123136
Sutton,2015-05-01,2015,5,903,200537.0,4.502909687489092,450.29096874890917
Sutton,2015-06-01,2015,6,1064,200537.0,5.305754050374744,530.5754050374744
Sutton,2015-07-01,2015,7,863,200537.0,4.303445249505079,430.3445249505079
Sutton,2015-08-01,2015,8,914,200537.0,4.557762407934695,455.7762407934695
Sutton,2015-09-01,2015,9,876,200537.0,4.3682711918498836,436.8271191849883
Sutton,2015-10-01,2015,10,1022,200537.0,5.0963163904915305,509.631639049153
Sutton,2015-11-01,2015,11,907,200537.0,4.522856131287493,452.28561312874933
Sutton,2015-12-01,2015,12,954,200537.0,4.757226845918709,475.7226845918708
Sutton,2016-01-01,2016,1,1018,202612.0,5.02438157660948,502.43815766094804
Sutton,2016-02-01,2016,2,990,202612.0,4.886186405543601,488.61864055436007
Sutton,2016-03-01,2016,3,1027,202612.0,5.068801453023513,506.8801453023513
Sutton,2016-04-01,2016,4,980,202612.0,4.836830987305786,483.68309873057865
Sutton,2016-05-01,2016,5,1004,202612.0,4.9552839910765405,495.5283991076541
Sutton,2016-06-01,2016,6,990,202612.0,4.886186405543601,488.61864055436007
Sutton,2016-07-01,2016,7,909,202612.0,4.486407517817306,448.6407517817306
Sutton,2016-08-01,2016,8,833,202612.0,4.111306339209919,411.13063392099184
Sutton,2016-09-01,2016,9,977,202612.0,4.822024361834442,482.2024361834442
Sutton,2016-10-01,2016,10,924,202612.0,4.560440645174027,456.0440645174027
Sutton,2016-11-01,2016,11,1046,202612.0,5.1625767476753595,516.257674767536
Sutton,2016-12-01,2016,12,991,202612.0,4.891121947367382,489.1121947367382
Sutton,2017-01-01,2017,1,1001,204933.0,4.884523234422957,488.4523234422958
Sutton,2017-02-01,2017,2,968,204933.0,4.723494995925497,472.34949959254976
Sutton,2017-03-01,2017,3,1054,204933.0,5.143144344737061,514.314434473706
Sutton,2017-04-01,2017,4,1012,204933.0,4.938199313922111,493.8199313922111
Sutton,2017-05-01,2017,5,1207,204933.0,5.889729814134376,588.9729814134375
Sutton,2017-06-01,2017,6,1229,204933.0,5.9970819731326825,599.7081973132682
Sutton,2017-07-01,2017,7,1006,204933.0,4.908921452377118,490.8921452377118
Sutton,2017-08-01,2017,8,1028,204933.0,5.016273611375425,501.6273611375425
Sutton,2017-09-01,2017,9,1087,204933.0,5.304172583234521,530.4172583234521
Sutton,2017-10-01,2017,10,1170,204933.0,5.709183001273587,570.9183001273586
Sutton,2017-11-01,2017,11,1053,204933.0,5.138264701146228,513.8264701146228
Sutton,2017-12-01,2017,12,1026,204933.0,5.006514324193761,500.6514324193761
Sutton,2018-01-01,2018,1,1147,207378.0,5.530962782937438,553.0962782937438
Sutton,2018-02-01,2018,2,969,207378.0,4.672626797442351,467.26267974423513
Sutton,2018-03-01,2018,3,1032,207378.0,4.976419870960275,497.6419870960275
Sutton,2018-04-01,2018,4,1031,207378.0,4.971597758682213,497.1597758682213
Sutton,2018-05-01,2018,5,1021,207378.0,4.92337663590159,492.337663590159
Sutton,2018-06-01,2018,6,1076,207378.0,5.188592811195016,518.8592811195016
Sutton,2018-07-01,2018,7,1160,207378.0,5.593650242552247,559.3650242552247
Sutton,2018-08-01,2018,8,1083,207378.0,5.222347597141452,522.2347597141452
Sutton,2018-09-01,2018,9,1046,207378.0,5.043929442853147,504.39294428531474
Sutton,2018-10-01,2018,10,1166,207378.0,5.622582916220622,562.2582916220621
Sutton,2018-11-01,2018,11,1116,207378.0,5.381477302317507,538.1477302317508
Sutton,2018-12-01,2018,12,1166,207378.0,5.622582916220622,562.2582916220622
Sutton,2019-01-01,2019,1,1210,209666.0,5.771083532857021,577.108353285702
Sutton,2019-02-01,2019,2,1228,209666.0,5.8569343622714225,585.6934362271422
Sutton,2019-03-01,2019,3,1244,209666.0,5.93324621063978,593.3246210639779
Sutton,2019-04-01,2019,4,1243,209666.0,5.928476720116757,592.8476720116757
Sutton,2019-05-01,2019,5,1303,209666.0,6.214646151498097,621.4646151498097
Sutton,2019-06-01,2019,6,1200,209666.0,5.723388627626797,572.3388627626797
Sutton,2019-07-01,2019,7,1195,209666.0,5.699541175011685,569.9541175011685
Sutton,2019-08-01,2019,8,1301,209666.0,6.205107170452052,620.5107170452052
Sutton,2019-09-01,2019,9,1189,209666.0,5.670924231873552,567.0924231873552
Sutton,2019-10-01,2019,10,1306,209666.0,6.228954623067164,622.8954623067164
Sutton,2019-11-01,2019,11,1325,209666.0,6.319574943004588,631.9574943004588
Sutton,2019-12-01,2019,12,1210,209666.0,5.77108353285702,577.108353285702
Sutton,2020-01-01,2020,1,1485,211297.0,7.028022167849047,702.8022167849047
Sutton,2020-02-01,2020,2,1308,211297.0,6.190338717539767,619.0338717539767
Sutton,2020-03-01,2020,3,1060,211297.0,5.0166353521346725,501.6635352134673
Sutton,2020-04-01,2020,4,906,211297.0,4.287803423616994,428.78034236169935
Sutton,2020-05-01,2020,5,1054,211297.0,4.988239302971646,498.8239302971647
Sutton,2020-06-01,2020,6,1170,211297.0,5.537229586790158,553.7229586790158
Sutton,2020-07-01,2020,7,1132,211297.0,5.35738794209099,535.7387942090991
Sutton,2020-08-01,2020,8,1079,211297.0,5.106556174484257,510.6556174484257
Sutton,2020-09-01,2020,9,1084,211297.0,5.130219548786779,513.0219548786779
Sutton,2020-10-01,2020,10,1153,211297.0,5.456774114161583,545.6774114161583
Sutton,2020-11-01,2020,11,1260,211297.0,5.963170324235555,596.3170324235555
Sutton,2020-12-01,2020,12,984,211297.0,4.656952062736337,465.69520627363374
Sutton,2021-01-01,2021,1,865,213340.0,4.054560794975157,405.4560794975157
Sutton,2021-02-01,2021,2,873,213340.0,4.092059623136777,409.2059623136777
Sutton,2021-03-01,2021,3,1079,213340.0,5.057654448298491,505.76544482984906
Sutton,2021-04-01,2021,4,1063,213340.0,4.982656791975251,498.26567919752506
Sutton,2021-05-01,2021,5,1138,213340.0,5.334208305990438,533.4208305990437
Sutton,2021-06-01,2021,6,1250,213340.0,5.859191900253117,585.9191900253118
Sutton,2021-07-01,2021,7,1192,213340.0,5.587325396081373,558.7325396081372
Sutton,2021-08-01,2021,8,1051,213340.0,4.926408549732821,492.6408549732821
Sutton,2021-09-01,2021,9,1179,213340.0,5.52638980031874,552.638980031874
Sutton,2021-10-01,2021,10,1179,213340.0,5.52638980031874,552.638980031874
Sutton,2021-11-01,2021,11,1382,213340.0,6.477922564919846,647.7922564919846
Sutton,2021-12-01,2021,12,1246,213340.0,5.840442486172307,584.0442486172308
Sutton,2022-01-01,2022,1,1157,215228.0,5.375694612225175,537.5694612225175
Sutton,2022-02-01,2022,2,1112,215228.0,5.166614009329641,516.661400932964
Sutton,2022-03-01,2022,3,1230,215228.0,5.7148698124779305,571.486981247793
Sutton,2022-04-01,2022,4,1075,215228.0,4.994703291393313,499.4703291393313
Sutton,2022-05-01,2022,5,1268,215228.0,5.891426766034159,589.1426766034159
Sutton,2022-06-01,2022,6,1195,215228.0,5.552251565781404,555.2251565781404
Sutton,2022-07-01,2022,7,1206,215228.0,5.603360157600312,560.3360157600313
Sutton,2022-08-01,2022,8,1323,215228.0,6.1469697251287005,614.69697251287
Sutton,2022-09-01,2022,9,1205,215228.0,5.598713921980411,559.8713921980411
Sutton,2022-10-01,2022,10,1176,215228.0,5.463973089003289,546.397308900329
Sutton,2022-11-01,2022,11,1167,215228.0,5.422156968424183,542.2156968424183
Sutton,2022-12-01,2022,12,1052,215228.0,4.887839872135595,488.78398721355956
Sutton,2023-01-01,2023,1,1239,216865.0,5.713231734028081,571.3231734028082
Sutton,2023-02-01,2023,2,1132,216865.0,5.219837225923962,521.9837225923961
Sutton,2023-03-01,2023,3,1067,216865.0,4.9201115901597765,492.0111590159777
Tower Hamlets,2010-04-01,2010,4,2370,248520.0,9.536455818445196,953.6455818445195
Tower Hamlets,2010-05-01,2010,5,2436,248520.0,9.802028005794302,980.2028005794302
Tower Hamlets,2010-06-01,2010,6,2484,248520.0,9.99517141477547,999.517141477547
Tower Hamlets,2010-07-01,2010,7,2577,248520.0,10.369386769676485,1036.9386769676485
Tower Hamlets,2010-08-01,2010,8,2645,248520.0,10.643006599066473,1064.3006599066473
Tower Hamlets,2010-09-01,2010,9,2720,248520.0,10.94479317559955,1094.479317559955
Tower Hamlets,2010-10-01,2010,10,2701,248520.0,10.86834057621117,1086.834057621117
Tower Hamlets,2010-11-01,2010,11,2475,248520.0,9.958957025591502,995.8957025591501
Tower Hamlets,2010-12-01,2010,12,2048,248520.0,8.24078544986319,824.078544986319
Tower Hamlets,2011-01-01,2011,1,2357,256685.0,9.182460993045952,918.2460993045952
Tower Hamlets,2011-02-01,2011,2,2304,256685.0,8.97598223503516,897.598223503516
Tower Hamlets,2011-03-01,2011,3,2616,256685.0,10.191479829362837,1019.1479829362837
Tower Hamlets,2011-04-01,2011,4,2297,256685.0,8.948711455675245,894.8711455675243
Tower Hamlets,2011-05-01,2011,5,2822,256685.0,10.994019907668934,1099.4019907668933
Tower Hamlets,2011-06-01,2011,6,2752,256685.0,10.721312114069775,1072.1312114069774
Tower Hamlets,2011-07-01,2011,7,3110,256685.0,12.116017687048329,1211.6017687048327
Tower Hamlets,2011-08-01,2011,8,2616,256685.0,10.191479829362837,1019.1479829362837
Tower Hamlets,2011-09-01,2011,9,2385,256685.0,9.291544110485614,929.1544110485614
Tower Hamlets,2011-10-01,2011,10,2461,256685.0,9.587626857821844,958.7626857821843
Tower Hamlets,2011-11-01,2011,11,2519,256685.0,9.813584743946862,981.3584743946861
Tower Hamlets,2011-12-01,2011,12,2271,256685.0,8.84741998948127,884.741998948127
Tower Hamlets,2012-01-01,2012,1,2447,263676.0,9.280328888484352,928.0328888484352
Tower Hamlets,2012-02-01,2012,2,2376,263676.0,9.011059026987667,901.1059026987666
Tower Hamlets,2012-03-01,2012,3,2583,263676.0,9.796113411914622,979.6113411914622
Tower Hamlets,2012-04-01,2012,4,2347,263676.0,8.901075562432682,890.1075562432683
Tower Hamlets,2012-05-01,2012,5,2520,263676.0,9.557183816502071,955.7183816502071
Tower Hamlets,2012-06-01,2012,6,2943,263676.0,11.161425385700634,1116.1425385700632
Tower Hamlets,2012-07-01,2012,7,2695,263676.0,10.220877137092492,1022.0877137092492
Tower Hamlets,2012-08-01,2012,8,2788,263676.0,10.573582730320545,1057.3582730320545
Tower Hamlets,2012-09-01,2012,9,2409,263676.0,9.136212624584717,913.6212624584717
Tower Hamlets,2012-10-01,2012,10,2675,263676.0,10.145026471882158,1014.5026471882159
Tower Hamlets,2012-11-01,2012,11,2705,263676.0,10.25880246969766,1025.880246969766
Tower Hamlets,2012-12-01,2012,12,2265,263676.0,8.590087835070314,859.0087835070314
Tower Hamlets,2013-01-01,2013,1,2475,273563.0,9.047276130178423,904.7276130178424
Tower Hamlets,2013-02-01,2013,2,2211,273563.0,8.082233342959391,808.2233342959391
Tower Hamlets,2013-03-01,2013,3,2392,273563.0,8.743872526620924,874.3872526620925
Tower Hamlets,2013-04-01,2013,4,2426,273563.0,8.868158340126406,886.8158340126406
Tower Hamlets,2013-05-01,2013,5,2694,273563.0,9.847822987757848,984.7822987757847
Tower Hamlets,2013-06-01,2013,6,2388,273563.0,8.729250666208515,872.9250666208515
Tower Hamlets,2013-07-01,2013,7,2797,273563.0,10.224335893377393,1022.4335893377394
Tower Hamlets,2013-08-01,2013,8,2535,273563.0,9.266604036364567,926.6604036364566
Tower Hamlets,2013-09-01,2013,9,2440,273563.0,8.91933485156984,891.9334851569839
Tower Hamlets,2013-10-01,2013,10,2501,273563.0,9.142318222859085,914.2318222859085
Tower Hamlets,2013-11-01,2013,11,2499,273563.0,9.13500729265288,913.5007292652881
Tower Hamlets,2013-12-01,2013,12,2109,273563.0,7.709375902442948,770.9375902442947
Tower Hamlets,2014-01-01,2014,1,2194,284688.0,7.706682403192267,770.6682403192267
Tower Hamlets,2014-02-01,2014,2,1998,284688.0,7.018209408194234,701.8209408194234
Tower Hamlets,2014-03-01,2014,3,2346,284688.0,8.240600236047884,824.0600236047884
Tower Hamlets,2014-04-01,2014,4,2146,284688.0,7.538076771764177,753.8076771764177
Tower Hamlets,2014-05-01,2014,5,2342,284688.0,8.22654976676221,822.6549766762209
Tower Hamlets,2014-06-01,2014,6,2506,284688.0,8.80261900747485,880.261900747485
Tower Hamlets,2014-07-01,2014,7,2564,284688.0,9.006350812117125,900.6350812117124
Tower Hamlets,2014-08-01,2014,8,2305,284688.0,8.096582925869724,809.6582925869724
Tower Hamlets,2014-09-01,2014,9,2484,284688.0,8.725341426403642,872.5341426403642
Tower Hamlets,2014-10-01,2014,10,2444,284688.0,8.5848367335469,858.48367335469
Tower Hamlets,2014-11-01,2014,11,2521,284688.0,8.855308267296127,885.5308267296127
Tower Hamlets,2014-12-01,2014,12,2384,284688.0,8.374079694261788,837.4079694261789
Tower Hamlets,2015-01-01,2015,1,2431,295909.0,8.215363507024119,821.5363507024119
Tower Hamlets,2015-02-01,2015,2,2268,295909.0,7.664518483723036,766.4518483723036
Tower Hamlets,2015-03-01,2015,3,2529,295909.0,8.546546404468941,854.6546404468941
Tower Hamlets,2015-04-01,2015,4,2288,295909.0,7.7321068301403475,773.2106830140348
Tower Hamlets,2015-05-01,2015,5,2620,295909.0,8.854073380667705,885.4073380667705
Tower Hamlets,2015-06-01,2015,6,2482,295909.0,8.387713790388261,838.7713790388261
Tower Hamlets,2015-07-01,2015,7,2898,295909.0,9.793551395868324,979.3551395868325
Tower Hamlets,2015-08-01,2015,8,2574,295909.0,8.69862018390789,869.862018390789
Tower Hamlets,2015-09-01,2015,9,2505,295909.0,8.465440388768169,846.5440388768169
Tower Hamlets,2015-10-01,2015,10,2651,295909.0,8.958835317614536,895.8835317614537
Tower Hamlets,2015-11-01,2015,11,2578,295909.0,8.712137853191352,871.2137853191352
Tower Hamlets,2015-12-01,2015,12,2693,295909.0,9.100770845090889,910.077084509089
Tower Hamlets,2016-01-01,2016,1,2650,305527.0,8.673537854264925,867.3537854264925
Tower Hamlets,2016-02-01,2016,2,2325,305527.0,7.609802079685265,760.9802079685264
Tower Hamlets,2016-03-01,2016,3,2437,305527.0,7.976381792771178,797.6381792771178
Tower Hamlets,2016-04-01,2016,4,2623,305527.0,8.585165959146,858.5165959146
Tower Hamlets,2016-05-01,2016,5,2761,305527.0,9.036844534198288,903.6844534198287
Tower Hamlets,2016-06-01,2016,6,2748,305527.0,8.994295103215102,899.4295103215101
Tower Hamlets,2016-07-01,2016,7,3089,305527.0,10.110399408235606,1011.0399408235605
Tower Hamlets,2016-08-01,2016,8,2778,305527.0,9.092486097791685,909.2486097791684
Tower Hamlets,2016-09-01,2016,9,2780,305527.0,9.09903216409679,909.9032164096791
Tower Hamlets,2016-10-01,2016,10,3022,305527.0,9.891106187014568,989.1106187014568
Tower Hamlets,2016-11-01,2016,11,2852,305527.0,9.334690551080591,933.4690551080591
Tower Hamlets,2016-12-01,2016,12,2730,305527.0,8.93538050646915,893.5380506469149
Tower Hamlets,2017-01-01,2017,1,2576,311044.0,8.281786499659212,828.1786499659213
Tower Hamlets,2017-02-01,2017,2,2527,311044.0,8.124252517328738,812.4252517328738
Tower Hamlets,2017-03-01,2017,3,2689,311044.0,8.645079152788673,864.5079152788674
Tower Hamlets,2017-04-01,2017,4,2869,311044.0,9.223775414410822,922.3775414410823
Tower Hamlets,2017-05-01,2017,5,3046,311044.0,9.79282673833927,979.282673833927
Tower Hamlets,2017-06-01,2017,6,2974,311044.0,9.56134823369041,956.134823369041
Tower Hamlets,2017-07-01,2017,7,3297,311044.0,10.599786525379045,1059.9786525379045
Tower Hamlets,2017-08-01,2017,8,2772,311044.0,8.911922428981109,891.1922428981109
Tower Hamlets,2017-09-01,2017,9,2821,311044.0,9.069456411311583,906.9456411311583
Tower Hamlets,2017-10-01,2017,10,3168,311044.0,10.18505420454984,1018.5054204549839
Tower Hamlets,2017-11-01,2017,11,2710,311044.0,8.71259371664459,871.2593716644591
Tower Hamlets,2017-12-01,2017,12,2505,311044.0,8.053522974241586,805.3522974241587
Tower Hamlets,2018-01-01,2018,1,2890,317203.0,9.11088482769709,911.088482769709
Tower Hamlets,2018-02-01,2018,2,2461,317203.0,7.758438602409183,775.8438602409183
Tower Hamlets,2018-03-01,2018,3,2946,317203.0,9.28742792470437,928.7427924704368
Tower Hamlets,2018-04-01,2018,4,2978,317203.0,9.388309694422814,938.8309694422815
Tower Hamlets,2018-05-01,2018,5,3085,317203.0,9.725633111918865,972.5633111918866
Tower Hamlets,2018-06-01,2018,6,3185,317203.0,10.040888642289007,1004.0888642289008
Tower Hamlets,2018-07-01,2018,7,3315,317203.0,10.450720831770191,1045.072083177019
Tower Hamlets,2018-08-01,2018,8,3090,317203.0,9.741395888437372,974.1395888437373
Tower Hamlets,2018-09-01,2018,9,2975,317203.0,9.37885202851171,937.885202851171
Tower Hamlets,2018-10-01,2018,10,3095,317203.0,9.75715866495588,975.715866495588
Tower Hamlets,2018-11-01,2018,11,3124,317203.0,9.84858276876322,984.8582768763221
Tower Hamlets,2018-12-01,2018,12,2863,317203.0,9.025765834497152,902.5765834497151
Tower Hamlets,2019-01-01,2019,1,2855,323696.0,8.820003954327516,882.0003954327517
Tower Hamlets,2019-02-01,2019,2,2777,323696.0,8.579037121249568,857.9037121249569
Tower Hamlets,2019-03-01,2019,3,3461,323696.0,10.692130888240818,1069.2130888240818
Tower Hamlets,2019-04-01,2019,4,3010,323696.0,9.298848302110622,929.8848302110623
Tower Hamlets,2019-05-01,2019,5,3165,323696.0,9.777692649893728,977.7692649893727
Tower Hamlets,2019-06-01,2019,6,3272,323696.0,10.10824971578271,1010.824971578271
Tower Hamlets,2019-07-01,2019,7,3261,323696.0,10.074267213681972,1007.4267213681974
Tower Hamlets,2019-08-01,2019,8,2998,323696.0,9.261776481637092,926.1776481637091
Tower Hamlets,2019-09-01,2019,9,2932,323696.0,9.057881469032672,905.7881469032673
Tower Hamlets,2019-10-01,2019,10,3221,323696.0,9.950694478770204,995.0694478770204
Tower Hamlets,2019-11-01,2019,11,3210,323696.0,9.916711976669468,991.6711976669468
Tower Hamlets,2019-12-01,2019,12,3139,323696.0,9.697370372201076,969.7370372201077
Tower Hamlets,2020-01-01,2020,1,2978,328043.0,9.078078178775343,907.8078178775344
Tower Hamlets,2020-02-01,2020,2,2789,328043.0,8.501934197650916,850.1934197650917
Tower Hamlets,2020-03-01,2020,3,2192,328043.0,6.682050828702335,668.2050828702335
Tower Hamlets,2020-04-01,2020,4,2069,328043.0,6.307099983843582,630.7099983843582
Tower Hamlets,2020-05-01,2020,5,2431,328043.0,7.41061385245227,741.061385245227
Tower Hamlets,2020-06-01,2020,6,2668,328043.0,8.133080114497185,813.3080114497184
Tower Hamlets,2020-07-01,2020,7,3087,328043.0,9.410351691698954,941.0351691698954
Tower Hamlets,2020-08-01,2020,8,2999,328043.0,9.142094176678057,914.2094176678057
Tower Hamlets,2020-09-01,2020,9,3217,328043.0,9.80664120252528,980.6641202525278
Tower Hamlets,2020-10-01,2020,10,3157,328043.0,9.623738351374667,962.3738351374667
Tower Hamlets,2020-11-01,2020,11,2759,328043.0,8.41048277207561,841.0482772075611
Tower Hamlets,2020-12-01,2020,12,2619,328043.0,7.9837094527241845,798.3709452724186
Tower Hamlets,2021-01-01,2021,1,2632,331620.0,7.936795126952536,793.6795126952536
Tower Hamlets,2021-02-01,2021,2,2273,331620.0,6.854230746034618,685.4230746034618
Tower Hamlets,2021-03-01,2021,3,2777,331620.0,8.374042578855317,837.4042578855317
Tower Hamlets,2021-04-01,2021,4,2705,331620.0,8.156926602738073,815.6926602738074
Tower Hamlets,2021-05-01,2021,5,2923,331620.0,8.814305530426392,881.4305530426391
Tower Hamlets,2021-06-01,2021,6,2931,331620.0,8.838429527772751,883.8429527772752
Tower Hamlets,2021-07-01,2021,7,3072,331620.0,9.263614981002352,926.3614981002352
Tower Hamlets,2021-08-01,2021,8,2884,331620.0,8.696701043362886,869.6701043362885
Tower Hamlets,2021-09-01,2021,9,2951,331620.0,8.898739521138653,889.8739521138652
Tower Hamlets,2021-10-01,2021,10,3165,331620.0,9.544056450153791,954.405645015379
Tower Hamlets,2021-11-01,2021,11,3020,331620.0,9.10680899825101,910.680899825101
Tower Hamlets,2021-12-01,2021,12,2626,331620.0,7.9187021289427655,791.8702128942766
Tower Hamlets,2022-01-01,2022,1,2827,334834.0,8.442989660548212,844.2989660548212
Tower Hamlets,2022-02-01,2022,2,2602,334834.0,7.771014890960894,777.1014890960894
Tower Hamlets,2022-03-01,2022,3,2952,334834.0,8.81630897698561,881.6308976985611
Tower Hamlets,2022-04-01,2022,4,2961,334834.0,8.843187967769104,884.3187967769104
Tower Hamlets,2022-05-01,2022,5,3167,334834.0,9.458418201257937,945.8418201257937
Tower Hamlets,2022-06-01,2022,6,2706,334834.0,8.08161656223681,808.161656223681
Tower Hamlets,2022-07-01,2022,7,2787,334834.0,8.323527479288245,832.3527479288244
Tower Hamlets,2022-08-01,2022,8,2874,334834.0,8.583357723528675,858.3357723528674
Tower Hamlets,2022-09-01,2022,9,2810,334834.0,8.392218233512725,839.2218233512726
Tower Hamlets,2022-10-01,2022,10,2962,334834.0,8.846174522300602,884.6174522300603
Tower Hamlets,2022-11-01,2022,11,3057,334834.0,9.129897202793027,912.9897202793027
Tower Hamlets,2022-12-01,2022,12,2646,334834.0,7.902423290346858,790.2423290346859
Tower Hamlets,2023-01-01,2023,1,3125,341358.0,9.15461187375131,915.4611873751311
Tower Hamlets,2023-02-01,2023,2,2845,341358.0,8.334358649863194,833.4358649863193
Tower Hamlets,2023-03-01,2023,3,3291,341358.0,9.64090485648498,964.0904856484981
Waltham Forest,2010-04-01,2010,4,2422,254009.0,9.535095213161739,953.5095213161738
Waltham Forest,2010-05-01,2010,5,2731,254009.0,10.751587542173702,1075.1587542173702
Waltham Forest,2010-06-01,2010,6,2622,254009.0,10.322468888897637,1032.2468888897638
Waltham Forest,2010-07-01,2010,7,2737,254009.0,10.77520875244578,1077.5208752445778
Waltham Forest,2010-08-01,2010,8,2428,254009.0,9.558716423433815,955.8716423433816
Waltham Forest,2010-09-01,2010,9,2702,254009.0,10.637418359191997,1063.7418359191997
Waltham Forest,2010-10-01,2010,10,2585,254009.0,10.176804758886496,1017.6804758886497
Waltham Forest,2010-11-01,2010,11,2519,254009.0,9.91697144589365,991.6971445893649
Waltham Forest,2010-12-01,2010,12,2253,254009.0,8.869764457164903,886.9764457164904
Waltham Forest,2011-01-01,2011,1,2510,260397.0,9.639127946942553,963.9127946942554
Waltham Forest,2011-02-01,2011,2,2357,260397.0,9.051563574081115,905.1563574081115
Waltham Forest,2011-03-01,2011,3,2484,260397.0,9.539280406456296,953.9280406456296
Waltham Forest,2011-04-01,2011,4,2399,260397.0,9.212855754866608,921.2855754866607
Waltham Forest,2011-05-01,2011,5,2604,260397.0,10.000115208700562,1000.0115208700561
Waltham Forest,2011-06-01,2011,6,2423,260397.0,9.305022715315461,930.5022715315461
Waltham Forest,2011-07-01,2011,7,2455,260397.0,9.42791199591393,942.7911995913931
Waltham Forest,2011-08-01,2011,8,2451,260397.0,9.412550835839122,941.2550835839123
Waltham Forest,2011-09-01,2011,9,1991,260397.0,7.646017427236105,764.6017427236105
Waltham Forest,2011-10-01,2011,10,2289,260397.0,8.790423852809365,879.0423852809364
Waltham Forest,2011-11-01,2011,11,2312,260397.0,8.878750523239514,887.8750523239514
Waltham Forest,2011-12-01,2011,12,2119,260397.0,8.137574549629988,813.7574549629988
Waltham Forest,2012-01-01,2012,1,1992,263221.0,7.567785245098226,756.7785245098225
Waltham Forest,2012-02-01,2012,2,1946,263221.0,7.393027152088929,739.3027152088929
Waltham Forest,2012-03-01,2012,3,2404,263221.0,9.133009904224966,913.3009904224966
Waltham Forest,2012-04-01,2012,4,2238,263221.0,8.502361133800115,850.2361133800115
Waltham Forest,2012-05-01,2012,5,2387,263221.0,9.068425391591097,906.8425391591097
Waltham Forest,2012-06-01,2012,6,2337,263221.0,8.878470942667947,887.8470942667948
Waltham Forest,2012-07-01,2012,7,2260,263221.0,8.5859410913263,858.59410913263
Waltham Forest,2012-08-01,2012,8,2241,263221.0,8.513758400735504,851.3758400735503
Waltham Forest,2012-09-01,2012,9,2141,263221.0,8.133849502889207,813.3849502889208
Waltham Forest,2012-10-01,2012,10,2213,263221.0,8.40738390933854,840.738390933854
Waltham Forest,2012-11-01,2012,11,2348,263221.0,8.92026092143104,892.026092143104
Waltham Forest,2012-12-01,2012,12,2190,263221.0,8.320004862833892,832.0004862833893
Waltham Forest,2013-01-01,2013,1,2416,266452.0,9.067299175836549,906.7299175836548
Waltham Forest,2013-02-01,2013,2,1968,266452.0,7.385945686277454,738.5945686277454
Waltham Forest,2013-03-01,2013,3,1980,266452.0,7.430981940462072,743.0981940462073
Waltham Forest,2013-04-01,2013,4,2043,266452.0,7.66742227493132,766.742227493132
Waltham Forest,2013-05-01,2013,5,2090,266452.0,7.8438142704877425,784.3814270487743
Waltham Forest,2013-06-01,2013,6,1977,266452.0,7.419722876915918,741.9722876915918
Waltham Forest,2013-07-01,2013,7,1994,266452.0,7.483524237010793,748.3524237010794
Waltham Forest,2013-08-01,2013,8,2041,266452.0,7.659916232567216,765.9916232567217
Waltham Forest,2013-09-01,2013,9,2066,266452.0,7.753741762118505,775.3741762118506
Waltham Forest,2013-10-01,2013,10,2161,266452.0,8.110278774413402,811.0278774413403
Waltham Forest,2013-11-01,2013,11,2072,266452.0,7.776259889210815,777.6259889210814
Waltham Forest,2013-12-01,2013,12,2010,266452.0,7.543572575923618,754.3572575923619
Waltham Forest,2014-01-01,2014,1,1990,268675.0,7.406718153903415,740.6718153903415
Waltham Forest,2014-02-01,2014,2,1917,268675.0,7.13501442262957,713.5014422629571
Waltham Forest,2014-03-01,2014,3,1983,268675.0,7.380664371452498,738.0664371452499
Waltham Forest,2014-04-01,2014,4,1867,268675.0,6.9489159765515955,694.8915976551596
Waltham Forest,2014-05-01,2014,5,1898,268675.0,7.0642970131199405,706.429701311994
Waltham Forest,2014-06-01,2014,6,1928,268675.0,7.175956080766726,717.5956080766725
Waltham Forest,2014-07-01,2014,7,1961,268675.0,7.298781055178189,729.878105517819
Waltham Forest,2014-08-01,2014,8,1901,268675.0,7.075462919884619,707.5462919884619
Waltham Forest,2014-09-01,2014,9,1832,268675.0,6.818647064297013,681.8647064297013
Waltham Forest,2014-10-01,2014,10,1967,268675.0,7.321112868707546,732.1112868707546
Waltham Forest,2014-11-01,2014,11,1927,268675.0,7.172234111845166,717.2234111845166
Waltham Forest,2014-12-01,2014,12,1802,268675.0,6.706987996650228,670.6987996650228
Waltham Forest,2015-01-01,2015,1,1924,271825.0,7.0780833256690885,707.8083325669088
Waltham Forest,2015-02-01,2015,2,1699,271825.0,6.250344891014439,625.0344891014439
Waltham Forest,2015-03-01,2015,3,2030,271825.0,7.468040099328612,746.8040099328613
Waltham Forest,2015-04-01,2015,4,1914,271825.0,7.041294950795549,704.1294950795549
Waltham Forest,2015-05-01,2015,5,1850,271825.0,6.805849351604893,680.5849351604893
Waltham Forest,2015-06-01,2015,6,2078,271825.0,7.644624298721604,764.4624298721603
Waltham Forest,2015-07-01,2015,7,2120,271825.0,7.799135473190471,779.9135473190472
Waltham Forest,2015-08-01,2015,8,1981,271825.0,7.287777062448266,728.7777062448266
Waltham Forest,2015-09-01,2015,9,1787,271825.0,6.574082589901591,657.4082589901591
Waltham Forest,2015-10-01,2015,10,1966,271825.0,7.232594500137957,723.2594500137957
Waltham Forest,2015-11-01,2015,11,2189,271825.0,8.052975259817897,805.2975259817897
Waltham Forest,2015-12-01,2015,12,2093,271825.0,7.699806861031914,769.9806861031914
Waltham Forest,2016-01-01,2016,1,1890,276498.0,6.835492480958271,683.5492480958271
Waltham Forest,2016-02-01,2016,2,1939,276498.0,7.012708952686818,701.2708952686819
Waltham Forest,2016-03-01,2016,3,1968,276498.0,7.117592170648613,711.7592170648612
Waltham Forest,2016-04-01,2016,4,1852,276498.0,6.698059298801438,669.8059298801438
Waltham Forest,2016-05-01,2016,5,1967,276498.0,7.113975507960275,711.3975507960274
Waltham Forest,2016-06-01,2016,6,2010,276498.0,7.269492003558796,726.9492003558796
Waltham Forest,2016-07-01,2016,7,2010,276498.0,7.269492003558796,726.9492003558796
Waltham Forest,2016-08-01,2016,8,1825,276498.0,6.60040940621632,660.040940621632
Waltham Forest,2016-09-01,2016,9,1802,276498.0,6.517226164384552,651.7226164384552
Waltham Forest,2016-10-01,2016,10,1931,276498.0,6.9837756511801174,698.3775651180117
Waltham Forest,2016-11-01,2016,11,1945,276498.0,7.034408928816845,703.4408928816845
Waltham Forest,2016-12-01,2016,12,1977,276498.0,7.150142134843652,715.0142134843652
Waltham Forest,2017-01-01,2017,1,2059,280050.0,7.3522585252633466,735.2258525263346
Waltham Forest,2017-02-01,2017,2,1943,280050.0,6.938046777361185,693.8046777361186
Waltham Forest,2017-03-01,2017,3,2190,280050.0,7.820032137118371,782.0032137118371
Waltham Forest,2017-04-01,2017,4,1950,280050.0,6.963042313872522,696.3042313872522
Waltham Forest,2017-05-01,2017,5,2065,280050.0,7.3736832708444915,737.3683270844492
Waltham Forest,2017-06-01,2017,6,2189,280050.0,7.816461346188181,781.646134618818
Waltham Forest,2017-07-01,2017,7,2115,280050.0,7.5522228173540435,755.2222817354044
Waltham Forest,2017-08-01,2017,8,1979,280050.0,7.066595250848063,706.6595250848063
Waltham Forest,2017-09-01,2017,9,2060,280050.0,7.355829316193537,735.5829316193536
Waltham Forest,2017-10-01,2017,10,2290,280050.0,8.177111230137475,817.7111230137475
Waltham Forest,2017-11-01,2017,11,2189,280050.0,7.816461346188181,781.646134618818
Waltham Forest,2017-12-01,2017,12,1892,280050.0,6.7559364399214425,675.5936439921443
Waltham Forest,2018-01-01,2018,1,2082,283524.0,7.343293689423118,734.3293689423117
Waltham Forest,2018-02-01,2018,2,2006,283524.0,7.0752387804912455,707.5238780491246
Waltham Forest,2018-03-01,2018,3,2128,283524.0,7.505537450092408,750.5537450092409
Waltham Forest,2018-04-01,2018,4,2014,283524.0,7.1034550866946,710.3455086694601
Waltham Forest,2018-05-01,2018,5,2080,283524.0,7.336239612872279,733.6239612872279
Waltham Forest,2018-06-01,2018,6,2074,283524.0,7.315077383219762,731.5077383219763
Waltham Forest,2018-07-01,2018,7,2177,283524.0,7.678362325587957,767.8362325587957
Waltham Forest,2018-08-01,2018,8,2127,283524.0,7.502010411816989,750.2010411816989
Waltham Forest,2018-09-01,2018,9,2164,283524.0,7.632510828007506,763.2510828007506
Waltham Forest,2018-10-01,2018,10,2329,283524.0,8.214472143451701,821.4472143451701
Waltham Forest,2018-11-01,2018,11,2303,283524.0,8.122769148290796,812.2769148290797
Waltham Forest,2018-12-01,2018,12,2144,283524.0,7.561970062499118,756.1970062499119
Waltham Forest,2019-01-01,2019,1,2274,286776.0,7.929533852205205,792.9533852205205
Waltham Forest,2019-02-01,2019,2,2000,286776.0,6.974084302731051,697.4084302731051
Waltham Forest,2019-03-01,2019,3,2188,286776.0,7.62964822718777,762.964822718777
Waltham Forest,2019-04-01,2019,4,2025,286776.0,7.06126035651519,706.1260356515189
Waltham Forest,2019-05-01,2019,5,2248,286776.0,7.838870756269702,783.8870756269702
Waltham Forest,2019-06-01,2019,6,2204,286776.0,7.685440901609619,768.5440901609619
Waltham Forest,2019-07-01,2019,7,2181,286776.0,7.605238932128212,760.5238932128211
Waltham Forest,2019-08-01,2019,8,2013,286776.0,7.019415850698803,701.9415850698804
Waltham Forest,2019-09-01,2019,9,2185,286776.0,7.619187100733674,761.9187100733674
Waltham Forest,2019-10-01,2019,10,2269,286776.0,7.912098641448377,791.2098641448378
Waltham Forest,2019-11-01,2019,11,2271,286776.0,7.919072725751109,791.9072725751109
Waltham Forest,2019-12-01,2019,12,2079,286776.0,7.249560632688928,724.9560632688928
Waltham Forest,2020-01-01,2020,1,2280,290024.0,7.861418365376659,786.1418365376658
Waltham Forest,2020-02-01,2020,2,2267,290024.0,7.816594488731967,781.6594488731967
Waltham Forest,2020-03-01,2020,3,1703,290024.0,5.871927840454583,587.1927840454583
Waltham Forest,2020-04-01,2020,4,1789,290024.0,6.168455024411773,616.8455024411772
Waltham Forest,2020-05-01,2020,5,2059,290024.0,7.099412462416903,709.9412462416904
Waltham Forest,2020-06-01,2020,6,2177,290024.0,7.506275342730257,750.6275342730257
Waltham Forest,2020-07-01,2020,7,2233,290024.0,7.699362811353543,769.9362811353543
Waltham Forest,2020-08-01,2020,8,2194,290024.0,7.564891181419469,756.4891181419468
Waltham Forest,2020-09-01,2020,9,2167,290024.0,7.4717954376189555,747.1795437618955
Waltham Forest,2020-10-01,2020,10,2030,290024.0,6.99942073759413,699.942073759413
Waltham Forest,2020-11-01,2020,11,2078,290024.0,7.164924282128376,716.4924282128376
Waltham Forest,2020-12-01,2020,12,1900,290024.0,6.551181971147216,655.1181971147215
Waltham Forest,2021-01-01,2021,1,1850,292788.0,6.318564968509638,631.8564968509638
Waltham Forest,2021-02-01,2021,2,1678,292788.0,5.731109198464418,573.1109198464418
Waltham Forest,2021-03-01,2021,3,1990,292788.0,6.796726641802259,679.672664180226
Waltham Forest,2021-04-01,2021,4,1845,292788.0,6.301487765892045,630.1487765892045
Waltham Forest,2021-05-01,2021,5,2153,292788.0,7.353443447135811,735.3443447135812
Waltham Forest,2021-06-01,2021,6,2091,292788.0,7.14168613467765,714.1686134677651
Waltham Forest,2021-07-01,2021,7,2011,292788.0,6.868450892796153,686.8450892796153
Waltham Forest,2021-08-01,2021,8,1930,292788.0,6.591800210391137,659.1800210391136
Waltham Forest,2021-09-01,2021,9,1888,292788.0,6.448351708403349,644.835170840335
Waltham Forest,2021-10-01,2021,10,2015,292788.0,6.882112654890228,688.2112654890227
Waltham Forest,2021-11-01,2021,11,2111,292788.0,7.209994945148026,720.9994945148026
Waltham Forest,2021-12-01,2021,12,1823,292788.0,6.2263480743746324,622.6348074374632
Waltham Forest,2022-01-01,2022,1,2042,295311.0,6.914744117218797,691.4744117218797
Waltham Forest,2022-02-01,2022,2,1804,295311.0,6.108814097680073,610.8814097680073
Waltham Forest,2022-03-01,2022,3,1988,295311.0,6.73188604555875,673.1886045558749
Waltham Forest,2022-04-01,2022,4,1807,295311.0,6.118972879438965,611.8972879438965
Waltham Forest,2022-05-01,2022,5,2053,295311.0,6.951992983668065,695.1992983668065
Waltham Forest,2022-06-01,2022,6,2032,295311.0,6.880881511355825,688.0881511355825
Waltham Forest,2022-07-01,2022,7,2054,295311.0,6.955379244254362,695.5379244254362
Waltham Forest,2022-08-01,2022,8,1884,295311.0,6.379714944583846,637.9714944583845
Waltham Forest,2022-09-01,2022,9,1953,295311.0,6.613366925038349,661.3366925038349
Waltham Forest,2022-10-01,2022,10,2067,295311.0,6.999400631876226,699.9400631876225
Waltham Forest,2022-11-01,2022,11,2036,295311.0,6.894426553701013,689.4426553701014
Waltham Forest,2022-12-01,2022,12,1762,295311.0,5.966591153055592,596.6591153055592
Waltham Forest,2023-01-01,2023,1,1901,297439.0,6.391226436344931,639.1226436344931
Waltham Forest,2023-02-01,2023,2,1747,297439.0,5.873473216356967,587.3473216356967
Waltham Forest,2023-03-01,2023,3,2019,297439.0,6.787946436075968,678.7946436075969
Wandsworth,2010-04-01,2010,4,2284,302620.0,7.547419205604388,754.7419205604389
Wandsworth,2010-05-01,2010,5,2373,302620.0,7.84151741457934,784.151741457934
Wandsworth,2010-06-01,2010,6,2522,302620.0,8.333884079043024,833.3884079043024
Wandsworth,2010-07-01,2010,7,2580,302620.0,8.525543586015464,852.5543586015465
Wandsworth,2010-08-01,2010,8,2228,302620.0,7.362368647148239,736.2368647148239
Wandsworth,2010-09-01,2010,9,2450,302620.0,8.095961932456547,809.5961932456546
Wandsworth,2010-10-01,2010,10,2537,302620.0,8.383451192915206,838.3451192915207
Wandsworth,2010-11-01,2010,11,2204,302620.0,7.283061264952746,728.3061264952746
Wandsworth,2010-12-01,2010,12,1865,302620.0,6.162844491441412,616.2844491441411
Wandsworth,2011-01-01,2011,1,1909,308300.0,6.1920207590009735,619.2020759000973
Wandsworth,2011-02-01,2011,2,1974,308300.0,6.402854362633798,640.2854362633798
Wandsworth,2011-03-01,2011,3,2194,308300.0,7.1164450210833605,711.644502108336
Wandsworth,2011-04-01,2011,4,1903,308300.0,6.172559195588712,617.2559195588713
Wandsworth,2011-05-01,2011,5,2371,308300.0,7.690561141745054,769.0561141745054
Wandsworth,2011-06-01,2011,6,2285,308300.0,7.411612066169315,741.1612066169315
Wandsworth,2011-07-01,2011,7,2284,308300.0,7.408368472267273,740.8368472267273
Wandsworth,2011-08-01,2011,8,2158,308300.0,6.999675640609796,699.9675640609795
Wandsworth,2011-09-01,2011,9,2048,308300.0,6.642880311385015,664.2880311385014
Wandsworth,2011-10-01,2011,10,2249,308300.0,7.294842685695751,729.4842685695751
Wandsworth,2011-11-01,2011,11,2179,308300.0,7.067791112552708,706.7791112552709
Wandsworth,2011-12-01,2011,12,2191,308300.0,7.10671423937723,710.6714239377229
Wandsworth,2012-01-01,2012,1,2190,308902.0,7.08962713093473,708.962713093473
Wandsworth,2012-02-01,2012,2,2261,308902.0,7.3194734899741665,731.9473489974166
Wandsworth,2012-03-01,2012,3,2791,308902.0,9.035228001113621,903.5228001113621
Wandsworth,2012-04-01,2012,4,2335,308902.0,7.559031667001185,755.9031667001185
Wandsworth,2012-05-01,2012,5,2431,308902.0,7.869809842603803,786.9809842603803
Wandsworth,2012-06-01,2012,6,2462,308902.0,7.970165295142149,797.0165295142149
Wandsworth,2012-07-01,2012,7,2566,308902.0,8.306841652044985,830.6841652044985
Wandsworth,2012-08-01,2012,8,2225,308902.0,7.202931674123184,720.2931674123184
Wandsworth,2012-09-01,2012,9,2344,308902.0,7.58816712096393,758.8167120963931
Wandsworth,2012-10-01,2012,10,2678,308902.0,8.66941619024804,866.941619024804
Wandsworth,2012-11-01,2012,11,2522,308902.0,8.164401654893785,816.4401654893785
Wandsworth,2012-12-01,2012,12,2160,308902.0,6.9925089510589125,699.2508951058912
Wandsworth,2013-01-01,2013,1,2294,311106.0,7.37369256780647,737.3692567806471
Wandsworth,2013-02-01,2013,2,2071,311106.0,6.656895077561988,665.6895077561989
Wandsworth,2013-03-01,2013,3,2149,311106.0,6.907613482221493,690.7613482221493
Wandsworth,2013-04-01,2013,4,2147,311106.0,6.901184805178942,690.1184805178942
Wandsworth,2013-05-01,2013,5,2218,311106.0,7.129402840189517,712.9402840189517
Wandsworth,2013-06-01,2013,6,2161,311106.0,6.946185544476802,694.6185544476803
Wandsworth,2013-07-01,2013,7,2180,311106.0,7.00725797638104,700.725797638104
Wandsworth,2013-08-01,2013,8,2222,311106.0,7.142260194274621,714.226019427462
Wandsworth,2013-09-01,2013,9,2144,311106.0,6.891541789615115,689.1541789615115
Wandsworth,2013-10-01,2013,10,2246,311106.0,7.219404318785237,721.9404318785238
Wandsworth,2013-11-01,2013,11,2028,311106.0,6.518678521147133,651.8678521147133
Wandsworth,2013-12-01,2013,12,1893,311106.0,6.084742820774912,608.4742820774912
Wandsworth,2014-01-01,2014,1,2036,312735.0,6.510304251203095,651.0304251203096
Wandsworth,2014-02-01,2014,2,1775,312735.0,5.675731849649064,567.5731849649064
Wandsworth,2014-03-01,2014,3,1841,312735.0,5.886773146593762,588.6773146593762
Wandsworth,2014-04-01,2014,4,1800,312735.0,5.7556717348553885,575.5671734855389
Wandsworth,2014-05-01,2014,5,1996,312735.0,6.3824004348729755,638.2400434872975
Wandsworth,2014-06-01,2014,6,2059,312735.0,6.583848945592914,658.3848945592914
Wandsworth,2014-07-01,2014,7,2130,312735.0,6.810878219578877,681.0878219578876
Wandsworth,2014-08-01,2014,8,2015,312735.0,6.443154747629783,644.3154747629783
Wandsworth,2014-09-01,2014,9,2132,312735.0,6.817273410395383,681.7273410395383
Wandsworth,2014-10-01,2014,10,2249,312735.0,7.1913920731609835,719.1392073160984
Wandsworth,2014-11-01,2014,11,2211,312735.0,7.069883447647369,706.9883447647369
Wandsworth,2014-12-01,2014,12,2071,312735.0,6.62222009049195,662.222009049195
Wandsworth,2015-01-01,2015,1,2019,315134.0,6.406798377832922,640.6798377832922
Wandsworth,2015-02-01,2015,2,1971,315134.0,6.254482220261857,625.4482220261857
Wandsworth,2015-03-01,2015,3,2207,315134.0,7.00336999498626,700.336999498626
Wandsworth,2015-04-01,2015,4,2048,315134.0,6.498822723032107,649.8822723032107
Wandsworth,2015-05-01,2015,5,2223,315134.0,7.0541420475099486,705.4142047509948
Wandsworth,2015-06-01,2015,6,2158,315134.0,6.847880584132464,684.7880584132464
Wandsworth,2015-07-01,2015,7,2143,315134.0,6.8002817848915065,680.0281784891506
Wandsworth,2015-08-01,2015,8,1974,315134.0,6.264001980110049,626.4001980110048
Wandsworth,2015-09-01,2015,9,2133,315134.0,6.768549252064201,676.8549252064201
Wandsworth,2015-10-01,2015,10,2259,315134.0,7.168379165688247,716.8379165688247
Wandsworth,2015-11-01,2015,11,2146,315134.0,6.809801544739698,680.9801544739698
Wandsworth,2015-12-01,2015,12,2039,315134.0,6.470263443487532,647.0263443487532
Wandsworth,2016-01-01,2016,1,2062,316686.0,6.511181422607883,651.1181422607883
Wandsworth,2016-02-01,2016,2,2014,316686.0,6.359611728968126,635.9611728968126
Wandsworth,2016-03-01,2016,3,2135,316686.0,6.741693665018346,674.1693665018346
Wandsworth,2016-04-01,2016,4,2136,316686.0,6.744851366969175,674.4851366969174
Wandsworth,2016-05-01,2016,5,2310,316686.0,7.294291506413293,729.4291506413292
Wandsworth,2016-06-01,2016,6,2193,316686.0,6.924840378166386,692.4840378166385
Wandsworth,2016-07-01,2016,7,2585,316686.0,8.162659542891065,816.2659542891065
Wandsworth,2016-08-01,2016,8,2277,316686.0,7.19008734203596,719.008734203596
Wandsworth,2016-09-01,2016,9,2242,316686.0,7.07956777375697,707.956777375697
Wandsworth,2016-10-01,2016,10,2437,316686.0,7.6953196541684825,769.5319654168483
Wandsworth,2016-11-01,2016,11,2104,316686.0,6.6438049045426695,664.380490454267
Wandsworth,2016-12-01,2016,12,2173,316686.0,6.86168633914982,686.168633914982
Wandsworth,2017-01-01,2017,1,2014,319731.0,6.299045134816455,629.9045134816455
Wandsworth,2017-02-01,2017,2,1964,319731.0,6.142663676653187,614.2663676653186
Wandsworth,2017-03-01,2017,3,2293,319731.0,7.171653671367493,717.1653671367493
Wandsworth,2017-04-01,2017,4,2088,319731.0,6.530489692898092,653.0489692898093
Wandsworth,2017-05-01,2017,5,2435,319731.0,7.615777012551176,761.5777012551175
Wandsworth,2017-06-01,2017,6,2378,319731.0,7.43750215024505,743.750215024505
Wandsworth,2017-07-01,2017,7,2556,319731.0,7.994220141306286,799.4220141306286
Wandsworth,2017-08-01,2017,8,2143,319731.0,6.702509296877688,670.2509296877688
Wandsworth,2017-09-01,2017,9,2233,319731.0,6.983995921571571,698.3995921571571
Wandsworth,2017-10-01,2017,10,2350,319731.0,7.349928533673619,734.9928533673619
Wandsworth,2017-11-01,2017,11,2406,319731.0,7.52507576681648,752.5075766816481
Wandsworth,2017-12-01,2017,12,2384,319731.0,7.456267925224642,745.6267925224643
Wandsworth,2018-01-01,2018,1,2386,324400.0,7.355117139334156,735.5117139334155
Wandsworth,2018-02-01,2018,2,2294,324400.0,7.0715166461159065,707.1516646115906
Wandsworth,2018-03-01,2018,3,2256,324400.0,6.954377311960543,695.4377311960542
Wandsworth,2018-04-01,2018,4,2255,324400.0,6.951294697903823,695.1294697903822
Wandsworth,2018-05-01,2018,5,2417,324400.0,7.450678175092479,745.0678175092478
Wandsworth,2018-06-01,2018,6,2511,324400.0,7.740443896424168,774.0443896424167
Wandsworth,2018-07-01,2018,7,2654,324400.0,8.181257706535142,818.1257706535141
Wandsworth,2018-08-01,2018,8,2208,324400.0,6.806411837237978,680.6411837237978
Wandsworth,2018-09-01,2018,9,2310,324400.0,7.120838471023428,712.0838471023428
Wandsworth,2018-10-01,2018,10,2364,324400.0,7.287299630086313,728.7299630086313
Wandsworth,2018-11-01,2018,11,2392,324400.0,7.373612823674476,737.3612823674476
Wandsworth,2018-12-01,2018,12,2126,324400.0,6.55363748458693,655.363748458693
Wandsworth,2019-01-01,2019,1,2389,328828.0,7.265196394467624,726.5196394467624
Wandsworth,2019-02-01,2019,2,2258,328828.0,6.86681182867639,686.681182867639
Wandsworth,2019-03-01,2019,3,2430,328828.0,7.389881640249614,738.9881640249614
Wandsworth,2019-04-01,2019,4,2281,328828.0,6.9367572104565305,693.6757210456531
Wandsworth,2019-05-01,2019,5,2348,328828.0,7.140511148685635,714.0511148685634
Wandsworth,2019-06-01,2019,6,2467,328828.0,7.50240247180897,750.240247180897
Wandsworth,2019-07-01,2019,7,2486,328828.0,7.560183439366478,756.0183439366477
Wandsworth,2019-08-01,2019,8,2330,328828.0,7.085771284683786,708.5771284683786
Wandsworth,2019-09-01,2019,9,2416,328828.0,7.347306190470398,734.7306190470398
Wandsworth,2019-10-01,2019,10,2654,328828.0,8.071088836717067,807.1088836717067
Wandsworth,2019-11-01,2019,11,2490,328828.0,7.57234785358911,757.234785358911
Wandsworth,2019-12-01,2019,12,2269,328828.0,6.900263967788631,690.026396778863
Wandsworth,2020-01-01,2020,1,2589,332731.0,7.781060376099612,778.1060376099613
Wandsworth,2020-02-01,2020,2,2282,332731.0,6.858393116361265,685.8393116361265
Wandsworth,2020-03-01,2020,3,1640,332731.0,4.928906534107131,492.8906534107132
Wandsworth,2020-04-01,2020,4,1549,332731.0,4.6554123300804555,465.54123300804554
Wandsworth,2020-05-01,2020,5,1953,332731.0,5.869606378726359,586.9606378726359
Wandsworth,2020-06-01,2020,6,2202,332731.0,6.617958651282868,661.7958651282868
Wandsworth,2020-07-01,2020,7,2421,332731.0,7.276147999434979,727.6147999434979
Wandsworth,2020-08-01,2020,8,2441,332731.0,7.336256615704578,733.6256615704579
Wandsworth,2020-09-01,2020,9,2630,332731.0,7.90428303945229,790.428303945229
Wandsworth,2020-10-01,2020,10,2473,332731.0,7.432430401735937,743.2430401735937
Wandsworth,2020-11-01,2020,11,2277,332731.0,6.8433659622938645,684.3365962293865
Wandsworth,2020-12-01,2020,12,2123,332731.0,6.3805296170179515,638.0529617017951
Wandsworth,2021-01-01,2021,1,1907,337783.0,5.645636399700399,564.56363997004
Wandsworth,2021-02-01,2021,2,2093,337783.0,6.196285781107989,619.6285781107989
Wandsworth,2021-03-01,2021,3,2268,337783.0,6.714369876518356,671.4369876518357
Wandsworth,2021-04-01,2021,4,2217,337783.0,6.56338536871305,656.338536871305
Wandsworth,2021-05-01,2021,5,2307,337783.0,6.829828617781239,682.9828617781238
Wandsworth,2021-06-01,2021,6,2344,337783.0,6.939366397953716,693.9366397953715
Wandsworth,2021-07-01,2021,7,2419,337783.0,7.161402438843873,716.1402438843872
Wandsworth,2021-08-01,2021,8,2221,337783.0,6.575227290893858,657.5227290893858
Wandsworth,2021-09-01,2021,9,2425,337783.0,7.179165322115086,717.9165322115085
Wandsworth,2021-10-01,2021,10,2522,337783.0,7.4663319349996895,746.6331934999689
Wandsworth,2021-11-01,2021,11,2359,337783.0,6.983773606131748,698.3773606131747
Wandsworth,2021-12-01,2021,12,2117,337783.0,6.26733731419284,626.733731419284
Wandsworth,2022-01-01,2022,1,2078,343147.0,6.055713732015725,605.5713732015724
Wandsworth,2022-02-01,2022,2,2133,343147.0,6.21599489431643,621.599489431643
Wandsworth,2022-03-01,2022,3,2244,343147.0,6.539471421868762,653.9471421868761
Wandsworth,2022-04-01,2022,4,1986,343147.0,5.78760706053091,578.760706053091
Wandsworth,2022-05-01,2022,5,2247,343147.0,6.548214030721527,654.8214030721527
Wandsworth,2022-06-01,2022,6,2232,343147.0,6.504500986457699,650.4500986457699
Wandsworth,2022-07-01,2022,7,2192,343147.0,6.3879328684208225,638.7932868420822
Wandsworth,2022-08-01,2022,8,2268,343147.0,6.609412292690887,660.9412292690888
Wandsworth,2022-09-01,2022,9,2079,343147.0,6.058627934966647,605.8627934966647
Wandsworth,2022-10-01,2022,10,2153,343147.0,6.274278953334868,627.4278953334868
Wandsworth,2022-11-01,2022,11,2228,343147.0,6.492844174654011,649.2844174654011
Wandsworth,2022-12-01,2022,12,1998,343147.0,5.822577495941973,582.2577495941972
Wandsworth,2023-01-01,2023,1,2080,348272.0,5.972343455689805,597.2343455689805
Wandsworth,2023-02-01,2023,2,2099,348272.0,6.0268985161023565,602.6898516102357
Wandsworth,2023-03-01,2023,3,2320,348272.0,6.661460008269398,666.1460008269398
Westminster,2010-04-01,2010,4,5445,217187.0,25.07056131352245,2507.056131352245
Westminster,2010-05-01,2010,5,5470,217187.0,25.18566949218876,2518.566949218876
Westminster,2010-06-01,2010,6,5130,217187.0,23.620198262326937,2362.0198262326935
Westminster,2010-07-01,2010,7,5827,217187.0,26.829414283543674,2682.9414283543674
Westminster,2010-08-01,2010,8,5393,217187.0,24.83113630189652,2483.113630189652
Westminster,2010-09-01,2010,9,5311,217187.0,24.453581475871022,2445.3581475871024
Westminster,2010-10-01,2010,10,5513,217187.0,25.383655559494812,2538.3655559494814
Westminster,2010-11-01,2010,11,5295,217187.0,24.379912241524586,2437.9912241524585
Westminster,2010-12-01,2010,12,5103,217187.0,23.49588142936732,2349.588142936732
Westminster,2011-01-01,2011,1,5495,219582.0,25.02481988505433,2502.481988505433
Westminster,2011-02-01,2011,2,5056,219582.0,23.025566758659636,2302.5566758659634
Westminster,2011-03-01,2011,3,5626,219582.0,25.621407947828146,2562.1407947828147
Westminster,2011-04-01,2011,4,5609,219582.0,25.54398812288803,2554.398812288803
Westminster,2011-05-01,2011,5,5928,219582.0,26.996748367352517,2699.6748367352516
Westminster,2011-06-01,2011,6,6075,219582.0,27.666202147717026,2766.6202147717026
Westminster,2011-07-01,2011,7,6182,219582.0,28.1534916341048,2815.34916341048
Westminster,2011-08-01,2011,8,5152,219582.0,23.462761064203804,2346.2761064203805
Westminster,2011-09-01,2011,9,5000,219582.0,22.7705367470922,2277.05367470922
Westminster,2011-10-01,2011,10,5742,219582.0,26.149684400360684,2614.9684400360684
Westminster,2011-11-01,2011,11,5701,219582.0,25.96296599903453,2596.2965999034527
Westminster,2011-12-01,2011,12,5743,219582.0,26.154238507710104,2615.42385077101
Westminster,2012-01-01,2012,1,5544,223858.0,24.765699684621502,2476.5699684621504
Westminster,2012-02-01,2012,2,4831,223858.0,21.58064487308919,2158.064487308919
Westminster,2012-03-01,2012,3,5961,223858.0,26.628487702025392,2662.848770202539
Westminster,2012-04-01,2012,4,5215,223858.0,23.296018011417953,2329.6018011417955
Westminster,2012-05-01,2012,5,5613,223858.0,25.07393079541495,2507.393079541495
Westminster,2012-06-01,2012,6,5325,223858.0,23.787400941668377,2378.740094166838
Westminster,2012-07-01,2012,7,6013,223858.0,26.86077781450741,2686.077781450741
Westminster,2012-08-01,2012,8,5758,223858.0,25.721662839835968,2572.1662839835967
Westminster,2012-09-01,2012,9,4826,223858.0,21.558309285350536,2155.8309285350533
Westminster,2012-10-01,2012,10,5302,223858.0,23.684657238070564,2368.4657238070563
Westminster,2012-11-01,2012,11,5494,223858.0,24.542343807234943,2454.2343807234943
Westminster,2012-12-01,2012,12,5682,223858.0,25.3821619062084,2538.2161906208403
Westminster,2013-01-01,2013,1,5276,226841.0,23.258582002371707,2325.8582002371704
Westminster,2013-02-01,2013,2,4776,226841.0,21.05439492860638,2105.439492860638
Westminster,2013-03-01,2013,3,4902,226841.0,21.609850071195243,2160.985007119524
Westminster,2013-04-01,2013,4,4859,226841.0,21.420289982851425,2142.0289982851427
Westminster,2013-05-01,2013,5,4710,226841.0,20.76344223486936,2076.344223486936
Westminster,2013-06-01,2013,6,4838,226841.0,21.327714125753282,2132.771412575328
Westminster,2013-07-01,2013,7,5099,226841.0,22.47829977825878,2247.829977825878
Westminster,2013-08-01,2013,8,5028,226841.0,22.165305213784105,2216.5305213784104
Westminster,2013-09-01,2013,9,4339,226841.0,19.127935426135487,1912.7935426135487
Westminster,2013-10-01,2013,10,4897,226841.0,21.58780820045759,2158.780820045759
Westminster,2013-11-01,2013,11,4747,226841.0,20.926552078327994,2092.655207832799
Westminster,2013-12-01,2013,12,4770,226841.0,21.027944683721195,2102.79446837212
Westminster,2014-01-01,2014,1,4539,233292.0,19.45630368808189,1945.630368808189
Westminster,2014-02-01,2014,2,4167,233292.0,17.861735507432744,1786.1735507432745
Westminster,2014-03-01,2014,3,4694,233292.0,20.1207070966857,2012.0707096685699
Westminster,2014-04-01,2014,4,4039,233292.0,17.313066886134116,1731.3066886134116
Westminster,2014-05-01,2014,5,4128,233292.0,17.69456303688082,1769.456303688082
Westminster,2014-06-01,2014,6,4136,233292.0,17.728854825711984,1772.8854825711983
Westminster,2014-07-01,2014,7,4084,233292.0,17.505958198309415,1750.5958198309415
Westminster,2014-08-01,2014,8,4221,233292.0,18.093205082043106,1809.3205082043105
Westminster,2014-09-01,2014,9,4087,233292.0,17.5188176191211,1751.88176191211
Westminster,2014-10-01,2014,10,4375,233292.0,18.753322017043022,1875.332201704302
Westminster,2014-11-01,2014,11,4328,233292.0,18.551857757659928,1855.1857757659927
Westminster,2014-12-01,2014,12,4702,233292.0,20.154998885516864,2015.4998885516864
Westminster,2015-01-01,2015,1,4384,242299.0,18.093347475639604,1809.3347475639603
Westminster,2015-02-01,2015,2,3698,242299.0,15.262134800391252,1526.2134800391252
Westminster,2015-03-01,2015,3,4306,242299.0,17.77143116562594,1777.143116562594
Westminster,2015-04-01,2015,4,4045,242299.0,16.694249666734073,1669.4249666734077
Westminster,2015-05-01,2015,5,4348,242299.0,17.944770717171757,1794.477071717176
Westminster,2015-06-01,2015,6,4094,242299.0,16.89647914353753,1689.647914353753
Westminster,2015-07-01,2015,7,4242,242299.0,17.507294706127553,1750.7294706127554
Westminster,2015-08-01,2015,8,4291,242299.0,17.709524182931005,1770.9524182931007
Westminster,2015-09-01,2015,9,4040,242299.0,16.673614005835766,1667.3614005835766
Westminster,2015-10-01,2015,10,4480,242299.0,18.489552164887186,1848.9552164887184
Westminster,2015-11-01,2015,11,4557,242299.0,18.807341342721184,1880.7341342721184
Westminster,2015-12-01,2015,12,4798,242299.0,19.801980198019802,1980.1980198019803
Westminster,2016-01-01,2016,1,4368,247614.0,17.64035959194553,1764.0359591945528
Westminster,2016-02-01,2016,2,4103,247614.0,16.57014546834993,1657.0145468349933
Westminster,2016-03-01,2016,3,4074,247614.0,16.45302769633381,1645.302769633381
Westminster,2016-04-01,2016,4,4074,247614.0,16.45302769633381,1645.302769633381
Westminster,2016-05-01,2016,5,4089,247614.0,16.513605854273184,1651.3605854273183
Westminster,2016-06-01,2016,6,4085,247614.0,16.497451678822685,1649.7451678822683
Westminster,2016-07-01,2016,7,4685,247614.0,18.92057799639762,1892.057799639762
Westminster,2016-08-01,2016,8,4657,247614.0,18.807498768244123,1880.7498768244122
Westminster,2016-09-01,2016,9,4076,247614.0,16.46110478405906,1646.110478405906
Westminster,2016-10-01,2016,10,4458,247614.0,18.003828539581768,1800.3828539581768
Westminster,2016-11-01,2016,11,4614,247614.0,18.633841382151253,1863.3841382151252
Westminster,2016-12-01,2016,12,5118,247614.0,20.669267488914198,2066.9267488914197
Westminster,2017-01-01,2017,1,4318,250049.0,17.268615351391126,1726.8615351391127
Westminster,2017-02-01,2017,2,3957,250049.0,15.824898319929293,1582.4898319929293
Westminster,2017-03-01,2017,3,4975,250049.0,19.896100364328593,1989.610036432859
Westminster,2017-04-01,2017,4,4932,250049.0,19.724134069722336,1972.4134069722336
Westminster,2017-05-01,2017,5,5112,250049.0,20.443992977376436,2044.3992977376436
Westminster,2017-06-01,2017,6,4821,250049.0,19.280221076668973,1928.0221076668972
Westminster,2017-07-01,2017,7,5416,250049.0,21.659754688081136,2165.9754688081134
Westminster,2017-08-01,2017,8,5371,250049.0,21.47978996116761,2147.978996116761
Westminster,2017-09-01,2017,9,5007,250049.0,20.024075281244876,2002.4075281244877
Westminster,2017-10-01,2017,10,5020,250049.0,20.076065091242118,2007.6065091242117
Westminster,2017-11-01,2017,11,5107,250049.0,20.423996896608266,2042.3996896608264
Westminster,2017-12-01,2017,12,5398,250049.0,21.587768797315725,2158.7768797315725
Westminster,2018-01-01,2018,1,5146,254375.0,20.22997542997543,2022.997542997543
Westminster,2018-02-01,2018,2,4661,254375.0,18.323341523341522,1832.3341523341523
Westminster,2018-03-01,2018,3,4915,254375.0,19.321867321867323,1932.1867321867321
Westminster,2018-04-01,2018,4,4790,254375.0,18.83046683046683,1883.046683046683
Westminster,2018-05-01,2018,5,5263,254375.0,20.68992628992629,2068.992628992629
Westminster,2018-06-01,2018,6,5301,254375.0,20.83931203931204,2083.931203931204
Westminster,2018-07-01,2018,7,5894,254375.0,23.17051597051597,2317.051597051597
Westminster,2018-08-01,2018,8,5808,254375.0,22.832432432432434,2283.2432432432433
Westminster,2018-09-01,2018,9,5304,254375.0,20.85110565110565,2085.110565110565
Westminster,2018-10-01,2018,10,5926,254375.0,23.296314496314498,2329.63144963145
Westminster,2018-11-01,2018,11,6354,254375.0,24.97886977886978,2497.886977886978
Westminster,2018-12-01,2018,12,7022,254375.0,27.604914004914004,2760.491400491401
Westminster,2019-01-01,2019,1,6557,258511.0,25.364491259559554,2536.4491259559554
Westminster,2019-02-01,2019,2,6768,258511.0,26.180704109302894,2618.070410930289
Westminster,2019-03-01,2019,3,7392,258511.0,28.594527892430108,2859.4527892430106
Westminster,2019-04-01,2019,4,7355,258511.0,28.45140052067417,2845.140052067417
Westminster,2019-05-01,2019,5,6985,258511.0,27.02012680311476,2702.0126803114763
Westminster,2019-06-01,2019,6,7002,258511.0,27.0858880279756,2708.5888027975598
Westminster,2019-07-01,2019,7,7090,258511.0,27.426299074314052,2742.629907431405
Westminster,2019-08-01,2019,8,7154,258511.0,27.673870744378384,2767.3870744378382
Westminster,2019-09-01,2019,9,6495,258511.0,25.124656204184735,2512.4656204184735
Westminster,2019-10-01,2019,10,7380,258511.0,28.548108204293047,2854.810820429305
Westminster,2019-11-01,2019,11,7063,258511.0,27.32185477600566,2732.185477600566
Westminster,2019-12-01,2019,12,7617,258511.0,29.464897045000022,2946.489704500002
Westminster,2020-01-01,2020,1,6649,259981.0,25.574945861428336,2557.4945861428337
Westminster,2020-02-01,2020,2,6861,259981.0,26.390390066966432,2639.0390066966434
Westminster,2020-03-01,2020,3,4341,259981.0,16.69737403887207,1669.7374038872072
Westminster,2020-04-01,2020,4,1773,259981.0,6.819729134052103,681.9729134052104
Westminster,2020-05-01,2020,5,2321,259981.0,8.92757547666945,892.7575476669449
Westminster,2020-06-01,2020,6,3092,259981.0,11.89317680907451,1189.317680907451
Westminster,2020-07-01,2020,7,4259,259981.0,16.381966374465826,1638.1966374465826
Westminster,2020-08-01,2020,8,4620,259981.0,17.770529384839662,1777.052938483966
Westminster,2020-09-01,2020,9,4642,259981.0,17.855150953338896,1785.5150953338898
Westminster,2020-10-01,2020,10,4459,259981.0,17.151253360822523,1715.125336082252
Westminster,2020-11-01,2020,11,3088,259981.0,11.877791069347376,1187.7791069347377
Westminster,2020-12-01,2020,12,3608,259981.0,13.877937233874782,1387.7937233874784
Westminster,2021-01-01,2021,1,2100,262317.0,8.005581033634877,800.5581033634877
Westminster,2021-02-01,2021,2,2100,262317.0,8.005581033634877,800.5581033634877
Westminster,2021-03-01,2021,3,2640,262317.0,10.064159013712416,1006.4159013712417
Westminster,2021-04-01,2021,4,3219,262317.0,12.27141207012889,1227.141207012889
Westminster,2021-05-01,2021,5,4068,262317.0,15.507954116584132,1550.7954116584133
Westminster,2021-06-01,2021,6,4346,262317.0,16.567740558179608,1656.7740558179607
Westminster,2021-07-01,2021,7,5141,262317.0,19.598424806627097,1959.8424806627095
Westminster,2021-08-01,2021,8,4665,262317.0,17.783826439003192,1778.3826439003192
Westminster,2021-09-01,2021,9,4751,262317.0,18.111674043237763,1811.1674043237763
Westminster,2021-10-01,2021,10,6117,262317.0,23.31911389654502,2331.9113896545023
Westminster,2021-11-01,2021,11,5871,262317.0,22.381317261176363,2238.1317261176364
Westminster,2021-12-01,2021,12,6022,262317.0,22.956956659309157,2295.6956659309158
Westminster,2022-01-01,2022,1,5315,264875.0,20.066068900424728,2006.6068900424727
Westminster,2022-02-01,2022,2,5278,264875.0,19.926380368098158,1992.638036809816
Westminster,2022-03-01,2022,3,5987,264875.0,22.60311467673431,2260.311467673431
Westminster,2022-04-01,2022,4,5658,264875.0,21.361019348749412,2136.101934874941
Westminster,2022-05-01,2022,5,6170,264875.0,23.294006606890044,2329.4006606890043
Westminster,2022-06-01,2022,6,6144,264875.0,23.19584709768759,2319.584709768759
Westminster,2022-07-01,2022,7,7056,264875.0,26.63898065125059,2663.898065125059
Westminster,2022-08-01,2022,8,6252,264875.0,23.603586597451628,2360.3586597451626
Westminster,2022-09-01,2022,9,5561,264875.0,20.994808872109484,2099.480887210949
Westminster,2022-10-01,2022,10,7739,264875.0,29.217555450684287,2921.7555450684285
Westminster,2022-11-01,2022,11,8185,264875.0,30.901368570080223,3090.1368570080226
Westminster,2022-12-01,2022,12,8529,264875.0,32.20009438414346,3220.0094384143463
Westminster,2023-01-01,2023,1,7630,267274.0,28.5474831072233,2854.7483107223297
Westminster,2023-02-01,2023,2,7124,267274.0,26.654294843493943,2665.429484349394
Westminster,2023-03-01,2023,3,7151,267274.0,26.755314770609935,2675.5314770609934
